layer,probe,real,f5tts,xtts,cosyvoice3,chatterbox,indextts,dP_real,dP_f5tts,dP_xtts,dP_cosyvoice3,dP_chatterbox,dP_indextts,margin,top_class,target_aligned,margin_ci_lo,margin_ci_hi,S_cosyvoice3,S_f5tts,S_indextts,delta_target,delta_ci_lo,delta_ci_hi,S_target,S_ci_lo,S_ci_hi,dP_f5tts_lo,dP_f5tts_hi,S_f5tts_lo,S_f5tts_hi,dP_cosyvoice3_lo,dP_cosyvoice3_hi,S_cosyvoice3_lo,S_cosyvoice3_hi
0,clean_real,0.5764075067024129,0.2225201072386059,0.05630026809651475,0.002680965147453083,0.002680965147453083,0.13941018766756033,,,,,,,,,,,,,,,,,,,,,,,,,,,,
0,resynth_vocos,0.5254691689008043,0.26273458445040215,0.06166219839142091,0.0,0.0,0.15013404825737264,-0.05093833780160861,0.040214477211796246,0.005361930294906163,-0.002680965147453083,-0.002680965147453083,0.010723860589812312,0.029490616621983934,f5tts,True,1.3877787807814457e-17,0.08401084010840107,-0.04289544235924933,0.029490616621983934,-0.029490616621983934,0.040214477211796246,-0.018422267740591587,0.0957446808510638,0.029490616621983934,-0.04624719518591912,0.0872742622760739,,,,,,,,
0,resynth_bigvgan,0.5630026809651475,0.23056300268096513,0.03753351206434316,0.002680965147453083,0.002680965147453083,0.16353887399463807,-0.013404825737265424,0.008042895442359227,-0.018766756032171587,0.0,0.0,0.024128686327077736,0.01608579088471851,indextts,True,2.7408630920433572e-17,0.05964107031180202,-0.024128686327077736,-0.01608579088471851,0.01608579088471851,0.024128686327077736,-0.00810865743792573,0.059793279080355116,0.01608579088471851,-0.04266951871657756,0.05867058823529412,-0.027100271002710008,0.04032258064516128,-0.07361196566171516,0.03457909034019798,0.0,0.0,-0.06316206082488543,-0.005318445345041071
0,resynth_griffinlim,0.5361930294906166,0.2734584450402145,0.03485254691689008,0.002680965147453083,0.005361930294906166,0.14745308310991956,-0.04021447721179627,0.050938337801608585,-0.021447721179624665,0.0,0.002680965147453083,0.008042895442359227,0.04289544235924936,f5tts,True,0.002652344462689243,0.09190437720329024,-0.050938337801608585,0.04289544235924936,-0.04289544235924936,0.050938337801608585,0.0,0.09737484377169839,0.04289544235924936,-0.02407067495302788,0.09067272727272727,,,,,,,,
0,resynth_glvocos,0.5630026809651475,0.23324396782841822,0.05093833780160858,0.005361930294906166,0.0,0.14745308310991956,-0.013404825737265424,0.010723860589812312,-0.00536193029490617,0.002680965147453083,-0.002680965147453083,0.008042895442359227,0.002680965147453085,f5tts,True,0.0,0.047496544792059295,-0.008042895442359229,0.002680965147453085,-0.002680965147453085,0.010723860589812312,-0.029492598518262265,0.047622205380826094,0.002680965147453085,-0.06100795755968169,0.04266951871657752,,,,,,,,
0,resynth_encodec,0.4075067024128686,0.18498659517426275,0.1554959785522788,0.002680965147453083,0.0,0.24932975871313673,-0.1689008042895443,-0.03753351206434316,0.09919571045576406,0.0,-0.002680965147453083,0.1099195710455764,0.01072386058981234,indextts,False,0.002631406271584454,0.10554465109294892,-0.1099195710455764,-0.14745308310991956,0.01072386058981234,,,,,,,-0.10995432922366714,0.02381268996960486,-0.24941444952791703,-0.07814627133872419,-0.008065605928509153,0.008,-0.17741935483870966,-0.08487033731090861
0,resynth_dac,0.6032171581769437,0.2225201072386059,0.02680965147453083,0.002680965147453083,0.002680965147453083,0.14209115281501342,0.026809651474530738,0.0,-0.029490616621983917,0.0,0.0,0.002680965147453085,0.002680965147453085,indextts,False,0.0,0.03907277960526315,-0.002680965147453085,-0.002680965147453085,0.002680965147453085,,,,,,,-0.03208556149732622,0.031510800454755974,-0.0588274720075698,0.02652696258253852,-0.007978723404255319,0.007957559681697613,-0.04570200417355013,0.005334048257372654
0,resynth_hift3,0.00804289544235925,0.002680965147453083,0.0,0.9892761394101877,0.0,0.0,-0.5683646112600537,-0.21983914209115282,-0.05630026809651475,0.9865951742627346,-0.002680965147453083,-0.13941018766756033,0.9892761394101877,cosyvoice3,True,0.9731128158055774,1.0026386969328922,0.9892761394101877,-1.2064343163538873,-1.126005361930295,0.9865951742627346,0.9705074014817378,0.9973685937284155,0.9892761394101877,0.9727520435967303,1.0026597517730496,,,,,,,,
0,resynth_s3vc3,0.01876675603217158,0.005361930294906166,0.0,0.9731903485254692,0.0,0.002680965147453083,-0.5576407506702413,-0.21715817694369974,-0.05630026809651475,0.9705093833780161,-0.002680965147453083,-0.13672922252010725,0.9731903485254692,cosyvoice3,True,0.9479271308980213,0.9946808510638298,0.9731903485254692,-1.1876675603217157,-1.1072386058981234,0.9705093833780161,0.9457957758925415,0.9894200724909387,0.9731903485254692,0.9489178291194421,0.9946387846291331,,,,,,,,
1,clean_real,0.6407506702412868,0.058981233243967826,0.02680965147453083,0.04825737265415549,0.032171581769437,0.19302949061662197,,,,,,,,,,,,,,,,,,,,,,,,,,,,
1,resynth_vocos,0.6273458445040214,0.08847184986595175,0.032171581769437,0.06970509383378017,0.021447721179624665,0.16085790884718498,-0.013404825737265424,0.02949061662198392,0.005361930294906166,0.021447721179624672,-0.010723860589812333,-0.03217158176943699,0.008042895442359248,f5tts,True,0.0,0.04278649876372835,-0.008042895442359248,0.008042895442359248,-0.06166219839142091,0.02949061662198392,0.005276008785865258,0.06469439790194507,0.008042895442359248,-0.021450611708085533,0.0427836160055053,,,,,,,,
1,resynth_bigvgan,0.6595174262734584,0.064343163538874,0.0160857908847185,0.040214477211796246,0.03753351206434316,0.18230563002680966,0.018766756032171594,0.00536193029490617,-0.010723860589812333,-0.008042895442359248,0.005361930294906163,-0.010723860589812312,6.938893903907228e-18,f5tts,False,0.0,0.01907487232173433,-0.013404825737265418,6.938893903907228e-18,-0.01608579088471848,-0.010723860589812312,-0.0319633754432624,0.00808625336927224,-0.01608579088471848,-0.048547676132894534,0.0026955999125810497,-0.010695187165775402,0.02393937023552168,-0.016228720385870327,0.016438356164383564,-0.021390374331550797,0.0053911998251620925,-0.03937527268194378,0.002638522427440629
1,resynth_griffinlim,0.8364611260053619,0.0,0.02680965147453083,0.0160857908847185,0.0,0.12064343163538874,0.1957104557640751,-0.058981233243967826,0.0,-0.03217158176943699,-0.032171581769437,-0.07238605898123324,0.03217158176943699,xtts,False,0.0027170240893066963,0.04360270240005972,-0.03217158176943699,-0.058981233243967826,-0.07238605898123324,-0.058981233243967826,-0.10400695187165775,-0.021854953670705633,-0.058981233243967826,-0.1087824720347601,-0.02110917537746811,,,,,,,,
1,resynth_glvocos,0.8203753351206434,0.0,0.02680965147453083,0.013404825737265416,0.005361930294906166,0.13404825737265416,0.17962466487935658,-0.058981233243967826,0.0,-0.034852546916890076,-0.02680965147453083,-0.05898123324396781,0.02680965147453083,xtts,False,0.002688172043010753,0.04054328718962865,-0.034852546916890076,-0.058981233243967826,-0.05898123324396781,-0.058981233243967826,-0.10298802580417109,-0.021505376344086023,-0.058981233243967826,-0.11346558122573311,-0.023519149393961165,,,,,,,,
1,resynth_encodec,0.5871313672922251,0.064343163538874,0.10991957104557641,0.05361930294906166,0.024128686327077747,0.16085790884718498,-0.0536193029490617,0.00536193029490617,0.08310991957104558,0.00536193029490617,-0.008042895442359251,-0.03217158176943699,0.0777479892761394,xtts,False,0.005376344086021504,0.14211977585140195,-0.0777479892761394,-0.0777479892761394,-0.11528150134048257,,,,,,,-0.015958510638297868,0.02957188505347361,-0.15567710653462632,-0.01578947368421053,-0.024128686327077747,0.03421052631578947,-0.15723851900681166,-0.010664550264550274
1,resynth_dac,0.6246648793565683,0.08579088471849866,0.0,0.064343163538874,0.040214477211796246,0.18498659517426275,-0.01608579088471851,0.026809651474530835,-0.02680965147453083,0.016085790884718502,0.008042895442359248,-0.008042895442359227,0.010723860589812333,f5tts,False,0.0,0.03836411110270189,-0.010723860589812333,0.010723860589812333,-0.03485254691689006,,,,,,,0.0052770448548812715,0.05675675675675676,-0.02400160427807487,0.0382592692950368,-0.0026385224274406358,0.03532849336571497,-0.04371584699453551,0.018423489278752436
1,resynth_hift3,0.5522788203753352,0.06702412868632708,0.002680965147453083,0.13136729222520108,0.05093833780160858,0.19571045576407506,-0.08847184986595169,0.008042895442359255,-0.02412868632707775,0.08310991957104558,0.01876675603217158,0.002680965147453085,0.064343163538874,cosyvoice3,True,0.02144628750842282,0.09476842105263156,0.064343163538874,-0.07506702412868632,-0.08042895442359249,0.08310991957104558,0.05463370207472566,0.11174676666411572,0.064343163538874,0.018566411238825034,0.09840990236082774,,,,,,,,
1,resynth_s3vc3,0.16085790884718498,0.058981233243967826,0.005361930294906166,0.4959785522788204,0.20107238605898123,0.0777479892761394,-0.47989276139410186,0.0,-0.021447721179624665,0.4477211796246649,0.16890080428954424,-0.11528150134048257,0.27882037533512066,cosyvoice3,True,0.15992821972451332,0.39412502036644786,0.27882037533512066,-0.4477211796246649,-0.5630026809651475,0.4477211796246649,0.3653280653950954,0.5342547726610317,0.27882037533512066,0.1618116780131726,0.3873669183120403,,,,,,,,
2,clean_real,0.6702412868632708,0.08310991957104558,0.029490616621983913,0.03485254691689008,0.064343163538874,0.11796246648793565,,,,,,,,,,,,,,,,,,,,,,,,,,,,
2,resynth_vocos,0.6863270777479893,0.13672922252010725,0.032171581769437,0.03753351206434316,0.03485254691689008,0.07238605898123325,0.01608579088471851,0.05361930294906167,0.002680965147453085,0.002680965147453078,-0.029490616621983913,-0.0455764075067024,0.050938337801608585,f5tts,True,0.005523726632861568,0.07671957671957672,-0.05093833780160859,0.050938337801608585,-0.09919571045576407,0.05361930294906167,0.0293313829787234,0.08244680851063829,0.050938337801608585,0.008063975611865426,0.07693850267379679,,,,,,,,
2,resynth_bigvgan,0.6836461126005362,0.09919571045576407,0.029490616621983913,0.045576407506702415,0.05361930294906166,0.08847184986595175,0.013404825737265424,0.016085790884718495,0.0,0.010723860589812333,-0.010723860589812333,-0.029490616621983906,0.005361930294906163,f5tts,False,3.3827107781547788e-18,0.0325292348813899,-0.005361930294906163,0.005361930294906163,-0.0455764075067024,-0.029490616621983906,-0.05407256571640134,-0.00806397561186544,-0.0455764075067024,-0.07896836506159013,-0.023684210526315794,0.002545691906005225,0.03317346036165365,-0.026532310252380516,0.029179658840792377,-0.01052701013748091,0.0398936170212766,-0.033817534838661595,0.026957830225202515
2,resynth_griffinlim,0.8445040214477212,0.0,0.03485254691689008,0.005361930294906166,0.0,0.11528150134048257,0.1742627345844504,-0.08310991957104558,0.00536193029490617,-0.029490616621983917,-0.064343163538874,-0.002680965147453085,0.008042895442359255,xtts,False,6.049848122469116e-18,0.05026455026455026,-0.03485254691689009,-0.08847184986595175,-0.008042895442359255,-0.08310991957104558,-0.1405509631972398,-0.03752850759606792,-0.08847184986595175,-0.18532874770164598,-0.037935266145114284,,,,,,,,
2,resynth_glvocos,0.8739946380697051,0.0,0.029490616621983913,0.0,0.0,0.09651474530831099,0.20375335120643434,-0.08310991957104558,0.0,-0.03485254691689008,-0.064343163538874,-0.021447721179624665,0.021447721179624665,xtts,False,0.0,0.04570510026155187,-0.03485254691689008,-0.08310991957104558,-0.021447721179624665,-0.08310991957104558,-0.1428946381702287,-0.03560917957117332,-0.08310991957104558,-0.15084894613583136,-0.03305558078285351,,,,,,,,
2,resynth_encodec,0.7533512064343163,0.03753351206434316,0.13672922252010725,0.021447721179624665,0.0,0.05093833780160858,0.08310991957104552,-0.045576407506702415,0.10723860589812334,-0.013404825737265418,-0.064343163538874,-0.06702412868632707,0.12064343163538876,xtts,False,0.03855439274164571,0.20171886936592817,-0.12064343163538876,-0.15281501340482576,-0.1742627345844504,,,,,,,-0.08488628026412326,-0.008239518633540374,-0.24732903225806452,-0.07486131907308378,-0.04697776900815574,0.02688718419442258,-0.20321075982840686,-0.04812513368983958
2,resynth_dac,0.7211796246648794,0.09919571045576407,0.002680965147453083,0.06166219839142091,0.04825737265415549,0.06702412868632708,0.05093833780160861,0.016085790884718495,-0.026809651474530828,0.026809651474530828,-0.016085790884718502,-0.05093833780160857,0.010723860589812333,cosyvoice3,False,6.938893903907228e-18,0.03794295687522093,0.010723860589812333,-0.010723860589812333,-0.0777479892761394,,,,,,,-0.0026666666666666783,0.03867403314917127,-0.038358798735511054,0.018970189701897018,0.008128985602524485,0.048131568006193455,-0.0217391304347826,0.037333333333333336
2,resynth_hift3,0.6300268096514745,0.128686327077748,0.002680965147453083,0.0938337801608579,0.07238605898123325,0.07238605898123325,-0.04021447721179627,0.045576407506702415,-0.026809651474530828,0.05898123324396782,0.008042895442359255,-0.0455764075067024,0.013404825737265404,cosyvoice3,True,6.938893903907228e-18,0.06349206349206349,0.013404825737265404,-0.013404825737265404,-0.10455764075067023,0.05898123324396782,0.02799027219583486,0.09358916001204283,0.013404825737265404,-0.029104398851739276,0.056157279627393475,,,,,,,,
2,resynth_s3vc3,0.09115281501340483,0.058981233243967826,0.002680965147453083,0.5576407506702413,0.27882037533512066,0.010723860589812333,-0.5790884718498659,-0.02412868632707775,-0.026809651474530828,0.5227882037533512,0.21447721179624668,-0.10723860589812331,0.30831099195710454,cosyvoice3,True,0.17366642958748227,0.43092358165429473,0.30831099195710454,-0.546916890080429,-0.6300268096514745,0.5227882037533512,0.4324306401892609,0.6117060704249585,0.30831099195710454,0.176,0.4324504986269691,,,,,,,,
3,clean_real,0.6568364611260054,0.04825737265415549,0.032171581769437,0.08847184986595175,0.08310991957104558,0.09115281501340483,,,,,,,,,,,,,,,,,,,,,,,,,,,,
3,resynth_vocos,0.5415549597855228,0.24128686327077747,0.04825737265415549,0.06702412868632708,0.040214477211796246,0.06166219839142091,-0.11528150134048254,0.19302949061662197,0.016085790884718495,-0.021447721179624665,-0.04289544235924933,-0.02949061662198392,0.1769436997319035,f5tts,True,0.0975609756097561,0.2533342318059299,-0.21447721179624663,0.1769436997319035,-0.22252010723860588,0.19302949061662197,0.12225788849173796,0.2751322751322751,0.1769436997319035,0.09889523809523808,0.25721784776902884,,,,,,,,
3,resynth_bigvgan,0.6621983914209115,0.06702412868632708,0.032171581769437,0.0777479892761394,0.10187667560321716,0.058981233243967826,0.00536193029490617,0.018766756032171587,0.0,-0.01072386058981234,0.01876675603217158,-0.032171581769437005,6.938893903907228e-18,f5tts,False,0.0,0.03504279886355358,-0.029490616621983927,6.938893903907228e-18,-0.05093833780160859,-0.032171581769437005,-0.05946753819036428,-0.008332756232686986,-0.05093833780160859,-0.09042553191489361,-0.029569892473118288,0.0026879918706218153,0.040325297800191284,-0.03234719895097255,0.03184310809554791,-0.03166226912928759,0.010724581279368098,-0.07008559772710717,-0.0027463221060782016
3,resynth_griffinlim,0.6273458445040214,0.0160857908847185,0.21715817694369974,0.002680965147453083,0.0,0.13672922252010725,-0.029490616621983934,-0.03217158176943699,0.18498659517426275,-0.08579088471849866,-0.08310991957104558,0.045576407506702415,0.13941018766756033,xtts,False,0.052327443868982915,0.22733957219251333,-0.2707774798927614,-0.21715817694369974,-0.13941018766756033,-0.03217158176943699,-0.07856536147933608,0.005305039787798407,-0.21715817694369974,-0.30603261340966254,-0.1352658239613347,,,,,,,,
3,resynth_glvocos,0.7426273458445041,0.024128686327077747,0.09651474530831099,0.0,0.0,0.13672922252010725,0.08579088471849872,-0.024128686327077747,0.06434316353887398,-0.08847184986595175,-0.08310991957104558,0.045576407506702415,0.018766756032171567,xtts,False,1.3877787807814457e-17,0.07593266456858112,-0.15281501340482573,-0.08847184986595173,-0.018766756032171567,-0.024128686327077747,-0.05820879770347855,0.008043435959526076,-0.08847184986595173,-0.15241097058094974,-0.04773227969348659,,,,,,,,
3,resynth_encodec,0.45308310991957107,0.08579088471849866,0.43699731903485256,0.0160857908847185,0.0,0.00804289544235925,-0.20375335120643429,0.03753351206434317,0.40482573726541554,-0.07238605898123325,-0.08310991957104558,-0.08310991957104558,0.36729222520107235,xtts,False,0.2369891008174387,0.5079430132708821,-0.4772117962466488,-0.36729222520107235,-0.4879356568364611,,,,,,,-0.01842226774059158,0.09069110512129379,-0.50135889292196,-0.2366064922763044,-0.1138270686420392,-0.02694877264799574,-0.6005694691407595,-0.3580924726379272
3,resynth_dac,0.707774798927614,0.05093833780160858,0.013404825737265416,0.08579088471849866,0.08310991957104558,0.058981233243967826,0.05093833780160861,0.002680965147453085,-0.01876675603217158,-0.002680965147453085,0.0,-0.032171581769437005,0.002680965147453085,f5tts,False,0.0,0.02702702702702703,-0.00536193029490617,0.002680965147453085,-0.03485254691689009,,,,,,,-0.010928961748633878,0.018817204301075266,-0.02733572309237865,0.01823275508530184,-0.02625018178796252,0.019077499476000837,-0.04255319148936171,0.01662165281625116
3,resynth_hift3,0.5549597855227882,0.10723860589812333,0.01876675603217158,0.14209115281501342,0.13941018766756033,0.03753351206434316,-0.10187667560321712,0.05898123324396783,-0.013404825737265418,0.05361930294906167,0.056300268096514755,-0.05361930294906167,0.002680965147453078,f5tts,False,1.3704315460216786e-17,0.05770888594164455,-0.005361930294906163,0.002680965147453078,-0.11260053619302951,0.05361930294906167,0.021108179419525072,0.08556334387094869,-0.005361930294906163,-0.06417112299465241,0.03208771200412896,,,,,,,,
3,resynth_s3vc3,0.05361930294906166,0.04289544235924933,0.005361930294906166,0.6085790884718498,0.28418230563002683,0.005361930294906166,-0.6032171581769437,-0.005361930294906163,-0.02680965147453083,0.520107238605898,0.20107238605898126,-0.08579088471849866,0.31903485254691677,cosyvoice3,True,0.17938882417335653,0.4607099029211316,0.31903485254691677,-0.5254691689008042,-0.6058981233243967,0.520107238605898,0.42545745114443234,0.6081081081081081,0.31903485254691677,0.17629271833817295,0.4611569950128282,,,,,,,,
4,clean_real,0.5201072386058981,0.04289544235924933,0.03485254691689008,0.10723860589812333,0.16085790884718498,0.13404825737265416,,,,,,,,,,,,,,,,,,,,,,,,,,,,
4,resynth_vocos,0.42091152815013405,0.18498659517426275,0.0938337801608579,0.10187667560321716,0.08310991957104558,0.11528150134048257,-0.09919571045576409,0.14209115281501342,0.05898123324396782,-0.00536193029490617,-0.0777479892761394,-0.018766756032171594,0.0831099195710456,f5tts,True,0.011106557377049183,0.15903268819664396,-0.14745308310991959,0.0831099195710456,-0.160857908847185,0.14209115281501342,0.08083036027082871,0.20747454204118781,0.0831099195710456,-3.469446951953417e-19,0.16486558366877516,,,,,,,,
4,resynth_bigvgan,0.5120643431635389,0.05361930294906166,0.040214477211796246,0.10187667560321716,0.14745308310991956,0.1447721179624665,-0.008042895442359255,0.010723860589812333,0.005361930294906163,-0.00536193029490617,-0.013404825737265424,0.01072386058981234,6.938893903907228e-18,indextts,True,0.0,0.023872679045092826,-0.01608579088471851,-6.938893903907228e-18,6.938893903907228e-18,0.01072386058981234,-0.008021390374331555,0.03008048076106342,6.938893903907228e-18,-0.026954177897574108,0.021623086501135282,0.0,0.024128686327077736,-0.021993543179983834,0.013441765933397104,-0.03243462975170292,0.02203856749311295,-0.05277044854881266,0.008021928001032247
4,resynth_griffinlim,0.5764075067024129,0.064343163538874,0.1876675603217158,0.002680965147453083,0.00804289544235925,0.16085790884718498,0.05630026809651478,0.021447721179624665,0.15281501340482573,-0.10455764075067024,-0.15281501340482573,0.02680965147453082,0.1260053619302949,xtts,False,0.05190201697098938,0.1925239043245757,-0.257372654155496,-0.13136729222520105,-0.1260053619302949,0.021447721179624665,-0.005420054200542007,0.050805544006537535,-0.13136729222520105,-0.19999999999999998,-0.06503188482019592,,,,,,,,
4,resynth_glvocos,0.646112600536193,0.04289544235924933,0.12064343163538874,0.005361930294906166,0.002680965147453083,0.18230563002680966,0.12600536193029488,0.0,0.08579088471849866,-0.10187667560321716,-0.1581769436997319,0.0482573726541555,0.03753351206434316,xtts,False,0.0026666666666666713,0.11111847922192748,-0.18766756032171583,-0.08579088471849866,-0.03753351206434316,0.0,-0.03743566400481714,0.04222477965530791,-0.08579088471849866,-0.15907052885441011,-0.032511606617406666,,,,,,,,
4,resynth_encodec,0.39946380697050937,0.0938337801608579,0.4691689008042895,0.01876675603217158,0.0,0.01876675603217158,-0.12064343163538876,0.05093833780160857,0.4343163538873994,-0.08847184986595175,-0.16085790884718498,-0.11528150134048258,0.38337801608579086,xtts,False,0.21678751922654366,0.5335120643431636,-0.5227882037533511,-0.38337801608579086,-0.549597855227882,,,,,,,-0.013514429063209552,0.12398921832884097,-0.5306707774798927,-0.22042207223001403,-0.14013107902735564,-0.04277789661319074,-0.6578700755163315,-0.3908240483157242
4,resynth_dac,0.5924932975871313,0.04289544235924933,0.02680965147453083,0.10723860589812333,0.13672922252010725,0.0938337801608579,0.07238605898123318,0.0,-0.008042895442359251,0.0,-0.024128686327077736,-0.04021447721179626,0.0,f5tts,False,0.0,0.03485488915794632,0.0,0.0,-0.04021447721179626,,,,,,,-0.018617021276595744,0.019023034889231134,-0.04000267379679144,0.024065784003096728,-0.029573888404533566,0.028813181645916064,-0.040214477211796246,0.034852546916890076
4,resynth_hift3,0.46112600536193027,0.08579088471849866,0.05630026809651475,0.13672922252010725,0.1903485254691689,0.06970509383378017,-0.05898123324396787,0.04289544235924933,0.021447721179624665,0.02949061662198392,0.029490616621983906,-0.064343163538874,0.01340482573726541,f5tts,False,0.0,0.05616108364443547,-0.01340482573726541,0.01340482573726541,-0.10723860589812333,0.02949061662198392,-0.01316051235515844,0.07027981786133959,-0.01340482573726541,-0.07916090798676549,0.02941971383147855,,,,,,,,
4,resynth_s3vc3,0.03753351206434316,0.032171581769437,0.00804289544235925,0.5603217158176944,0.34584450402144773,0.0160857908847185,-0.48257372654155495,-0.010723860589812333,-0.026809651474530835,0.45308310991957107,0.18498659517426275,-0.11796246648793567,0.2680965147453083,cosyvoice3,True,0.12169312169312174,0.41098303448787915,0.2680965147453083,-0.4638069705093834,-0.5710455764075067,0.45308310991957107,0.3665635925557851,0.5442724999279309,0.2680965147453083,0.12732050685629473,0.4142087356355882,,,,,,,,
5,clean_real,0.4718498659517426,0.021447721179624665,0.02680965147453083,0.14745308310991956,0.21715817694369974,0.11528150134048257,,,,,,,,,,,,,,,,,,,,,,,,,,,,
5,resynth_vocos,0.4075067024128686,0.128686327077748,0.06970509383378017,0.15013404825737264,0.14745308310991956,0.09651474530831099,-0.06434316353887398,0.10723860589812333,0.04289544235924933,0.002680965147453085,-0.06970509383378018,-0.01876675603217158,0.064343163538874,f5tts,True,0.0053191489361702204,0.14215263157894734,-0.10455764075067024,0.064343163538874,-0.1260053619302949,0.10723860589812333,0.0509349328325042,0.17298198198198197,0.064343163538874,-0.010612207265351272,0.13551056026864616,,,,,,,,
5,resynth_bigvgan,0.47989276139410186,0.02680965147453083,0.029490616621983913,0.14745308310991956,0.20107238605898123,0.11528150134048257,0.008042895442359255,0.005361930294906166,0.0026809651474530814,0.0,-0.01608579088471851,0.0,0.002680965147453085,f5tts,False,0.0,0.018716577540106943,-0.005361930294906166,0.002680965147453085,-0.005361930294906166,0.0,-0.019700448843707273,0.01846965699208443,-0.005361930294906166,-0.03306013424044564,0.010638297872340413,-0.005449591280653952,0.018970189701897018,-0.01947916666666668,0.013662137884572201,-0.01617250673854445,0.018766756032171567,-0.031917021276595764,0.013263481291269268
5,resynth_griffinlim,0.6327077747989276,0.0777479892761394,0.07238605898123325,0.00804289544235925,0.00804289544235925,0.20107238605898123,0.16085790884718498,0.05630026809651474,0.045576407506702415,-0.1394101876675603,-0.20911528150134048,0.08579088471849866,0.02949061662198392,indextts,False,1.3877787807814457e-17,0.08245783081124129,-0.22520107238605896,-0.02949061662198392,0.02949061662198392,0.05630026809651474,0.018665425531914897,0.10373727102059391,-0.02949061662198392,-0.09485434498144453,0.03714022988505745,,,,,,,,
5,resynth_glvocos,0.6970509383378016,0.03485254691689008,0.05093833780160858,0.0,0.01876675603217158,0.19839142091152814,0.22520107238605902,0.013404825737265418,0.024128686327077747,-0.14745308310991956,-0.19839142091152817,0.08310991957104558,0.058981233243967826,indextts,False,0.008217502977963054,0.10869709376081191,-0.23056300268096513,-0.06970509383378015,0.058981233243967826,0.013404825737265418,-0.005769317753486616,0.03714022988505747,-0.06970509383378015,-0.12140439753737906,-0.018617021276595754,,,,,,,,
5,resynth_encodec,0.6112600536193029,0.058981233243967826,0.2225201072386059,0.05093833780160858,0.010723860589812333,0.045576407506702415,0.1394101876675603,0.03753351206434316,0.1957104557640751,-0.09651474530831097,-0.2064343163538874,-0.06970509383378015,0.15817694369973193,xtts,False,0.05448122388125473,0.26230269165543335,-0.29222520107238603,-0.15817694369973193,-0.26541554959785524,,,,,,,0.0027466913195796,0.07526881720430108,-0.26849903806513675,-0.05896946837031549,-0.15847325048475233,-0.04017864436737395,-0.413985232785769,-0.17661955691367456
5,resynth_dac,0.5308310991957105,0.024128686327077747,0.0160857908847185,0.15013404825737264,0.2064343163538874,0.07238605898123325,0.05898123324396787,0.0026809651474530814,-0.010723860589812333,0.002680965147453085,-0.01072386058981234,-0.04289544235924932,3.469446951953614e-18,cosyvoice3,False,0.0,0.03505239862725171,3.469446951953614e-18,-3.469446951953614e-18,-0.0455764075067024,,,,,,,-0.0053767063733588406,0.013194361820510484,-0.036846978557504885,0.01897407703585232,-0.02688172043010753,0.03217591756212829,-0.03753603447778834,0.034852546916890076
5,resynth_hift3,0.42091152815013405,0.045576407506702415,0.040214477211796246,0.20107238605898123,0.22788203753351208,0.064343163538874,-0.05093833780160856,0.02412868632707775,0.013404825737265414,0.05361930294906167,0.01072386058981234,-0.05093833780160857,0.02949061662198392,cosyvoice3,True,1.3877787807814457e-17,0.07755578217564897,0.02949061662198392,-0.02949061662198392,-0.10455764075067024,0.05361930294906167,0.005404318527642925,0.10810989089353205,0.02949061662198392,-0.03253149289734657,0.07958345207561507,,,,,,,,
5,resynth_s3vc3,0.05361930294906166,0.03485254691689008,0.002680965147453083,0.6085790884718498,0.28418230563002683,0.0160857908847185,-0.41823056300268097,0.013404825737265418,-0.02412868632707775,0.46112600536193027,0.0670241286863271,-0.09919571045576407,0.39410187667560315,cosyvoice3,True,0.24926449374793305,0.5121343647306429,0.39410187667560315,-0.44772117962466484,-0.5603217158176943,0.46112600536193027,0.3790159110723627,0.5425943340778182,0.39410187667560315,0.26202398314697783,0.5166103594986303,,,,,,,,
6,clean_real,0.4959785522788204,0.0160857908847185,0.032171581769437,0.13136729222520108,0.20911528150134048,0.11528150134048257,,,,,,,,,,,,,,,,,,,,,,,,,,,,
6,resynth_vocos,0.4343163538873995,0.11528150134048257,0.07238605898123325,0.1554959785522788,0.1447721179624665,0.0777479892761394,-0.0616621983914209,0.09919571045576407,0.04021447721179625,0.024128686327077736,-0.06434316353887398,-0.03753351206434316,0.05898123324396782,f5tts,True,0.0026666666666666644,0.13904833943146636,-0.07506702412868634,0.05898123324396782,-0.13672922252010722,0.09919571045576407,0.04096979806460165,0.16671122994652404,0.05898123324396782,-0.016051547295520302,0.13283006215940055,,,,,,,,
6,resynth_bigvgan,0.4745308310991957,0.021447721179624665,0.03753351206434316,0.1447721179624665,0.20911528150134048,0.1126005361930295,-0.02144772117962468,0.005361930294906166,0.005361930294906163,0.013404825737265424,0.0,-0.002680965147453071,0.008042895442359258,cosyvoice3,False,0.0,0.03476168800447305,0.008042895442359258,-0.008042895442359258,-0.016085790884718495,-0.002680965147453071,-0.026251926842478023,0.021681689642983393,-0.016085790884718495,-0.05121639833903987,0.008277550872881005,-0.005305039787798407,0.016348773841961855,-0.04001351351351351,0.008021928001032238,-0.013157894736842118,0.04339062889236133,-0.026599300261690734,0.03675025450314754
6,resynth_griffinlim,0.6568364611260054,0.05093833780160858,0.06970509383378017,0.0160857908847185,0.002680965147453083,0.2037533512064343,0.16085790884718498,0.034852546916890076,0.03753351206434317,-0.11528150134048258,-0.2064343163538874,0.08847184986595175,0.05093833780160858,indextts,False,0.002695056473699796,0.10528409884126759,-0.20375335120643434,-0.05361930294906167,0.05093833780160858,0.034852546916890076,0.0,0.0804452575900297,-0.05361930294906167,-0.12466142632248602,0.01886919938806732,,,,,,,,
6,resynth_glvocos,0.7372654155495979,0.01876675603217158,0.064343163538874,0.005361930294906166,0.010723860589812333,0.16353887399463807,0.24128686327077753,0.0026809651474530814,0.032171581769437,-0.1260053619302949,-0.19839142091152814,0.0482573726541555,0.016085790884718502,indextts,False,1.3877787807814457e-17,0.06754252540937322,-0.1742627345844504,-0.045576407506702415,0.016085790884718502,0.0026809651474530814,-0.01600106951871658,0.021798365122615803,-0.045576407506702415,-0.09434333679988113,-0.01587092731829574,,,,,,,,
6,resynth_encodec,0.5442359249329759,0.040214477211796246,0.3297587131367292,0.040214477211796246,0.002680965147453083,0.04289544235924933,0.04825737265415553,0.024128686327077747,0.2975871313672922,-0.09115281501340483,-0.2064343163538874,-0.07238605898123324,0.27345844504021444,xtts,False,0.1513490801726096,0.38584167677473735,-0.38873994638069703,-0.27345844504021444,-0.36997319034852544,,,,,,,-0.016173599475486265,0.08424486879516645,-0.38608920431514493,-0.15236609795433328,-0.14521415648192593,-0.03763188618870535,-0.5200053908355795,-0.25932594445402796
6,resynth_dac,0.5361930294906166,0.01876675603217158,0.024128686327077747,0.16353887399463807,0.1876675603217158,0.06970509383378017,0.04021447721179627,0.0026809651474530814,-0.008042895442359251,0.03217158176943699,-0.02144772117962468,-0.0455764075067024,0.02949061662198391,cosyvoice3,False,0.002666666666666662,0.061522393048128315,0.02949061662198391,-0.02949061662198391,-0.07774798927613939,,,,,,,-0.005347593582887701,0.01337078086366511,-0.06149732620320855,0.0,0.0027244264268255886,0.0640216216216216,-1.0495077029659678e-17,0.05805870161177708
6,resynth_hift3,0.4450402144772118,0.05093833780160858,0.045576407506702415,0.16353887399463807,0.23324396782841822,0.06166219839142091,-0.05093833780160856,0.034852546916890076,0.013404825737265418,0.03217158176943699,0.024128686327077736,-0.053619302949061656,0.002680965147453085,f5tts,False,0.0,0.05835931768158471,-0.002680965147453085,0.002680965147453085,-0.08847184986595173,0.03217158176943699,-0.010698077756901275,0.0783836885666154,-0.002680965147453085,-0.07242337320591087,0.04558875883665002,,,,,,,,
6,resynth_s3vc3,0.06702412868632708,0.0160857908847185,0.013404825737265416,0.5630026809651475,0.3163538873994638,0.024128686327077747,-0.4289544235924933,0.0,-0.01876675603217158,0.43163538873994645,0.10723860589812331,-0.09115281501340482,0.32439678284182316,cosyvoice3,True,0.18546633941093973,0.45135789014821265,0.32439678284182316,-0.43163538873994645,-0.5227882037533512,0.43163538873994645,0.3588062459216388,0.5123677701674276,0.32439678284182316,0.19998652291105118,0.44475230083405226,,,,,,,,
7,clean_real,0.4101876675603217,0.03753351206434316,0.045576407506702415,0.13404825737265416,0.2064343163538874,0.16621983914209115,,,,,,,,,,,,,,,,,,,,,,,,,,,,
7,resynth_vocos,0.40482573726541554,0.15013404825737264,0.08847184986595175,0.1447721179624665,0.10723860589812333,0.10455764075067024,-0.00536193029490617,0.11260053619302948,0.04289544235924933,0.01072386058981234,-0.09919571045576407,-0.06166219839142091,0.06970509383378015,f5tts,True,0.010495155499805354,0.13757051029778303,-0.10187667560321714,0.06970509383378015,-0.1742627345844504,0.11260053619302948,0.05961656778729949,0.1684819997446772,0.06970509383378015,0.0027161231884057957,0.13564069222608593,,,,,,,,
7,resynth_bigvgan,0.4316353887399464,0.05630026809651475,0.05093833780160858,0.1260053619302949,0.19302949061662197,0.14209115281501342,0.02144772117962468,0.018766756032171587,0.005361930294906163,-0.008042895442359255,-0.013404825737265424,-0.024128686327077736,0.013404825737265424,f5tts,False,0.0,0.046093633912840416,-0.026809651474530842,0.013404825737265424,-0.042895442359249324,-0.024128686327077736,-0.05377436838884519,0.002732240437158473,-0.042895442359249324,-0.08510638297872339,-0.013156172499311126,-0.00808625336927224,0.04852079842645881,-0.02222222222222222,0.045828311382844274,-0.03693931398416886,0.018522222222222218,-0.07568080275397349,0.008131747301079557
7,resynth_griffinlim,0.6380697050938338,0.06702412868632708,0.07238605898123325,0.010723860589812333,0.005361930294906166,0.2064343163538874,0.22788203753351205,0.02949061662198392,0.026809651474530835,-0.12332439678284182,-0.20107238605898123,0.040214477211796246,0.010723860589812326,indextts,False,1.3877787807814457e-17,0.08649823736780259,-0.16353887399463807,-0.010723860589812326,0.010723860589812326,0.02949061662198392,-0.013264367816091955,0.0819792029996512,-0.010723860589812326,-0.10668096514745308,0.05080213903743316,,,,,,,,
7,resynth_glvocos,0.6621983914209115,0.02680965147453083,0.08042895442359249,0.013404825737265416,0.005361930294906166,0.21179624664879357,0.2520107238605898,-0.01072386058981233,0.034852546916890076,-0.12064343163538875,-0.20107238605898123,0.045576407506702415,0.01072386058981234,indextts,False,2.7755575615628914e-17,0.09043156028368796,-0.16621983914209115,-0.05630026809651474,0.01072386058981234,-0.01072386058981233,-0.03694175706049057,0.01084084482149169,-0.05630026809651474,-0.130715649867374,-0.021179851250845202,,,,,,,,
7,resynth_encodec,0.5415549597855228,0.06702412868632708,0.32439678284182305,0.03485254691689008,0.002680965147453083,0.029490616621983913,0.1313672922252011,0.02949061662198392,0.2788203753351206,-0.09919571045576409,-0.2037533512064343,-0.13672922252010725,0.24932975871313667,xtts,False,0.1431225519414169,0.3636483569201247,-0.3780160857908847,-0.24932975871313667,-0.4155495978552278,,,,,,,-0.010668096514745306,0.07838742285592679,-0.36170783184073924,-0.13526066781912477,-0.14589829420396186,-0.05704987727910239,-0.49077981225020917,-0.266481721848668
7,resynth_dac,0.44235924932975873,0.03753351206434316,0.03485254691689008,0.1447721179624665,0.2064343163538874,0.13404825737265416,0.03217158176943702,0.0,-0.010723860589812333,0.01072386058981234,0.0,-0.03217158176943699,0.01072386058981234,cosyvoice3,False,0.0,0.03523035230352303,0.01072386058981234,-0.01072386058981234,-0.04289544235924933,,,,,,,-0.013589748362120315,0.016174698135121516,-0.04021717979763037,0.008066155258326779,-0.013514429063209552,0.0345767730496454,-0.02710027100271005,0.03287671232876711
7,resynth_hift3,0.4128686327077748,0.08579088471849866,0.06166219839142091,0.15013404825737264,0.1903485254691689,0.09919571045576407,0.002680965147453085,0.0482573726541555,0.016085790884718495,0.01608579088471848,-0.01608579088471851,-0.06702412868632708,0.032171581769437005,f5tts,False,6.938893903907228e-18,0.06399999999999999,-0.03217158176943702,0.032171581769437005,-0.11528150134048258,0.01608579088471848,-0.02196667998982597,0.05964723169659137,-0.03217158176943702,-0.0806670757363254,0.018818472306755922,,,,,,,,
7,resynth_s3vc3,0.05093833780160858,0.032171581769437,0.024128686327077747,0.4772117962466488,0.3699731903485255,0.045576407506702415,-0.35924932975871315,-0.005361930294906163,-0.02144772117962467,0.34316353887399464,0.1635388739946381,-0.12064343163538874,0.17962466487935655,cosyvoice3,True,0.04504659832246038,0.3175595238095237,0.17962466487935655,-0.3485254691689008,-0.46380697050938335,0.34316353887399464,0.2579787234042553,0.43309065533474983,0.17962466487935655,0.038562209894712984,0.32266666666666666,,,,,,,,
8,clean_real,0.3672922252010724,0.029490616621983913,0.032171581769437,0.21447721179624665,0.2386058981233244,0.11796246648793565,,,,,,,,,,,,,,,,,,,,,,,,,,,,
8,resynth_vocos,0.3646112600536193,0.0777479892761394,0.058981233243967826,0.21715817694369974,0.19839142091152814,0.08310991957104558,-0.002680965147453085,0.04825737265415549,0.026809651474530828,0.002680965147453085,-0.040214477211796246,-0.034852546916890076,0.021447721179624665,f5tts,True,6.938893903907228e-18,0.07417819249715801,-0.04557640750670241,0.021447721179624665,-0.08310991957104558,0.04825737265415549,0.010580618212197159,0.10029082338695725,0.021447721179624665,-0.03564225776375241,0.07238605898123324,,,,,,,,
8,resynth_bigvgan,0.3806970509383378,0.03485254691689008,0.040214477211796246,0.21715817694369974,0.21715817694369974,0.10991957104557641,0.013404825737265369,0.00536193029490617,0.008042895442359248,0.002680965147453085,-0.02144772117962465,-0.00804289544235924,0.002680965147453078,xtts,False,0.0,0.03252032520325203,-0.005361930294906163,-0.002680965147453078,-0.01608579088471849,-0.00804289544235924,-0.026955999125810457,0.007979255319148946,-0.01608579088471849,-0.05851846057571961,0.0,0.0,0.01355105602686462,-0.03574006374203226,0.0078344441390683,-0.03167071240105539,0.03989627659574469,-0.04032258064516126,0.035328493365714954
8,resynth_griffinlim,0.6300268096514745,0.064343163538874,0.045576407506702415,0.032171581769437,0.05361930294906166,0.1742627345844504,0.2627345844504021,0.03485254691689008,0.013404825737265418,-0.18230563002680966,-0.18498659517426272,0.056300268096514755,0.021447721179624672,indextts,False,2.7582103268031243e-17,0.09376845472440945,-0.23860589812332442,-0.021447721179624672,0.021447721179624672,0.03485254691689008,-0.0026116549666912368,0.08425063851271086,-0.021447721179624672,-0.09841081560283689,0.046324689924211966,,,,,,,,
8,resynth_glvocos,0.6380697050938338,0.04289544235924933,0.05093833780160858,0.021447721179624665,0.06166219839142091,0.18498659517426275,0.27077747989276135,0.013404825737265418,0.01876675603217158,-0.193029490616622,-0.1769436997319035,0.0670241286863271,0.048257372654155514,indextts,False,0.0026809651474531053,0.10055032727165028,-0.2600536193029491,-0.05361930294906168,0.048257372654155514,0.013404825737265418,-0.00828786672992455,0.04266666666666666,-0.05361930294906168,-0.1117095744680851,7.02563007770599e-18,,,,,,,,
8,resynth_encodec,0.6327077747989276,0.040214477211796246,0.17962466487935658,0.10187667560321716,0.032171581769437,0.013404825737265416,0.2654155495978552,0.010723860589812333,0.14745308310991959,-0.1126005361930295,-0.2064343163538874,-0.10455764075067024,0.13672922252010725,xtts,False,0.06098139622286949,0.21892087998288523,-0.26005361930294907,-0.13672922252010725,-0.2520107238605898,,,,,,,-0.008065059560038257,0.03208987407279627,-0.2202254641909814,-0.06148343875449953,-0.18182435770750988,-0.03484789991063449,-0.38114400114400115,-0.14665155403067703
8,resynth_dac,0.3941018766756032,0.029490616621983913,0.010723860589812333,0.2225201072386059,0.24664879356568364,0.09651474530831099,0.026809651474530793,0.0,-0.021447721179624665,0.008042895442359255,0.008042895442359255,-0.021447721179624665,0.0,cosyvoice3,False,3.4260788650541965e-18,0.04582210242587599,0.0,-0.008042895442359255,-0.02949061662198392,,,,,,,-0.013263481291269263,0.016439485172361885,-0.050003298153034295,0.005391199825162083,-0.02406578400309674,0.04313252836032403,-0.05363383392547066,0.04210804054992367
8,resynth_hift3,0.3780160857908847,0.040214477211796246,0.021447721179624665,0.24128686327077747,0.24932975871313673,0.06970509383378017,0.010723860589812284,0.010723860589812333,-0.010723860589812333,0.02680965147453082,0.01072386058981234,-0.048257372654155486,0.01608579088471848,cosyvoice3,True,3.469446951953614e-18,0.05883143580012648,0.01608579088471848,-0.01608579088471849,-0.07506702412868631,0.02680965147453082,-0.015748031496062992,0.07239204996480296,0.01608579088471848,-0.050802139037433164,0.0585224031715247,,,,,,,,
8,resynth_s3vc3,0.06702412868632708,0.045576407506702415,0.010723860589812333,0.517426273458445,0.3297587131367292,0.029490616621983913,-0.30026809651474534,0.016085790884718502,-0.021447721179624665,0.30294906166219837,0.09115281501340483,-0.08847184986595175,0.21179624664879354,cosyvoice3,True,0.047320574162679464,0.35991489571035024,0.21179624664879354,-0.28686327077747986,-0.3914209115281501,0.30294906166219837,0.18816350913125107,0.40326912823247135,0.21179624664879354,0.06066237192886274,0.36642759024478117,,,,,,,,
9,clean_real,0.5442359249329759,0.0777479892761394,0.024128686327077747,0.13136729222520108,0.12332439678284182,0.09919571045576407,,,,,,,,,,,,,,,,,,,,,,,,,,,,
9,resynth_vocos,0.5227882037533512,0.16890080428954424,0.032171581769437,0.11796246648793565,0.058981233243967826,0.09919571045576407,-0.02144772117962468,0.09115281501340483,0.008042895442359251,-0.013404825737265424,-0.064343163538874,0.0,0.08310991957104558,f5tts,True,0.04569281524926686,0.12568534011845206,-0.10455764075067026,0.08310991957104558,-0.09115281501340483,0.09115281501340483,0.05361215370866846,0.12834891293668507,0.08310991957104558,0.04042584710549705,0.1250167112299465,,,,,,,,
9,resynth_bigvgan,0.5576407506702413,0.05630026809651475,0.021447721179624665,0.13941018766756033,0.1126005361930295,0.1126005361930295,0.013404825737265424,-0.02144772117962466,-0.0026809651474530814,0.008042895442359255,-0.010723860589812326,0.013404825737265424,0.00536193029490617,indextts,True,0.0,0.03545783737272334,-0.00536193029490617,-0.03485254691689008,0.00536193029490617,0.013404825737265424,-0.013369880001720404,0.039580453993382766,0.00536193029490617,-0.035045179292763275,0.038361447601796286,-0.04545759200584938,-0.0026595744680851102,-0.07466666666666666,-0.007978723404255324,-0.015833234184612587,0.03158522965238027,-0.045336363636363626,0.02667385444743935
9,resynth_griffinlim,0.7828418230563002,0.013404825737265416,0.058981233243967826,0.0,0.0,0.1447721179624665,0.23860589812332433,-0.064343163538874,0.034852546916890076,-0.13136729222520108,-0.12332439678284182,0.04557640750670243,0.010723860589812353,indextts,False,1.3877787807814457e-17,0.07240073183102673,-0.1769436997319035,-0.10991957104557643,0.010723860589812353,-0.064343163538874,-0.10667379679144384,-0.03004853614109912,-0.10991957104557643,-0.1823114813396315,-0.06397967032967032,,,,,,,,
9,resynth_glvocos,0.7533512064343163,0.0,0.04825737265415549,0.002680965147453083,0.0,0.19571045576407506,0.2091152815013404,-0.0777479892761394,0.024128686327077747,-0.128686327077748,-0.12332439678284182,0.09651474530831099,0.07238605898123324,indextts,False,0.013140574611550868,0.13564734042553192,-0.22520107238605896,-0.1742627345844504,0.07238605898123324,-0.0777479892761394,-0.128686327077748,-0.03988052856424863,-0.1742627345844504,-0.26053197509903797,-0.09089663760896637,,,,,,,,
9,resynth_encodec,0.8579088471849866,0.029490616621983913,0.09115281501340483,0.00804289544235925,0.0,0.013404825737265416,0.3136729222520107,-0.04825737265415549,0.06702412868632708,-0.12332439678284182,-0.12332439678284182,-0.08579088471849866,0.11528150134048257,xtts,False,0.026879918706218114,0.1909969227984433,-0.19034852546916892,-0.11528150134048257,-0.15281501340482573,,,,,,,-0.09653430910803566,-0.002732240437158473,-0.1989516129032258,-0.027025205798790707,-0.16713748045645238,-0.08136322898662057,-0.26934386920980924,-0.10510315156541575
9,resynth_dac,0.5898123324396782,0.05630026809651475,0.002680965147453083,0.1742627345844504,0.10455764075067024,0.07238605898123325,0.04557640750670233,-0.02144772117962466,-0.021447721179624665,0.04289544235924933,-0.01876675603217158,-0.02680965147453082,0.06166219839142091,cosyvoice3,False,0.010750537634408593,0.0889487870619946,0.06166219839142091,-0.06434316353887398,-0.06970509383378015,,,,,,,-0.048257372654155486,0.0026883531866794233,-0.1184608273373282,-0.013332446808510628,0.013261722313446443,0.08398950131233596,0.010609377850757145,0.09358288770053476
9,resynth_hift3,0.5201072386058981,0.11796246648793565,0.010723860589812333,0.18230563002680966,0.10723860589812333,0.06166219839142091,-0.024128686327077764,0.040214477211796246,-0.013404825737265414,0.050938337801608585,-0.016085790884718495,-0.03753351206434316,0.01072386058981234,cosyvoice3,True,1.3877787807814457e-17,0.06134569892473118,0.01072386058981234,-0.01072386058981234,-0.08847184986595175,0.050938337801608585,0.008084631794398722,0.08996507936507935,0.01072386058981234,-0.04168320105820105,0.06200318549375151,,,,,,,,
9,resynth_s3vc3,0.058981233243967826,0.03753351206434316,0.0,0.5710455764075067,0.3002680965147453,0.032171581769437,-0.4852546916890081,-0.040214477211796246,-0.024128686327077747,0.4396782841823057,0.17694369973190346,-0.06702412868632707,0.2627345844504022,cosyvoice3,True,0.14085582079225048,0.376,0.2627345844504022,-0.479892761394102,-0.5067024128686328,0.4396782841823057,0.3662492650558557,0.5093872131842122,0.2627345844504022,0.1497294622931492,0.3746632505742876,,,,,,,,
10,clean_real,0.5764075067024129,0.05630026809651475,0.021447721179624665,0.14209115281501342,0.10187667560321716,0.10187667560321716,,,,,,,,,,,,,,,,,,,,,,,,,,,,
10,resynth_vocos,0.5308310991957105,0.14209115281501342,0.03753351206434316,0.1581769436997319,0.05361930294906166,0.0777479892761394,-0.04557640750670244,0.08579088471849866,0.016085790884718495,0.01608579088471848,-0.04825737265415549,-0.02412868632707775,0.06970509383378017,f5tts,True,0.005347237076648835,0.12401875584593264,-0.06970509383378018,0.06970509383378017,-0.10991957104557641,0.08579088471849866,0.040106951871657755,0.14175887472977583,0.06970509383378017,-5.204170427930125e-19,0.1220159151193634,,,,,,,,
10,resynth_bigvgan,0.5710455764075067,0.058981233243967826,0.021447721179624665,0.16621983914209115,0.08310991957104558,0.09919571045576407,-0.00536193029490617,0.002680965147453078,0.0,0.024128686327077736,-0.01876675603217158,-0.002680965147453085,0.02144772117962466,cosyvoice3,False,6.938893903907228e-18,0.05053191489361703,0.02144772117962466,-0.02144772117962466,-0.02680965147453082,-0.002680965147453085,-0.018716577540106943,0.013335120643431637,-0.02680965147453082,-0.06576302819453504,2.8189256484597477e-19,-0.010639720104676308,0.01621731487585146,-0.0531986005233815,0.005420422410745848,-0.005305392516507716,0.057750399933517535,-0.01078239965032418,0.053098483480772646
10,resynth_griffinlim,0.7640750670241286,0.013404825737265416,0.07506702412868632,0.00804289544235925,0.0,0.13941018766756033,0.18766756032171572,-0.04289544235924933,0.053619302949061656,-0.13404825737265416,-0.10187667560321716,0.037533512064343175,0.01608579088471848,xtts,False,1.3877787807814457e-17,0.08065059560038255,-0.18766756032171583,-0.09651474530831099,-0.01608579088471848,-0.04289544235924933,-0.06649379432624114,-0.02203856749311295,-0.09651474530831099,-0.14895608146546818,-0.0659250585480094,,,,,,,,
10,resynth_glvocos,0.7801608579088471,0.002680965147453083,0.03485254691689008,0.002680965147453083,0.0,0.17962466487935658,0.20375335120643423,-0.05361930294906166,0.013404825737265418,-0.13941018766756033,-0.10187667560321716,0.07774798927613942,0.06434316353887401,indextts,False,0.013224050527715449,0.12169957413859851,-0.21715817694369977,-0.13136729222520108,0.06434316353887401,-0.05361930294906166,-0.08287329748574468,-0.02445486479321315,-0.13136729222520108,-0.20327683250307305,-0.0660932446999641,,,,,,,,
10,resynth_encodec,0.7855227882037533,0.024128686327077747,0.1581769436997319,0.024128686327077747,0.0,0.00804289544235925,0.2091152815013404,-0.032171581769437005,0.13672922252010722,-0.11796246648793567,-0.10187667560321716,-0.0938337801608579,0.16890080428954424,xtts,False,0.07647724473457321,0.2566307734411183,-0.2546916890080429,-0.16890080428954424,-0.23056300268096513,,,,,,,-0.0773489247311828,0.015844075546576734,-0.26400762942779293,-0.07421860593767292,-0.16976127320954906,-0.06969579982126899,-0.34231805929919135,-0.17340146570479792
10,resynth_dac,0.5951742627345844,0.05093833780160858,0.002680965147453083,0.1876675603217158,0.09115281501340483,0.07238605898123325,0.018766756032171483,-0.00536193029490617,-0.01876675603217158,0.04557640750670239,-0.010723860589812326,-0.029490616621983906,0.05093833780160856,cosyvoice3,False,0.005508140608462629,0.0887216652136007,0.05093833780160856,-0.05093833780160856,-0.0750670241286863,,,,,,,-0.02638522427440633,0.013550135501355011,-0.09435884946677606,-0.010609377850757166,0.016259063941990778,0.07834086587580882,0.007813034919548116,0.08626505672064806
10,resynth_hift3,0.5361930294906166,0.10187667560321716,0.0160857908847185,0.19571045576407506,0.09919571045576407,0.05093833780160858,-0.04021447721179627,0.04557640750670241,-0.005361930294906166,0.05361930294906164,-0.002680965147453085,-0.05093833780160858,0.008042895442359234,cosyvoice3,True,1.3877787807814457e-17,0.07487132800963427,0.008042895442359234,-0.008042895442359234,-0.10455764075067023,0.05361930294906164,0.010780946584354977,0.10000677506775067,0.008042895442359234,-0.05464855153828877,0.07125686762874513,,,,,,,,
10,resynth_s3vc3,0.05361930294906166,0.032171581769437,0.002680965147453083,0.6193029490616622,0.2707774798927614,0.021447721179624665,-0.5227882037533512,-0.02412868632707775,-0.01876675603217158,0.4772117962466488,0.16890080428954424,-0.08042895442359249,0.30831099195710454,cosyvoice3,True,0.18882602368526696,0.4265946445060019,0.30831099195710454,-0.5013404825737265,-0.5576407506702412,0.4772117962466488,0.40160355737492254,0.5573645776566757,0.30831099195710454,0.18830406696387955,0.423188509861105,,,,,,,,
11,clean_real,0.5683646112600537,0.04825737265415549,0.021447721179624665,0.15281501340482573,0.11796246648793565,0.09115281501340483,,,,,,,,,,,,,,,,,,,,,,,,,,,,
11,resynth_vocos,0.5630026809651475,0.1126005361930295,0.04289544235924933,0.15013404825737264,0.06166219839142091,0.06970509383378017,-0.00536193029490617,0.06434316353887401,0.021447721179624665,-0.002680965147453085,-0.05630026809651474,-0.021447721179624665,0.042895442359249344,f5tts,True,0.002673618538324425,0.08533903743315507,-0.0670241286863271,0.042895442359249344,-0.08579088471849868,0.06434316353887401,0.02940980392156863,0.10400000000000001,0.042895442359249344,-0.005292063492063492,0.09259259259259259,,,,,,,,
11,resynth_bigvgan,0.5549597855227882,0.05361930294906166,0.024128686327077747,0.1581769436997319,0.10723860589812333,0.10187667560321716,-0.013404825737265424,0.00536193029490617,0.0026809651474530814,0.00536193029490617,-0.010723860589812326,0.010723860589812326,0.005361930294906156,indextts,True,0.0,0.021334759358288772,-0.005361930294906156,-0.005361930294906156,0.005361930294906156,0.010723860589812326,-0.008176638818204332,0.029413736003784895,0.005361930294906156,-0.02412868632707775,0.021508282476024404,-0.00810865743792573,0.019296003175047847,-0.03421733212341198,0.013515349588719153,-0.013513513513513514,0.026386969328921817,-0.03412297969332781,0.01617359947548626
11,resynth_griffinlim,0.8176943699731903,0.002680965147453083,0.05630026809651475,0.002680965147453083,0.0,0.12064343163538874,0.24932975871313667,-0.04557640750670241,0.03485254691689008,-0.15013404825737264,-0.11796246648793565,0.029490616621983906,0.005361930294906177,xtts,False,6.938893903907228e-18,0.05946348787812202,-0.18498659517426272,-0.08042895442359249,-0.005361930294906177,-0.04557640750670241,-0.08401583226358579,-0.01634877384196185,-0.08042895442359249,-0.1456327639751553,-0.04010427807486631,,,,,,,,
11,resynth_glvocos,0.774798927613941,0.0,0.04289544235924933,0.0,0.0,0.18230563002680966,0.20643431635388731,-0.04825737265415549,0.021447721179624665,-0.15281501340482573,-0.11796246648793565,0.09115281501340483,0.06970509383378017,indextts,False,0.010496849037266423,0.14855099046221568,-0.24396782841823056,-0.13941018766756033,0.06970509383378017,-0.04825737265415549,-0.08219268921914175,-0.015788437629506838,-0.13941018766756033,-0.23404675251959686,-0.05582841360766894,,,,,,,,
11,resynth_encodec,0.7855227882037533,0.013404825737265416,0.16085790884718498,0.010723860589812333,0.0,0.029490616621983913,0.21715817694369965,-0.034852546916890076,0.1394101876675603,-0.1420911528150134,-0.11796246648793565,-0.06166219839142092,0.17426273458445038,xtts,False,0.09417409935166687,0.2527327898550724,-0.2815013404825737,-0.17426273458445038,-0.20107238605898123,,,,,,,-0.07758049609865535,0.0027102112053729224,-0.2567340463458111,-0.09065313111545988,-0.19574920121928824,-0.08991304379084498,-0.38031914893617025,-0.1945927434283599
11,resynth_dac,0.5951742627345844,0.04825737265415549,0.005361930294906166,0.16621983914209115,0.10991957104557641,0.07506702412868632,0.026809651474530738,0.0,-0.0160857908847185,0.013404825737265424,-0.00804289544235924,-0.01608579088471851,0.013404825737265424,cosyvoice3,False,3.4260788650541965e-18,0.037738398776134614,0.013404825737265424,-0.013404825737265424,-0.029490616621983934,,,,,,,-0.023684210526315787,0.02198258804907004,-0.050952142229197084,0.021505376344086023,-0.010752688172043029,0.036345888148014614,-0.026737967914438502,0.03979044387380776
11,resynth_hift3,0.5549597855227882,0.06166219839142091,0.01876675603217158,0.1903485254691689,0.11528150134048257,0.058981233243967826,-0.013404825737265424,0.013404825737265418,-0.002680965147453085,0.03753351206434316,-0.002680965147453085,-0.032171581769437005,0.024128686327077743,cosyvoice3,True,1.0321604682062007e-17,0.06469439790194507,0.024128686327077743,-0.024128686327077743,-0.06970509383378017,0.03753351206434316,0.0026952366460887647,0.07651324085750315,0.024128686327077743,-0.02625544479812364,0.06953750541985836,,,,,,,,
11,resynth_s3vc3,0.05361930294906166,0.03485254691689008,0.00804289544235925,0.6032171581769437,0.289544235924933,0.010723860589812333,-0.514745308310992,-0.01340482573726541,-0.013404825737265416,0.45040214477211793,0.17158176943699735,-0.08042895442359249,0.2788203753351206,cosyvoice3,True,0.14864596028389124,0.3957219251336898,0.2788203753351206,-0.46380697050938335,-0.5308310991957104,0.45040214477211793,0.3638560776969026,0.5392998502353444,0.2788203753351206,0.14399947643979058,0.4027518780380026,,,,,,,,
12,clean_real,0.5201072386058981,0.05630026809651475,0.029490616621983913,0.1554959785522788,0.13136729222520108,0.10723860589812333,,,,,,,,,,,,,,,,,,,,,,,,,,,,
12,resynth_vocos,0.5576407506702413,0.1126005361930295,0.05093833780160858,0.13672922252010725,0.07238605898123325,0.06970509383378017,0.03753351206434319,0.05630026809651475,0.021447721179624665,-0.018766756032171567,-0.058981233243967826,-0.03753351206434316,0.03485254691689008,f5tts,True,0.002717024089306703,0.0805632300089847,-0.07506702412868632,0.03485254691689008,-0.09383378016085792,0.05630026809651475,0.021736192714453585,0.0889608397431683,0.03485254691689008,-0.008000534759358288,0.07695945945945944,,,,,,,,
12,resynth_bigvgan,0.5227882037533512,0.05361930294906166,0.03753351206434316,0.15281501340482573,0.1260053619302949,0.10723860589812333,0.002680965147453085,-0.002680965147453085,0.008042895442359248,-0.002680965147453085,-0.00536193029490617,0.0,0.008042895442359248,xtts,False,0.0,0.024193548387096767,-0.010723860589812333,-0.010723860589812333,-0.008042895442359248,0.0,-0.016304347826086946,0.015915119363395222,-0.008042895442359248,-0.03485488915794632,0.01351442906320955,-0.01378246753246753,0.008086253369272232,-0.0343076334699377,0.0026881720430107538,-0.021506825493435362,0.01617580276573304,-0.038806329309242674,0.010556194913826982
12,resynth_griffinlim,0.7828418230563002,0.005361930294906166,0.05630026809651475,0.002680965147453083,0.002680965147453083,0.15013404825737264,0.2627345844504021,-0.050938337801608585,0.026809651474530835,-0.15281501340482573,-0.128686327077748,0.04289544235924932,0.01608579088471848,indextts,False,1.3877787807814457e-17,0.08971569571833424,-0.19571045576407503,-0.0938337801608579,0.01608579088471848,-0.050938337801608585,-0.09092746875765743,-0.019175469374043526,-0.0938337801608579,-0.1794673702726473,-0.04722419431177662,,,,,,,,
12,resynth_glvocos,0.7345844504021448,0.0,0.058981233243967826,0.0,0.0,0.2064343163538874,0.21447721179624668,-0.05630026809651475,0.029490616621983913,-0.1554959785522788,-0.13136729222520108,0.09919571045576407,0.06970509383378015,indextts,False,0.005405041159758141,0.151611625342045,-0.2546916890080429,-0.1554959785522788,0.06970509383378015,-0.05630026809651475,-0.10456466747383897,-0.021275184829843672,-0.1554959785522788,-0.2546588407923698,-0.07218825455137984,,,,,,,,
12,resynth_encodec,0.7453083109919572,0.01876675603217158,0.16890080428954424,0.024128686327077747,0.0,0.04289544235924933,0.22520107238605902,-0.03753351206434317,0.13941018766756033,-0.13136729222520108,-0.13136729222520108,-0.064343163538874,0.1769436997319035,xtts,False,0.09999326145552562,0.25404779044484926,-0.2707774798927614,-0.1769436997319035,-0.20375335120643434,,,,,,,-0.08108284986557238,0.002652696258253851,-0.2579140350877193,-0.10276898023360291,-0.1798995135688684,-0.08555744611894345,-0.35042436570966085,-0.1978602379606684
12,resynth_dac,0.5630026809651475,0.03753351206434316,0.010723860589812333,0.19302949061662197,0.1260053619302949,0.06970509383378017,0.04289544235924936,-0.018766756032171587,-0.01876675603217158,0.03753351206434316,-0.00536193029490617,-0.03753351206434316,0.04289544235924933,cosyvoice3,False,0.0053191489361702204,0.07672861796914862,0.04289544235924933,-0.05630026809651475,-0.07506702412868632,,,,,,,-0.04545759200584938,0.0027779712163416904,-0.09537091913066731,-0.019116709884410856,0.00797819431119136,0.07008086253369272,0.002631578947368429,0.0747940954271409
12,resynth_hift3,0.546916890080429,0.07506702412868632,0.021447721179624665,0.1742627345844504,0.13136729222520108,0.05093833780160858,0.02680965147453085,0.018766756032171573,-0.008042895442359248,0.018766756032171594,0.0,-0.05630026809651475,2.0816681711721685e-17,cosyvoice3,True,0.0,0.04065316808059386,2.0816681711721685e-17,-2.0816681711721685e-17,-0.07506702412868635,0.018766756032171594,-0.01329875886524822,0.050805544006537535,2.0816681711721685e-17,-0.04090000500618621,0.039476288015553376,,,,,,,,
12,resynth_s3vc3,0.064343163538874,0.03485254691689008,0.005361930294906166,0.5817694369973191,0.30563002680965146,0.00804289544235925,-0.45576407506702415,-0.021447721179624665,-0.024128686327077747,0.4262734584450403,0.17426273458445038,-0.09919571045576407,0.25201072386058987,cosyvoice3,True,0.14052306924338587,0.3596920390184828,0.25201072386058987,-0.44772117962466496,-0.5254691689008043,0.4262734584450403,0.35199629629629625,0.4946250857927248,0.25201072386058987,0.14547400324959378,0.357961896322552,,,,,,,,
13,clean_real,0.5093833780160858,0.05093833780160858,0.040214477211796246,0.1260053619302949,0.11528150134048257,0.1581769436997319,,,,,,,,,,,,,,,,,,,,,,,,,,,,
13,resynth_vocos,0.579088471849866,0.10455764075067024,0.05093833780160858,0.11528150134048257,0.05361930294906166,0.09651474530831099,0.06970509383378021,0.05361930294906166,0.010723860589812333,-0.01072386058981234,-0.061662198391420904,-0.06166219839142091,0.04289544235924933,f5tts,True,0.005248658539092535,0.0862533692722372,-0.06434316353887401,0.04289544235924933,-0.11528150134048257,0.05361930294906166,0.018420003479370235,0.09041095890410958,0.04289544235924933,-0.0053191489361702066,0.08707429561516396,,,,,,,,
13,resynth_bigvgan,0.5415549597855228,0.05361930294906166,0.045576407506702415,0.12064343163538874,0.0938337801608579,0.1447721179624665,0.03217158176943702,0.002680965147453085,0.00536193029490617,-0.00536193029490617,-0.021447721179624665,-0.013404825737265397,0.002680965147453085,xtts,False,0.0,0.016438356164383564,-0.01072386058981234,-0.002680965147453085,-0.018766756032171567,-0.013404825737265397,-0.042336507936507936,0.01591831089802693,-0.018766756032171567,-0.0536229063968405,0.00806505956003827,-0.00815217391304348,0.013440860215053765,-0.021333333333333322,0.010639007092198583,-0.029490616621983906,0.015957446808510634,-0.03900653609106662,0.01092971030765777
13,resynth_griffinlim,0.7345844504021448,0.0,0.08042895442359249,0.005361930294906166,0.0,0.17962466487935658,0.22520107238605902,-0.05093833780160858,0.040214477211796246,-0.12064343163538874,-0.11528150134048257,0.02144772117962468,0.018766756032171567,xtts,False,2.0643209364124014e-17,0.08422274949669253,-0.16085790884718498,-0.09115281501340483,-0.018766756032171567,-0.05093833780160858,-0.08708278801536923,-0.021505376344086023,-0.09115281501340483,-0.15405908568142612,-0.0547945205479452,,,,,,,,
13,resynth_glvocos,0.6809651474530831,0.0,0.07238605898123325,0.0,0.0,0.24664879356568364,0.17158176943699732,-0.05093833780160858,0.032171581769437005,-0.1260053619302949,-0.11528150134048257,0.08847184986595175,0.05630026809651474,indextts,False,0.002724243316886394,0.12073490813648292,-0.21447721179624665,-0.13941018766756033,0.05630026809651474,-0.05093833780160858,-0.0901884818989071,-0.021387529866879054,-0.13941018766756033,-0.22134089709762536,-0.06738148089424449,,,,,,,,
13,resynth_encodec,0.7372654155495979,0.013404825737265416,0.20107238605898123,0.010723860589812333,0.0,0.03753351206434316,0.2278820375335121,-0.03753351206434316,0.16085790884718498,-0.11528150134048257,-0.11528150134048257,-0.12064343163538874,0.19839142091152814,xtts,False,0.11743896527410543,0.28159592529711375,-0.2761394101876675,-0.19839142091152814,-0.2815013404825737,,,,,,,-0.07958620689655171,-0.0026952366460887447,-0.27662529550827425,-0.11377615620418503,-0.1639895443874446,-0.072381220340927,-0.3535701401317139,-0.19187601535962195
13,resynth_dac,0.5656836461126006,0.058981233243967826,0.024128686327077747,0.15013404825737264,0.1126005361930295,0.08847184986595175,0.05630026809651478,0.008042895442359248,-0.0160857908847185,0.024128686327077736,-0.002680965147453071,-0.06970509383378015,0.01608579088471849,cosyvoice3,False,0.0,0.0431295986012967,0.01608579088471849,-0.01608579088471849,-0.09383378016085789,,,,,,,-0.016001069518716576,0.03287671232876712,-0.05898519703652456,0.01847210654871469,-0.005263505068740455,0.057550184039767756,-0.024193548387096767,0.048131568006193455
13,resynth_hift3,0.5442359249329759,0.08042895442359249,0.04289544235924933,0.15013404825737264,0.10187667560321716,0.08042895442359249,0.034852546916890104,0.029490616621983913,0.002680965147453085,0.024128686327077736,-0.01340482573726541,-0.0777479892761394,0.005361930294906177,f5tts,False,3.469446951953614e-18,0.05172125286041182,-0.005361930294906177,0.005361930294906177,-0.10723860589812331,0.024128686327077736,-0.010668817204301066,0.05978668108044072,-0.005361930294906177,-0.053336898395721935,0.03980936361087746,,,,,,,,
13,resynth_s3vc3,0.045576407506702415,0.04289544235924933,0.021447721179624665,0.5603217158176944,0.3136729222520107,0.0160857908847185,-0.46380697050938335,-0.008042895442359248,-0.01876675603217158,0.43431635388739953,0.19839142091152814,-0.1420911528150134,0.2359249329758714,cosyvoice3,True,0.10637592414921834,0.357737707056215,0.2359249329758714,-0.4423592493297588,-0.5764075067024129,0.43431635388739953,0.3573285714285714,0.5095903619004489,0.2359249329758714,0.11778935427574169,0.35503309008831313,,,,,,,,
14,clean_real,0.4745308310991957,0.06166219839142091,0.058981233243967826,0.1260053619302949,0.11528150134048257,0.16353887399463807,,,,,,,,,,,,,,,,,,,,,,,,,,,,
14,resynth_vocos,0.5093833780160858,0.09115281501340483,0.07238605898123325,0.11528150134048257,0.0777479892761394,0.13404825737265416,0.034852546916890104,0.02949061662198392,0.013404825737265424,-0.01072386058981234,-0.03753351206434316,-0.029490616621983906,0.016085790884718495,f5tts,True,6.938893903907228e-18,0.05555923961096374,-0.04021447721179626,0.016085790884718495,-0.058981233243967826,0.02949061662198392,-0.007917678100263852,0.071618219815712,0.016085790884718495,-0.027028858126419104,0.056789025172930156,,,,,,,,
14,resynth_bigvgan,0.4879356568364611,0.06166219839142091,0.06970509383378017,0.128686327077748,0.09919571045576407,0.15281501340482573,0.013404825737265424,0.0,0.01072386058981234,0.002680965147453085,-0.016085790884718495,-0.01072386058981234,0.008042895442359255,xtts,False,0.0,0.032,-0.008042895442359255,-0.01072386058981234,-0.02144772117962468,-0.01072386058981234,-0.02941176470588233,0.008042895442359255,-0.02144772117962468,-0.052503853684956046,-0.005347593582887722,-0.016305458476483833,0.016087958781064143,-0.04891972558802567,0.00815217391304348,-0.03226242371403664,0.04043126684636118,-0.04827045053292355,0.032006451612903206
14,resynth_griffinlim,0.7050938337801609,0.0,0.09919571045576407,0.002680965147453083,0.0,0.19302949061662197,0.2305630026809652,-0.06166219839142091,0.040214477211796246,-0.12332439678284182,-0.11528150134048257,0.029490616621983906,0.01072386058981234,xtts,False,1.3877787807814457e-17,0.08224495265320708,-0.16353887399463807,-0.10187667560321716,-0.01072386058981234,-0.06166219839142091,-0.10137936507936507,-0.02972772637866978,-0.10187667560321716,-0.18208309903830905,-0.06381371288286183,,,,,,,,
14,resynth_glvocos,0.6621983914209115,0.0,0.09651474530831099,0.0,0.0,0.24128686327077747,0.18766756032171583,-0.06166219839142091,0.03753351206434316,-0.1260053619302949,-0.11528150134048257,0.0777479892761394,0.040214477211796246,indextts,False,0.002666666666666705,0.1222909385736287,-0.2037533512064343,-0.1394101876675603,0.040214477211796246,-0.06166219839142091,-0.10326555472263868,-0.02956989247311828,-0.1394101876675603,-0.22075237961926092,-0.07396539293439076,,,,,,,,
14,resynth_encodec,0.7292225201072386,0.013404825737265416,0.14745308310991956,0.00804289544235925,0.002680965147453083,0.09919571045576407,0.25469168900804295,-0.04825737265415549,0.08847184986595173,-0.11796246648793565,-0.11260053619302948,-0.064343163538874,0.13672922252010722,xtts,False,0.04824141452827778,0.20899772330737476,-0.20643431635388737,-0.13672922252010722,-0.15281501340482573,,,,,,,-0.0889619094907079,-0.013332446808510638,-0.21181048026751995,-0.06555604785112985,-0.1662269129287599,-0.07565544153779451,-0.29571385902031067,-0.13242350841407446
14,resynth_dac,0.5120643431635389,0.05630026809651475,0.05361930294906166,0.15013404825737264,0.10991957104557641,0.11796246648793565,0.03753351206434319,-0.005361930294906163,-0.005361930294906163,0.024128686327077736,-0.005361930294906156,-0.045576407506702415,0.029490616621983892,cosyvoice3,False,6.938893903907228e-18,0.06758137565358273,0.029490616621983892,-0.0294906166219839,-0.06970509383378015,,,,,,,-0.029579963962380242,0.018327018462386328,-0.07693333333333333,0.005496281464530833,-0.008174386920980908,0.05930319807678297,-0.02681145319842025,0.06776456084232971
14,resynth_hift3,0.4718498659517426,0.07238605898123325,0.06166219839142091,0.13672922252010725,0.128686327077748,0.128686327077748,-0.002680965147453085,0.01072386058981234,0.002680965147453085,0.01072386058981234,0.013404825737265424,-0.034852546916890076,0.002680965147453085,chatterbox,False,0.0,0.04545759200584936,-0.002680965147453085,-0.002680965147453085,-0.0482573726541555,0.01072386058981234,-0.02419354838709678,0.04533941018766756,-0.002680965147453085,-0.06366471019809243,0.033011841100076364,,,,,,,,
14,resynth_s3vc3,0.040214477211796246,0.06970509383378017,0.04825737265415549,0.5281501340482574,0.2761394101876676,0.03753351206434316,-0.4343163538873994,0.008042895442359255,-0.010723860589812333,0.4021447721179625,0.160857908847185,-0.1260053619302949,0.2412868632707775,cosyvoice3,True,0.1493135278514589,0.33982111575259394,0.2412868632707775,-0.39410187667560326,-0.5281501340482574,0.4021447721179625,0.3421733212341198,0.46282005089287725,0.2412868632707775,0.14853378566781306,0.339697051593413,,,,,,,,
15,clean_real,0.5120643431635389,0.040214477211796246,0.04825737265415549,0.13136729222520108,0.11796246648793565,0.15013404825737264,,,,,,,,,,,,,,,,,,,,,,,,,,,,
15,resynth_vocos,0.5254691689008043,0.08847184986595175,0.07238605898123325,0.1447721179624665,0.08042895442359249,0.08847184986595175,0.013404825737265424,0.0482573726541555,0.024128686327077757,0.013404825737265424,-0.03753351206434316,-0.0616621983914209,0.024128686327077743,f5tts,True,1.3877787807814457e-17,0.0621706081081081,-0.034852546916890076,0.024128686327077743,-0.1099195710455764,0.0482573726541555,0.01906970321820458,0.07979790078507223,0.024128686327077743,-0.015958510638297875,0.05978260869565218,,,,,,,,
15,resynth_bigvgan,0.514745308310992,0.040214477211796246,0.05093833780160858,0.13941018766756033,0.12332439678284182,0.13136729222520108,0.002680965147453085,0.0,0.002680965147453085,0.008042895442359255,0.00536193029490617,-0.018766756032171567,0.002680965147453085,cosyvoice3,False,0.0,0.026525198938992037,0.002680965147453085,-0.008042895442359255,-0.02680965147453082,-0.018766756032171567,-0.03217158176943699,-0.005291005291005291,-0.02680965147453082,-0.055100223734076074,-0.01373253105590063,-0.013586956521739135,0.011019283746556474,-0.03784817604489736,0.005319148936170211,-0.013334224598930484,0.029649595687331526,-0.031668584741480946,0.02717576412747304
15,resynth_griffinlim,0.67828418230563,0.005361930294906166,0.15281501340482573,0.0,0.0,0.16353887399463807,0.16621983914209115,-0.034852546916890076,0.10455764075067023,-0.13136729222520108,-0.11796246648793565,0.013404825737265424,0.0911528150134048,xtts,False,0.021220159151193643,0.1595851063829787,-0.2359249329758713,-0.1394101876675603,-0.0911528150134048,-0.034852546916890076,-0.06522308217618938,-0.011139752843226275,-0.1394101876675603,-0.18985229602442977,-0.09390791896869244,,,,,,,,
15,resynth_glvocos,0.6219839142091153,0.0,0.12332439678284182,0.0,0.0,0.2546916890080429,0.10991957104557637,-0.040214477211796246,0.07506702412868632,-0.13136729222520108,-0.11796246648793565,0.10455764075067026,0.029490616621983934,indextts,False,0.00263834884043881,0.11549599932083962,-0.23592493297587133,-0.1447721179624665,0.029490616621983934,-0.040214477211796246,-0.07979790078507225,-0.010666666666666666,-0.1447721179624665,-0.21740271596485225,-0.09483816536278573,,,,,,,,
15,resynth_encodec,0.6058981233243967,0.029490616621983913,0.2680965147453083,0.010723860589812333,0.010723860589812333,0.07506702412868632,0.09383378016085786,-0.010723860589812333,0.21983914209115282,-0.12064343163538874,-0.10723860589812331,-0.07506702412868632,0.23056300268096516,xtts,False,0.14093625789104514,0.31582156611039797,-0.34048257372654156,-0.23056300268096516,-0.2949061662198391,,,,,,,-0.053195035460992905,0.027453568659306527,-0.31855028384630996,-0.136,-0.170733387085937,-0.07466170212765957,-0.43010884794003235,-0.2513034759358289
15,resynth_dac,0.5415549597855228,0.04825737265415549,0.04289544235924933,0.1447721179624665,0.13136729222520108,0.09115281501340483,0.029490616621983934,0.008042895442359248,-0.005361930294906163,0.013404825737265424,0.013404825737265424,-0.05898123324396781,0.0,cosyvoice3,False,0.0,0.03788923231742376,0.0,-0.005361930294906177,-0.07238605898123324,,,,,,,-0.010527010137480903,0.024458187714725747,-0.05014529463500441,0.015917241379310366,-0.015874068460275354,0.04918708340839489,-0.04245747746073053,0.03523035230352303
15,resynth_hift3,0.4772117962466488,0.06970509383378017,0.04825737265415549,0.16890080428954424,0.1447721179624665,0.09115281501340483,-0.034852546916890104,0.02949061662198392,0.0,0.03753351206434316,0.02680965147453085,-0.05898123324396781,0.00804289544235924,cosyvoice3,True,0.0,0.03704196217494089,0.00804289544235924,-0.00804289544235924,-0.09651474530831097,0.03753351206434316,0.010810082319516282,0.06522183390593532,0.00804289544235924,-0.03723902036636703,0.03911793753040196,,,,,,,,
15,resynth_s3vc3,0.08310991957104558,0.06970509383378017,0.029490616621983913,0.4959785522788204,0.2949061662198391,0.02680965147453083,-0.4289544235924933,0.02949061662198392,-0.01876675603217158,0.3646112600536193,0.17694369973190346,-0.12332439678284181,0.18766756032171586,cosyvoice3,True,0.07544660778803691,0.2992919651621796,0.18766756032171586,-0.3351206434316354,-0.4879356568364611,0.3646112600536193,0.2964835579514825,0.434686468384967,0.18766756032171586,0.06433032913125322,0.2959005580923389,,,,,,,,
16,clean_real,0.4879356568364611,0.03753351206434316,0.05093833780160858,0.12064343163538874,0.13136729222520108,0.17158176943699732,,,,,,,,,,,,,,,,,,,,,,,,,,,,
16,resynth_vocos,0.4584450402144772,0.09115281501340483,0.0777479892761394,0.1554959785522788,0.1126005361930295,0.10455764075067024,-0.029490616621983934,0.05361930294906167,0.026809651474530828,0.034852546916890076,-0.01876675603217158,-0.06702412868632708,0.018766756032171594,f5tts,True,6.938893903907228e-18,0.05837108255523712,-0.018766756032171594,0.018766756032171594,-0.12064343163538875,0.05361930294906167,0.02138894830659537,0.0862533692722372,0.018766756032171594,-0.031419828979541084,0.06332453825857519,,,,,,,,
16,resynth_bigvgan,0.48525469168900803,0.03753351206434316,0.04825737265415549,0.13404825737265416,0.13672922252010725,0.1581769436997319,-0.002680965147453085,0.0,-0.002680965147453085,0.013404825737265424,0.00536193029490617,-0.013404825737265424,0.008042895442359255,cosyvoice3,False,0.0,0.026954177897574108,0.008042895442359255,-0.013404825737265424,-0.02680965147453085,-0.013404825737265424,-0.03504043126684636,0.0055248618784530384,-0.02680965147453085,-0.056300268096514755,-1.3704315460216934e-17,-0.007999999999999998,0.007957559681697604,-0.03828714545927661,0.0,-0.002652696258253844,0.03225806451612903,-0.016261267232237545,0.02673796791443847
16,resynth_griffinlim,0.5335120643431636,0.010723860589812333,0.17158176943699732,0.00804289544235925,0.00804289544235925,0.2680965147453083,0.04557640750670244,-0.026809651474530828,0.12064343163538874,-0.11260053619302948,-0.12332439678284182,0.096514745308311,0.024128686327077736,xtts,False,0.002638522427440642,0.12267377049180325,-0.23324396782841822,-0.14745308310991956,-0.024128686327077736,-0.026809651474530828,-0.04712351073916807,-0.01066595744680851,-0.14745308310991956,-0.21507215619694398,-0.10427528966131908,,,,,,,,
16,resynth_glvocos,0.5495978552278821,0.005361930294906166,0.128686327077748,0.005361930294906166,0.002680965147453083,0.30831099195710454,0.06166219839142095,-0.03217158176943699,0.0777479892761394,-0.11528150134048257,-0.128686327077748,0.13672922252010722,0.05898123324396781,indextts,False,0.0027096618675081503,0.14023028537656199,-0.25201072386058976,-0.1689008042895442,0.05898123324396781,-0.03217158176943699,-0.058518460575719654,-0.010752688172043012,-0.1689008042895442,-0.24741093749999998,-0.10025725593667545,,,,,,,,
16,resynth_encodec,0.45576407506702415,0.064343163538874,0.38337801608579086,0.032171581769437,0.01876675603217158,0.045576407506702415,-0.03217158176943696,0.026809651474530835,0.3324396782841823,-0.08847184986595175,-0.1126005361930295,-0.1260053619302949,0.30563002680965146,xtts,False,0.18882215730728982,0.4180063492063492,-0.42091152815013405,-0.30563002680965146,-0.4584450402144772,,,,,,,-0.01596282330676148,0.06337260418498329,-0.4133515625,-0.19886883654958762,-0.12834891293668507,-0.050525230777890354,-0.5239956606942889,-0.32595101289134437
16,resynth_dac,0.4959785522788204,0.045576407506702415,0.03485254691689008,0.13941018766756033,0.14209115281501342,0.14209115281501342,0.008042895442359255,0.008042895442359255,-0.016085790884718495,0.018766756032171594,0.01072386058981234,-0.029490616621983906,0.008042895442359255,cosyvoice3,False,0.0,0.03753351206434316,0.008042895442359255,-0.01072386058981234,-0.0482573726541555,,,,,,,-0.005333333333333336,0.021799854081982106,-0.04384649686073061,0.00817438692098093,-0.008363589680536342,0.04919048909361874,-0.034300791556728216,0.04056008487826668
16,resynth_hift3,0.4718498659517426,0.07506702412868632,0.04825737265415549,0.17158176943699732,0.16085790884718498,0.07238605898123325,-0.01608579088471851,0.03753351206434316,-0.002680965147453085,0.050938337801608585,0.029490616621983906,-0.09919571045576407,0.013404825737265424,cosyvoice3,True,6.938893903907228e-18,0.0672133827375763,0.013404825737265424,-0.013404825737265424,-0.15013404825737264,0.050938337801608585,0.013192612137203186,0.0962631360123869,0.013404825737265424,-0.0539119982516209,0.06250425749318801,,,,,,,,
16,resynth_s3vc3,0.058981233243967826,0.045576407506702415,0.03753351206434316,0.5710455764075067,0.26005361930294907,0.02680965147453083,-0.4289544235924933,0.008042895442359255,-0.013404825737265418,0.45040214477211804,0.128686327077748,-0.1447721179624665,0.3217158176943701,cosyvoice3,True,0.19733333333333333,0.43756249999999985,0.3217158176943701,-0.4423592493297588,-0.5951742627345845,0.45040214477211804,0.3736230267673301,0.5397409412284577,0.3217158176943701,0.1875,0.43718380927199013,,,,,,,,
17,clean_real,0.3726541554959786,0.05361930294906166,0.05093833780160858,0.09651474530831099,0.13941018766756033,0.2868632707774799,,,,,,,,,,,,,,,,,,,,,,,,,,,,
17,resynth_vocos,0.30294906166219837,0.11528150134048257,0.08847184986595175,0.15281501340482573,0.16085790884718498,0.17962466487935658,-0.06970509383378021,0.061662198391420904,0.03753351206434317,0.05630026809651474,0.02144772117962465,-0.10723860589812334,0.005361930294906163,f5tts,True,0.0,0.05707301318602995,-0.005361930294906163,0.005361930294906163,-0.16890080428954424,0.061662198391420904,0.032083422459893055,0.0946106821106821,0.005361930294906163,-0.050676881720430125,0.05067345844504022,,,,,,,,
17,resynth_bigvgan,0.3780160857908847,0.058981233243967826,0.05630026809651475,0.08042895442359249,0.14209115281501342,0.28418230563002683,0.005361930294906114,0.005361930294906163,0.00536193029490617,-0.016085790884718495,0.002680965147453085,-0.002680965147453085,6.938893903907228e-18,xtts,False,0.0,0.01907356948228881,-0.021447721179624665,-6.938893903907228e-18,-0.008042895442359255,-0.002680965147453085,-0.02187169949947189,0.016043856002064493,-0.008042895442359255,-0.04043950691433259,0.00810865743792573,-0.010810810810810811,0.021508282476024404,-0.026954177897574122,0.016085790884718495,-0.03906504977154047,0.0026811453198420264,-0.05931127680768781,-0.002673796791443861
17,resynth_griffinlim,0.26273458445040215,0.00804289544235925,0.2520107238605898,0.010723860589812333,0.002680965147453083,0.46380697050938335,-0.10991957104557643,-0.045576407506702415,0.20107238605898123,-0.08579088471849866,-0.13672922252010725,0.17694369973190344,0.024128686327077792,xtts,False,0.002673796791443888,0.14441416893732972,-0.28686327077747986,-0.24664879356568364,-0.024128686327077792,-0.045576407506702415,-0.08448460780335092,-0.013101426932453801,-0.24664879356568364,-0.33871188083906223,-0.18666216216216214,,,,,,,,
17,resynth_glvocos,0.2949061662198391,0.005361930294906166,0.10991957104557641,0.002680965147453083,0.0,0.5871313672922251,-0.07774798927613946,-0.0482573726541555,0.05898123324396783,-0.0938337801608579,-0.13941018766756033,0.30026809651474523,0.2412868632707774,indextts,False,0.16970384485808132,0.3222245179063361,-0.39410187667560315,-0.3485254691689007,0.2412868632707774,-0.0482573726541555,-0.08944976386103383,-0.013404825737265414,-0.3485254691689007,-0.4504087578194817,-0.25861891891891897,,,,,,,,
17,resynth_encodec,0.16353887399463807,0.15013404825737264,0.6085790884718498,0.03753351206434316,0.0160857908847185,0.024128686327077747,-0.2091152815013405,0.09651474530831097,0.5576407506702412,-0.058981233243967826,-0.12332439678284184,-0.26273458445040215,0.46112600536193027,xtts,False,0.30374914207275217,0.6160155495978553,-0.6166219839142091,-0.46112600536193027,-0.8203753351206433,,,,,,,0.016259063941990764,0.17964333207700128,-0.6207057471264368,-0.2917715869585643,-0.10790900863269283,-0.00819616295171305,-0.7292280313751147,-0.5013
17,resynth_dac,0.3806970509383378,0.06702412868632708,0.03753351206434316,0.128686327077748,0.15013404825737264,0.2359249329758713,0.0080428954423592,0.013404825737265418,-0.013404825737265418,0.032171581769437005,0.010723860589812312,-0.05093833780160861,0.018766756032171587,cosyvoice3,False,3.469446951953614e-18,0.04533333333333334,0.018766756032171587,-0.018766756032171587,-0.08310991957104562,,,,,,,-0.0026456780767125593,0.031502312210973625,-0.05291356153425119,0.010472581978506472,0.010525625086337897,0.053911998251620914,-0.013554788707227748,0.0487904838064774
17,resynth_hift3,0.30563002680965146,0.1126005361930295,0.06970509383378017,0.17962466487935658,0.21179624664879357,0.12064343163538874,-0.06702412868632712,0.05898123324396783,0.018766756032171587,0.08310991957104559,0.07238605898123324,-0.16621983914209118,0.010723860589812353,cosyvoice3,True,1.3877787807814457e-17,0.06775990784431003,0.010723860589812353,-0.024128686327077757,-0.24932975871313678,0.08310991957104559,0.04042584710549707,0.12533333333333332,0.010723860589812353,-0.05948396198396198,0.0670818588025022,,,,,,,,
17,resynth_s3vc3,0.013404825737265416,0.064343163538874,0.032171581769437,0.5281501340482574,0.3297587131367292,0.032171581769437,-0.35924932975871315,0.010723860589812333,-0.01876675603217158,0.4316353887399464,0.1903485254691689,-0.2546916890080429,0.2412868632707775,cosyvoice3,True,0.10214246609955363,0.37409666177549505,0.2412868632707775,-0.42091152815013405,-0.6863270777479893,0.4316353887399464,0.3377442684036864,0.5284752854177478,0.2412868632707775,0.09617267175126384,0.37671506352087114,,,,,,,,
18,clean_real,0.44235924932975873,0.0777479892761394,0.032171581769437,0.1260053619302949,0.1126005361930295,0.20911528150134048,,,,,,,,,,,,,,,,,,,,,,,,,,,,
18,resynth_vocos,0.2949061662198391,0.13941018766756033,0.07238605898123325,0.2386058981233244,0.14745308310991956,0.10723860589812333,-0.1474530831099196,0.061662198391420925,0.04021447721179625,0.11260053619302948,0.03485254691689006,-0.10187667560321716,0.05093833780160856,cosyvoice3,False,0.00265251989389921,0.11705273392816287,0.05093833780160856,-0.05093833780160856,-0.21447721179624663,0.061662198391420925,0.029177718832891247,0.09948296711602148,-0.05093833780160856,-0.12264180656880842,0.013862629192845338,,,,,,,,
18,resynth_bigvgan,0.43967828418230565,0.08847184986595175,0.03753351206434316,0.12064343163538874,0.128686327077748,0.18498659517426275,-0.002680965147453085,0.01072386058981234,0.005361930294906163,-0.00536193029490617,0.016085790884718495,-0.024128686327077736,0.005361930294906156,chatterbox,False,0.0,0.03430306012759839,-0.021447721179624665,-0.005361930294906156,-0.04021447721179623,-0.024128686327077736,-0.05135832843713279,0.0,-0.04021447721179623,-0.08466297021091541,-0.013330687830687814,-0.005249689183588893,0.031917021276595736,-0.034852546916890076,0.018666666666666658,-0.026666666666666672,0.016307698034544373,-0.0567761940022214,0.005362290639684067
18,resynth_griffinlim,0.3190348525469169,0.058981233243967826,0.21715817694369974,0.013404825737265416,0.00804289544235925,0.38337801608579086,-0.12332439678284185,-0.01876675603217158,0.18498659517426275,-0.1126005361930295,-0.10455764075067024,0.17426273458445038,0.010723860589812367,xtts,False,0.0026178010471204207,0.1550906080199567,-0.29758713136729226,-0.20375335120643434,-0.010723860589812367,-0.01876675603217158,-0.05946348787812203,0.01902564770696843,-0.20375335120643434,-0.3027069367017148,-0.15384097035040434,,,,,,,,
18,resynth_glvocos,0.36193029490616624,0.024128686327077747,0.11796246648793565,0.0,0.00804289544235925,0.4879356568364611,-0.08042895442359249,-0.053619302949061656,0.08579088471849866,-0.1260053619302949,-0.10455764075067024,0.2788203753351206,0.19302949061662195,indextts,False,0.10597826086956524,0.2876353292090145,-0.4048257372654155,-0.33243967828418225,0.19302949061662195,-0.053619302949061656,-0.10263157894736841,-0.013404825737265416,-0.33243967828418225,-0.41804500168861874,-0.24531702127659577,,,,,,,,
18,resynth_encodec,0.08310991957104558,0.14745308310991956,0.6702412868632708,0.07238605898123325,0.0160857908847185,0.010723860589812333,-0.35924932975871315,0.06970509383378015,0.6380697050938338,-0.053619302949061656,-0.096514745308311,-0.19839142091152814,0.5683646112600536,xtts,False,0.39379390267647196,0.7098184696569921,-0.6916890080428955,-0.5683646112600536,-0.8364611260053619,,,,,,,-0.01917664151270709,0.16712719458002476,-0.7196846361185983,-0.398880662788648,-0.11749824199006727,0.005291708882134413,-0.8078973684210526,-0.5751415493795624
18,resynth_dac,0.43967828418230565,0.08579088471849866,0.024128686327077747,0.16621983914209115,0.12064343163538874,0.16353887399463807,-0.002680965147453085,0.008042895442359255,-0.008042895442359251,0.040214477211796246,0.00804289544235924,-0.045576407506702415,0.03217158176943699,cosyvoice3,False,2.7408630920433572e-17,0.06302146962084793,0.03217158176943699,-0.03217158176943699,-0.08579088471849866,,,,,,,-0.016042780748663096,0.03676260053054864,-0.07427055702917772,0.008411484554721741,0.01573720259552993,0.06879682539682538,-0.016043856002064483,0.06452047648030608
18,resynth_hift3,0.29222520107238603,0.1126005361930295,0.05361930294906166,0.2386058981233244,0.24664879356568364,0.05630026809651475,-0.1501340482573727,0.03485254691689009,0.021447721179624665,0.11260053619302948,0.13404825737265413,-0.15281501340482573,0.02144772117962465,chatterbox,False,0.0026664893617021116,0.11862255361537556,-0.02144772117962465,-0.09919571045576404,-0.28686327077747986,0.11260053619302948,0.04997615803814713,0.17742684179002308,-0.02144772117962465,-0.12231764874141877,0.07303036907875612,,,,,,,,
18,resynth_s3vc3,0.005361930294906166,0.0938337801608579,0.01876675603217158,0.5817694369973191,0.29222520107238603,0.00804289544235925,-0.43699731903485256,0.016085790884718495,-0.013404825737265418,0.4557640750670242,0.17962466487935652,-0.20107238605898123,0.2761394101876677,cosyvoice3,True,0.10636890690082172,0.44211161281219136,0.2761394101876677,-0.4396782841823057,-0.6568364611260055,0.4557640750670242,0.3216943126263423,0.5719002724328034,0.2761394101876677,0.11680096198558478,0.43801091232251976,,,,,,,,
19,clean_real,0.38337801608579086,0.0777479892761394,0.029490616621983913,0.11796246648793565,0.15281501340482573,0.2386058981233244,,,,,,,,,,,,,,,,,,,,,,,,,,,,
19,resynth_vocos,0.24396782841823056,0.11796246648793565,0.058981233243967826,0.2680965147453083,0.19302949061662197,0.11796246648793565,-0.1394101876675603,0.040214477211796246,0.029490616621983913,0.15013404825737267,0.040214477211796246,-0.12064343163538874,0.10991957104557643,cosyvoice3,False,0.031576875259013676,0.16003225806451613,0.10991957104557643,-0.10991957104557643,-0.2707774798927614,0.040214477211796246,0.01072314375421141,0.07368636755823987,-0.10991957104557643,-0.18162168392679812,-0.036511000356995414,,,,,,,,
19,resynth_bigvgan,0.40482573726541554,0.07238605898123325,0.024128686327077747,0.11528150134048257,0.1554959785522788,0.22788203753351208,0.02144772117962468,-0.005361930294906156,-0.005361930294906166,-0.002680965147453085,0.002680965147453085,-0.010723860589812312,0.00536193029490617,chatterbox,False,0.0,0.027032550261433093,-0.00536193029490617,-0.00804289544235924,-0.013404825737265397,-0.010723860589812312,-0.031496062992125984,0.010871798689696238,-0.013404825737265397,-0.04841762823212332,0.008065605928509174,-0.016172506738544465,0.005361930294906156,-0.03439153439153439,0.005291005291005291,-0.024130307878578238,0.018570114942528724,-0.037853430353430355,0.01667016806722689
19,resynth_griffinlim,0.34316353887399464,0.06702412868632708,0.0777479892761394,0.00804289544235925,0.03485254691689008,0.4691689008042895,-0.04021447721179622,-0.010723860589812326,0.04825737265415549,-0.1099195710455764,-0.11796246648793565,0.23056300268096513,0.18230563002680963,indextts,False,0.11020031913058477,0.2638775582970833,-0.34048257372654156,-0.24128686327077747,0.18230563002680963,-0.010723860589812326,-0.03713774761555393,0.01344176593339709,-0.24128686327077747,-0.3138507092198582,-0.17156854099054605,,,,,,,,
19,resynth_glvocos,0.36193029490616624,0.021447721179624665,0.05093833780160858,0.002680965147453083,0.01876675603217158,0.5442359249329759,-0.021447721179624624,-0.05630026809651474,0.021447721179624665,-0.11528150134048257,-0.13404825737265413,0.3056300268096515,0.28418230563002683,indextts,False,0.20259259912515867,0.36857419242641626,-0.4209115281501341,-0.36193029490616624,0.28418230563002683,-0.05630026809651474,-0.10188211473407915,-0.01896763307255714,-0.36193029490616624,-0.44591844696002503,-0.27630893640350873,,,,,,,,
19,resynth_encodec,0.0777479892761394,0.11528150134048257,0.7024128686327078,0.0777479892761394,0.01876675603217158,0.00804289544235925,-0.30563002680965146,0.03753351206434316,0.6729222520107239,-0.040214477211796246,-0.13404825737265413,-0.23056300268096513,0.6353887399463807,xtts,False,0.5104990069513405,0.7601840686622214,-0.7131367292225201,-0.6353887399463807,-0.9034852546916889,,,,,,,-0.031508661417322836,0.09435580226016825,-0.753315649867374,-0.5055764726809168,-0.10354676358049743,0.01608687191905216,-0.8342329227323627,-0.5864584706657878
19,resynth_dac,0.39946380697050937,0.08579088471849866,0.02680965147453083,0.16085790884718498,0.15281501340482573,0.1742627345844504,0.01608579088471851,0.008042895442359255,-0.0026809651474530814,0.04289544235924933,0.0,-0.06434316353887398,0.034852546916890076,cosyvoice3,False,0.0053191489361702066,0.05931127680768779,0.034852546916890076,-0.034852546916890076,-0.10723860589812331,,,,,,,-0.005420054200542007,0.02406417112299465,-0.06667112299465243,-0.005305039787798435,0.019174173615247175,0.06897471264367815,0.002702520579879071,0.060542413213885746
19,resynth_hift3,0.24128686327077747,0.12064343163538874,0.045576407506702415,0.26541554959785524,0.26273458445040215,0.064343163538874,-0.1420911528150134,0.04289544235924933,0.016085790884718502,0.14745308310991959,0.10991957104557643,-0.1742627345844504,0.03753351206434316,cosyvoice3,True,0.0026523444626892828,0.11859838274932616,0.03753351206434316,-0.10455764075067026,-0.32171581769436997,0.14745308310991959,0.09755616174582799,0.2021690925426774,0.03753351206434316,-0.038279333935717065,0.11114081996434934,,,,,,,,
19,resynth_s3vc3,0.013404825737265416,0.09919571045576407,0.00804289544235925,0.5844504021447721,0.29222520107238603,0.002680965147453083,-0.36997319034852544,0.021447721179624665,-0.021447721179624665,0.46648793565683644,0.1394101876675603,-0.2359249329758713,0.32707774798927614,cosyvoice3,True,0.18597614162025353,0.4704379718599863,0.32707774798927614,-0.44504021447721176,-0.7024128686327078,0.46648793565683644,0.35616218117854004,0.5722499999999999,0.32707774798927614,0.18448672521484571,0.4745308310991957,,,,,,,,
20,clean_real,0.3780160857908847,0.06702412868632708,0.029490616621983913,0.1126005361930295,0.1742627345844504,0.2386058981233244,,,,,,,,,,,,,,,,,,,,,,,,,,,,
20,resynth_vocos,0.2386058981233244,0.12064343163538874,0.04289544235924933,0.2734584450402145,0.2386058981233244,0.08579088471849866,-0.1394101876675603,0.053619302949061656,0.013404825737265418,0.16085790884718498,0.06434316353887398,-0.15281501340482573,0.096514745308311,cosyvoice3,False,0.013032782814739146,0.1684232334981099,0.096514745308311,-0.10723860589812333,-0.3136729222520107,0.053619302949061656,0.02732054317237682,0.07958088774761556,-0.10723860589812333,-0.18717832002408566,-0.03157481399834663,,,,,,,,
20,resynth_bigvgan,0.3753351206434316,0.064343163538874,0.029490616621983913,0.1260053619302949,0.1903485254691689,0.21447721179624665,-0.002680965147453085,-0.002680965147453085,0.0,0.01340482573726541,0.01608579088471848,-0.024128686327077736,0.002680965147453071,chatterbox,False,0.0,0.031830238726790444,-0.002680965147453071,-0.018766756032171567,-0.04021447721179622,-0.024128686327077736,-0.05249689183588893,0.005435152825494605,-0.04021447721179622,-0.08002156334231807,-0.013403929692764244,-0.013513513513513514,0.008196721311475412,-0.04486083018973566,-0.002666489361702125,-0.00533404825737265,0.03261091695296766,-0.029333333333333322,0.024395241903238708
20,resynth_griffinlim,0.34316353887399464,0.05630026809651475,0.04825737265415549,0.045576407506702415,0.064343163538874,0.44235924932975873,-0.03485254691689005,-0.010723860589812333,0.01876675603217158,-0.06702412868632708,-0.10991957104557641,0.20375335120643434,0.18498659517426275,indextts,False,0.10898442127709987,0.2566478807835191,-0.2707774798927614,-0.21447721179624668,0.18498659517426275,-0.010723860589812333,-0.02997275204359673,0.005420422410745848,-0.21447721179624668,-0.2849792687523558,-0.13562035629854782,,,,,,,,
20,resynth_glvocos,0.3512064343163539,0.02680965147453083,0.03485254691689008,0.01876675603217158,0.04289544235924933,0.5254691689008043,-0.026809651474530793,-0.040214477211796246,0.00536193029490617,-0.09383378016085792,-0.13136729222520108,0.2868632707774799,0.28150134048257375,indextts,False,0.20996313623926982,0.35223271583811067,-0.38069705093833783,-0.32707774798927614,0.28150134048257375,-0.040214477211796246,-0.07358209708345947,-0.010608679828950961,-0.32707774798927614,-0.40533513513513514,-0.2439794215795329,,,,,,,,
20,resynth_encodec,0.024128686327077747,0.1126005361930295,0.6970509383378016,0.13672922252010725,0.02680965147453083,0.002680965147453083,-0.35388739946380693,0.045576407506702415,0.6675603217158177,0.02412868632707775,-0.14745308310991959,-0.2359249329758713,0.6219839142091153,xtts,False,0.47042207223001403,0.7347693627008485,-0.6434316353887399,-0.6219839142091153,-0.9034852546916889,,,,,,,-0.020956482576141425,0.11235301403196893,-0.7493597479459182,-0.4931293800539086,-0.056495349035671605,0.1054087926977109,-0.7920369565217391,-0.49080872263621206
20,resynth_dac,0.4155495978552279,0.06970509383378017,0.0160857908847185,0.15281501340482573,0.17962466487935658,0.16621983914209115,0.03753351206434319,0.002680965147453085,-0.013404825737265414,0.04021447721179623,0.00536193029490617,-0.07238605898123324,0.03485254691689006,cosyvoice3,False,0.0026525198938992236,0.0663174064563463,0.03485254691689006,-0.03753351206434315,-0.11260053619302947,,,,,,,0.0,0.008296130952380902,-0.07238605898123324,-0.00787350043286474,0.010638297872340427,0.07087356948228879,-0.008021928001032233,0.06851693302891931
20,resynth_hift3,0.21179624664879357,0.1260053619302949,0.04825737265415549,0.26541554959785524,0.28418230563002683,0.064343163538874,-0.16621983914209112,0.058981233243967826,0.01876675603217158,0.15281501340482573,0.10991957104557643,-0.1742627345844504,0.0428954423592493,cosyvoice3,True,0.0026954177897574308,0.13829787234042554,0.0428954423592493,-0.0938337801608579,-0.32707774798927614,0.15281501340482573,0.08624180715839373,0.2171581769436997,0.0428954423592493,-0.06383404255319147,0.1321645423524688,,,,,,,,
20,resynth_s3vc3,0.010723860589812333,0.10187667560321716,0.013404825737265416,0.579088471849866,0.28418230563002683,0.010723860589812333,-0.36729222520107235,0.034852546916890076,-0.016085790884718495,0.4664879356568365,0.10991957104557643,-0.22788203753351205,0.35656836461126007,cosyvoice3,True,0.20855614973262035,0.5013551981568861,0.35656836461126007,-0.43163538873994645,-0.6943699731903485,0.4664879356568365,0.35831755874673626,0.574894652406417,0.35656836461126007,0.200474979348724,0.490743357829282,,,,,,,,
21,clean_real,0.47989276139410186,0.05361930294906166,0.01876675603217158,0.1581769436997319,0.13941018766756033,0.15013404825737264,,,,,,,,,,,,,,,,,,,,,,,,,,,,
21,resynth_vocos,0.30831099195710454,0.10723860589812333,0.021447721179624665,0.3109919571045576,0.17158176943699732,0.08042895442359249,-0.17158176943699732,0.05361930294906166,0.002680965147453085,0.15281501340482573,0.03217158176943699,-0.06970509383378015,0.09919571045576406,cosyvoice3,False,0.026330432377223593,0.16352216658074967,0.09919571045576406,-0.09919571045576406,-0.22252010723860588,0.05361930294906166,0.02666312997347479,0.08511776083741038,-0.09919571045576406,-0.17241611673947393,-0.02173765759396723,,,,,,,,
21,resynth_bigvgan,0.46648793565683644,0.05630026809651475,0.01876675603217158,0.18230563002680966,0.12332439678284182,0.15281501340482573,-0.013404825737265424,0.002680965147453085,0.0,0.024128686327077764,-0.01608579088471851,0.002680965147453085,0.02144772117962468,cosyvoice3,False,1.3704315460216786e-17,0.04474574200753873,0.02144772117962468,-0.02144772117962468,-0.02144772117962468,0.002680965147453085,-0.021567737020977383,0.02941176470588236,-0.02144772117962468,-0.06069406437434824,0.013443592097211299,-0.00808625336927224,0.015916177549523115,-0.04825737265415547,0.002652696258253841,0.0,0.048000000000000015,-0.01902564770696845,0.043386083338640136
21,resynth_griffinlim,0.3914209115281501,0.05093833780160858,0.029490616621983913,0.10723860589812333,0.1126005361930295,0.30831099195710454,-0.08847184986595175,-0.002680965147453085,0.010723860589812333,-0.05093833780160857,-0.026809651474530835,0.1581769436997319,0.14745308310991956,indextts,False,0.08821774067717271,0.20813638366627493,-0.20911528150134046,-0.16085790884718498,0.14745308310991956,-0.002680965147453085,-0.02910830999066293,0.01579156223893066,-0.16085790884718498,-0.2165920560278706,-0.10381806405503193,,,,,,,,
21,resynth_glvocos,0.49865951742627346,0.032171581769437,0.021447721179624665,0.04825737265415549,0.07238605898123325,0.32707774798927614,0.018766756032171594,-0.021447721179624665,0.002680965147453085,-0.1099195710455764,-0.06702412868632708,0.1769436997319035,0.1742627345844504,indextts,False,0.12104240158035842,0.23281068524970966,-0.28686327077747986,-0.19839142091152817,0.1742627345844504,-0.021447721179624665,-0.058015799935689435,0.0,-0.19839142091152817,-0.2624777951736493,-0.14399042553191488,,,,,,,,
21,resynth_encodec,0.045576407506702415,0.11528150134048257,0.6621983914209115,0.14209115281501342,0.032171581769437,0.002680965147453083,-0.4343163538873994,0.061662198391420904,0.6434316353887399,-0.01608579088471848,-0.10723860589812334,-0.14745308310991956,0.581769436997319,xtts,False,0.45328504043126683,0.7113139633930983,-0.6595174262734584,-0.581769436997319,-0.7908847184986595,,,,,,,-0.0055424657534246455,0.12767489138910545,-0.7085732242501744,-0.4470942081388469,-0.09165039702775553,0.05903190135186063,-0.7962591817607185,-0.5213847155023625
21,resynth_dac,0.4584450402144772,0.06166219839142091,0.002680965147453083,0.21447721179624665,0.15281501340482573,0.10991957104557641,-0.02144772117962468,0.008042895442359248,-0.016085790884718495,0.056300268096514755,0.013404825737265397,-0.04021447721179623,0.04289544235924936,cosyvoice3,False,0.005361930294906182,0.070465491339696,0.04289544235924936,-0.04825737265415551,-0.09651474530831099,,,,,,,-0.010526315789473675,0.02681145319842025,-0.08201511198086543,-0.01617033884219883,0.029177718832891247,0.08767123287671234,0.0026588745800671795,0.07161803713527852
21,resynth_hift3,0.2868632707774799,0.10187667560321716,0.013404825737265416,0.30294906166219837,0.24932975871313673,0.045576407506702415,-0.19302949061662195,0.04825737265415549,-0.005361930294906165,0.14477211796246647,0.1099195710455764,-0.10455764075067023,0.034852546916890076,cosyvoice3,True,0.002645328140051096,0.13978494623655913,0.034852546916890076,-0.09651474530831097,-0.2493297587131367,0.14477211796246647,0.07566550421389129,0.21508639033109198,0.034852546916890076,-0.05867058823529412,0.13175188743994504,,,,,,,,
21,resynth_s3vc3,0.029490616621983913,0.07506702412868632,0.005361930294906166,0.5844504021447721,0.2868632707774799,0.01876675603217158,-0.45040214477211793,0.02144772117962466,-0.013404825737265414,0.42627345844504017,0.14745308310991959,-0.13136729222520105,0.2788203753351206,cosyvoice3,True,0.14009433962264156,0.4316445040214477,0.2788203753351206,-0.4048257372654155,-0.5576407506702412,0.42627345844504017,0.3123188869683972,0.5271813784042045,0.2788203753351206,0.12632684512751216,0.41565186890671646,,,,,,,,
22,clean_real,0.43699731903485256,0.04825737265415549,0.021447721179624665,0.16890080428954424,0.16890080428954424,0.1554959785522788,,,,,,,,,,,,,,,,,,,,,,,,,,,,
22,resynth_vocos,0.3378016085790885,0.08042895442359249,0.021447721179624665,0.24664879356568364,0.23056300268096513,0.08310991957104558,-0.09919571045576409,0.032171581769437,0.0,0.0777479892761394,0.0616621983914209,-0.07238605898123324,0.01608579088471851,cosyvoice3,False,2.7755575615628914e-17,0.06383832062805782,0.01608579088471851,-0.04557640750670241,-0.15013404825737264,0.032171581769437,0.0053908355795148286,0.06559666027206136,-0.04557640750670241,-0.10638297872340421,0.010933515482695819,,,,,,,,
22,resynth_bigvgan,0.42091152815013405,0.045576407506702415,0.01876675603217158,0.18498659517426275,0.17962466487935658,0.15013404825737264,-0.01608579088471851,-0.002680965147453078,-0.002680965147453085,0.01608579088471851,0.01072386058981234,-0.00536193029490617,0.00536193029490617,cosyvoice3,False,0.0,0.03421052631578947,0.00536193029490617,-0.018766756032171587,-0.02144772117962468,-0.00536193029490617,-0.02925531914893617,0.019021739130434784,-0.02144772117962468,-0.053475935828877,0.00265305181633784,-0.013263481291269263,0.005390835579514825,-0.04234511008704557,-0.005347593582887694,-0.00270288581264191,0.034948591426832445,-0.029620118845500875,0.029974799362725388
22,resynth_griffinlim,0.4075067024128686,0.04289544235924933,0.032171581769437,0.1260053619302949,0.15281501340482573,0.2386058981233244,-0.029490616621983934,-0.005361930294906163,0.010723860589812333,-0.04289544235924933,-0.01608579088471851,0.08310991957104558,0.07238605898123324,indextts,False,0.01901916862514689,0.12024341778440135,-0.1260053619302949,-0.08847184986595175,0.07238605898123324,-0.005361930294906163,-0.021447721179624665,0.008064516129032258,-0.08847184986595175,-0.14207686898430977,-0.03670278243521452,,,,,,,,
22,resynth_glvocos,0.47989276139410186,0.03485254691689008,0.02680965147453083,0.06970509383378017,0.09115281501340483,0.2975871313672922,0.0428954423592493,-0.01340482573726541,0.005361930294906166,-0.09919571045576407,-0.0777479892761394,0.1420911528150134,0.13672922252010722,indextts,False,0.09184327184327182,0.1871783200240857,-0.24128686327077747,-0.1554959785522788,0.13672922252010722,-0.01340482573726541,-0.034668983957219256,0.007979255319148934,-0.1554959785522788,-0.20653342683496959,-0.10566974822974039,,,,,,,,
22,resynth_encodec,0.18498659517426275,0.24664879356568364,0.2520107238605898,0.23056300268096513,0.07506702412868632,0.010723860589812333,-0.2520107238605898,0.19839142091152814,0.23056300268096513,0.0616621983914209,-0.09383378016085792,-0.14477211796246647,0.03217158176943699,xtts,False,0.0026737967914438874,0.17896430083251022,-0.16890080428954424,-0.03217158176943699,-0.3753351206434316,,,,,,,0.12094082359145644,0.27972882638805374,-0.17915639202305342,0.10088980308773218,0.0,0.12332439678284182,-0.3173787234042553,-0.07603917821309131
22,resynth_dac,0.4128686327077748,0.06166219839142091,0.002680965147453083,0.225201072386059,0.1769436997319035,0.12064343163538874,-0.024128686327077764,0.013404825737265418,-0.01876675603217158,0.056300268096514755,0.008042895442359255,-0.034852546916890076,0.04289544235924934,cosyvoice3,False,0.0027170240893066963,0.08065059560038255,0.04289544235924934,-0.04289544235924934,-0.09115281501340483,,,,,,,-0.0026881720430107503,0.03532608695652174,-0.07967581660763481,-0.007976623740201553,0.0238711001642036,0.08824547824670036,0.0026523444626892828,0.07902989810010826
22,resynth_hift3,0.3163538873994638,0.08310991957104558,0.0,0.2546916890080429,0.2734584450402145,0.07238605898123325,-0.12064343163538876,0.03485254691689008,-0.021447721179624665,0.08579088471849866,0.10455764075067026,-0.08310991957104556,0.018766756032171594,chatterbox,False,2.7755575615628914e-17,0.08201602037808936,-0.018766756032171594,-0.06970509383378018,-0.18766756032171583,0.08579088471849866,0.03733085106382981,0.13192612137203166,-0.018766756032171594,-0.09549415865837571,0.048165342567124146,,,,,,,,
22,resynth_s3vc3,0.08042895442359249,0.05630026809651475,0.0,0.49865951742627346,0.34316353887399464,0.021447721179624665,-0.35656836461126007,0.008042895442359255,-0.021447721179624665,0.3297587131367292,0.1742627345844504,-0.13404825737265413,0.1554959785522788,cosyvoice3,True,0.029725733798314447,0.27275749516441,0.1554959785522788,-0.32171581769436997,-0.46380697050938335,0.3297587131367292,0.23859313162262227,0.41604973544973534,0.1554959785522788,0.021726156152692817,0.282000354609929,,,,,,,,
23,clean_real,0.3351206434316354,0.03485254691689008,0.029490616621983913,0.2386058981233244,0.18230563002680966,0.17962466487935658,,,,,,,,,,,,,,,,,,,,,,,,,,,,
23,resynth_vocos,0.257372654155496,0.05093833780160858,0.029490616621983913,0.289544235924933,0.24664879356568364,0.1260053619302949,-0.0777479892761394,0.016085790884718495,0.0,0.05093833780160861,0.06434316353887398,-0.05361930294906167,0.013404825737265369,chatterbox,False,2.7755575615628914e-17,0.08777180851063829,-0.013404825737265369,-0.048257372654155486,-0.11796246648793565,0.016085790884718495,0.0,0.03858241805666442,-0.048257372654155486,-0.10456466747383898,-0.016042780748663117,,,,,,,,
23,resynth_bigvgan,0.32707774798927614,0.03753351206434316,0.021447721179624665,0.2359249329758713,0.21715817694369974,0.16085790884718498,-0.008042895442359255,0.002680965147453078,-0.008042895442359248,-0.002680965147453085,0.034852546916890076,-0.018766756032171594,0.032171581769437,chatterbox,False,0.002666489361702126,0.07105263157894737,-0.03753351206434316,-0.032171581769437,-0.05361930294906167,-0.018766756032171594,-0.04021447721179623,0.002790009082652087,-0.05361930294906167,-0.09973719676549866,-0.019594486295880776,0.0,0.008219178082191782,-0.07467667560321718,-0.0027620514844271817,-0.04011234259099534,0.03723404255319146,-0.10514271797726474,0.02446154705181656
23,resynth_griffinlim,0.34048257372654156,0.029490616621983913,0.045576407506702415,0.12332439678284182,0.19302949061662197,0.2680965147453083,0.00536193029490617,-0.00536193029490617,0.016085790884718502,-0.11528150134048257,0.010723860589812312,0.08847184986595175,0.07238605898123324,indextts,False,0.010521819990484817,0.11475957745244146,-0.2037533512064343,-0.09383378016085792,0.07238605898123324,-0.00536193029490617,-0.032173743838104306,0.021109575463137468,-0.09383378016085792,-0.14557066152434478,-0.047993633952254644,,,,,,,,
23,resynth_glvocos,0.40482573726541554,0.01876675603217158,0.040214477211796246,0.08847184986595175,0.11528150134048257,0.3324396782841823,0.06970509383378015,-0.016085790884718502,0.010723860589812333,-0.15013404825737264,-0.0670241286863271,0.15281501340482573,0.1420911528150134,indextts,False,0.09042553191489361,0.19251583818943743,-0.30294906166219837,-0.16890080428954424,0.1420911528150134,-0.016085790884718502,-0.04065594470658603,0.008131188941317207,-0.16890080428954424,-0.22165054236294343,-0.11590012767768477,,,,,,,,
23,resynth_encodec,0.16353887399463807,0.3163538873994638,0.021447721179624665,0.289544235924933,0.1876675603217158,0.021447721179624665,-0.17158176943699732,0.2815013404825737,-0.008042895442359248,0.05093833780160861,0.005361930294906142,-0.1581769436997319,0.23056300268096508,f5tts,False,0.09944906848369843,0.3422206896551723,-0.23056300268096508,0.23056300268096508,-0.4396782841823056,,,,,,,0.21350900900900902,0.3582887700534759,0.10931883289124669,0.3423931655747469,-0.01609236545864959,0.12603531447930474,-0.3600108401084011,-0.10410684931506851
23,resynth_dac,0.353887399463807,0.06166219839142091,0.002680965147453083,0.2225201072386059,0.19571045576407506,0.16353887399463807,0.018766756032171594,0.026809651474530828,-0.026809651474530828,-0.01608579088471848,0.013404825737265397,-0.01608579088471851,0.013404825737265431,f5tts,False,6.938893903907228e-18,0.04023091364662394,-0.04289544235924931,0.013404825737265431,-0.04289544235924934,,,,,,,0.00804182305630027,0.04696784837323511,-0.016261267232237548,0.04000267379679146,-0.03448505135730006,0.0026462099991511746,-0.0735745075266896,-0.016084715631317116
23,resynth_hift3,0.26005361930294907,0.07238605898123325,0.0,0.2680965147453083,0.27882037533512066,0.12064343163538874,-0.07506702412868632,0.03753351206434317,-0.029490616621983913,0.029490616621983934,0.096514745308311,-0.05898123324396784,0.05898123324396783,chatterbox,False,0.0027322404371584864,0.1105568127765686,-0.06702412868632707,-0.05898123324396783,-0.15549597855227884,0.029490616621983934,-0.018923930900582458,0.07612552718509132,-0.06702412868632707,-0.14481135159877068,0.00791767810026385,,,,,,,,
23,resynth_s3vc3,0.08847184986595175,0.06970509383378017,0.0,0.49865951742627346,0.3136729222520107,0.029490616621983913,-0.24664879356568364,0.03485254691689008,-0.029490616621983913,0.26005361930294907,0.13136729222520105,-0.15013404825737267,0.12868632707774802,cosyvoice3,True,0.013512602899395326,0.2654248977000141,0.12868632707774802,-0.225201072386059,-0.41018766756032177,0.26005361930294907,0.16846630434782606,0.3543583825894442,0.12868632707774802,-0.018716577540106943,0.26957267149866676,,,,,,,,
24,clean_real,0.34048257372654156,0.05361930294906166,0.03753351206434316,0.2359249329758713,0.19302949061662197,0.13941018766756033,,,,,,,,,,,,,,,,,,,,,,,,,,,,
24,resynth_vocos,0.35656836461126007,0.06702412868632708,0.032171581769437,0.2546916890080429,0.1742627345844504,0.11528150134048257,0.01608579088471851,0.013404825737265418,-0.005361930294906163,0.018766756032171594,-0.018766756032171567,-0.024128686327077764,0.005361930294906177,cosyvoice3,False,6.938893903907228e-18,0.04521578014184397,0.005361930294906177,-0.005361930294906177,-0.04289544235924936,0.013404825737265418,-0.005362652927021386,0.03524000445483907,-0.005361930294906177,-0.044866842568161834,0.026957830225202515,,,,,,,,
24,resynth_bigvgan,0.36193029490616624,0.045576407506702415,0.02680965147453083,0.23324396782841822,0.19302949061662197,0.13941018766756033,0.02144772117962468,-0.008042895442359248,-0.01072386058981233,-0.002680965147453085,0.0,0.0,0.0,chatterbox,False,0.0,0.034852546916890076,-0.002680965147453085,-0.008042895442359248,0.0,0.0,-0.02632278835386338,0.026043366514360303,0.0,-0.045339410187667566,0.02368734335839598,-0.02387586206896551,0.007916090798676551,-0.05291005291005291,0.00544034818228363,-0.03743315508021389,0.03191489361702127,-0.058666666666666645,0.03430306012759835
24,resynth_griffinlim,0.35924932975871315,0.06702412868632708,0.04825737265415549,0.16621983914209115,0.14745308310991956,0.21179624664879357,0.018766756032171594,0.013404825737265418,0.010723860589812333,-0.06970509383378015,-0.045576407506702415,0.07238605898123324,0.05898123324396782,indextts,False,0.005276352329309758,0.11783135142950084,-0.1420911528150134,-0.05898123324396782,0.05898123324396782,0.013404825737265418,-0.005405771625283821,0.0326975476839237,-0.05898123324396782,-0.12337532100940213,-1.3877787807814457e-17,,,,,,,,
24,resynth_glvocos,0.38337801608579086,0.07506702412868632,0.045576407506702415,0.16353887399463807,0.13136729222520108,0.20107238605898123,0.0428954423592493,0.02144772117962466,0.008042895442359255,-0.07238605898123324,-0.0616621983914209,0.0616621983914209,0.04021447721179624,indextts,False,0.002680785938552844,0.0957574809420867,-0.13404825737265413,-0.04021447721179624,0.04021447721179624,0.02144772117962466,0.0027100271002710036,0.04594594594594595,-0.04021447721179624,-0.0971306915439918,0.010755610098176707,,,,,,,,
24,resynth_encodec,0.289544235924933,0.13672922252010725,0.002680965147453083,0.30294906166219837,0.18498659517426275,0.08310991957104558,-0.05093833780160856,0.08310991957104558,-0.034852546916890076,0.06702412868632707,-0.008042895442359227,-0.056300268096514755,0.01608579088471851,f5tts,False,2.7755575615628914e-17,0.0930851063829787,-0.01608579088471851,0.01608579088471851,-0.13941018766756033,,,,,,,0.04618017105723277,0.1200054644808743,-0.06368621619109587,0.09733812689695043,0.010664550264550255,0.12097589340057385,-0.0972972972972973,0.06480943403201361
24,resynth_dac,0.35656836461126007,0.04825737265415549,0.002680965147453083,0.257372654155496,0.19839142091152814,0.13672922252010725,0.01608579088471851,-0.00536193029490617,-0.034852546916890076,0.02144772117962468,0.00536193029490617,-0.002680965147453085,0.01608579088471851,cosyvoice3,False,1.3530843112619115e-17,0.05898123324396781,0.01608579088471851,-0.02680965147453085,-0.024128686327077764,,,,,,,-0.024130307878578224,0.010901428272000479,-0.0765222110538733,-0.00265216995723772,-0.01881847230675597,0.059636930615881475,-0.04245169640380881,0.05805133252362805
24,resynth_hift3,0.35924932975871315,0.07506702412868632,0.002680965147453083,0.26005361930294907,0.19302949061662197,0.10991957104557641,0.018766756032171594,0.02144772117962466,-0.034852546916890076,0.024128686327077764,0.0,-0.02949061662198392,0.0026809651474531057,cosyvoice3,True,0.0,0.043981481481481455,0.0026809651474531057,-0.0026809651474531057,-0.053619302949061684,0.024128686327077764,-0.005449591280653922,0.05135483044019629,0.0026809651474531057,-0.042005889847323445,0.038043478260869554,,,,,,,,
24,resynth_s3vc3,0.24128686327077747,0.07506702412868632,0.0,0.2949061662198391,0.29222520107238603,0.09651474530831099,-0.09919571045576409,0.02144772117962466,-0.03753351206434316,0.05898123324396781,0.09919571045576406,-0.042895442359249344,0.040214477211796246,chatterbox,False,0.0026525198938992236,0.11749035679845707,-0.040214477211796246,-0.0777479892761394,-0.1420911528150134,0.05898123324396781,0.008063437985164734,0.11051212938005389,-0.040214477211796246,-0.12267486631016043,0.042613700326466206,,,,,,,,
