cond,utt_id,speaker,wer,sub,del,ins,cer,hyp
real,1089-134686-0033,1089,0.1666666666666666,0.1666666666666666,0.0,0.0,0.088235294117647,"A great saint, St. Francis Xavier."
f5tts,1089-134686-0033,1089,0.1666666666666666,0.1666666666666666,0.0,0.0,0.088235294117647,"A great Saint, Saint Francis Saviour."
xtts,1089-134686-0033,1089,0.1666666666666666,0.0,0.0,0.1666666666666666,0.1470588235294117,"a great saint, Saint Francis Xavier Dopt."
chatterbox,1089-134686-0033,1089,0.0,0.0,0.0,0.0,0.0,"A great saint, Saint Francis Xavier,"
indextts,1089-134686-0033,1089,0.0,0.0,0.0,0.0,0.0,"A great Saint, Saint Francis Xavier."
cosyvoice3,1089-134686-0033,1089,0.1666666666666666,0.1666666666666666,0.0,0.0,0.088235294117647,"A great saint, St. Francis Xavier,"
real,1089-134691-0020,1089,0.1666666666666666,0.1666666666666666,0.0,0.0,0.0263157894736842,"Hello, Stephanos. Here comes the Daedalus."
f5tts,1089-134691-0020,1089,0.1666666666666666,0.1666666666666666,0.0,0.0,0.0263157894736842,"Hello, Stephanos, here comes the Daedalus."
xtts,1089-134691-0020,1089,0.1666666666666666,0.1666666666666666,0.0,0.0,0.0263157894736842,"Hello.  Stephanos, here comes the Daedalus."
chatterbox,1089-134691-0020,1089,0.1666666666666666,0.1666666666666666,0.0,0.0,0.0263157894736842,"Hello, Stephanos. Here comes the Daedalus."
indextts,1089-134691-0020,1089,0.1666666666666666,0.1666666666666666,0.0,0.0,0.0263157894736842,"Hello, Stephanos. Here comes the Daedalus."
cosyvoice3,1089-134691-0020,1089,0.1666666666666666,0.1666666666666666,0.0,0.0,0.0263157894736842,"Hello, Stephanos. Here comes the Daedalus."
real,1089-134686-0016,1089,0.1,0.1,0.0,0.0,0.0181818181818181,"Then you can ask him questions on the catechism, Daedalus."
f5tts,1089-134686-0016,1089,0.1,0.1,0.0,0.0,0.0181818181818181,Then you can ask him questions on the Catechism Daedalus.
xtts,1089-134686-0016,1089,0.1,0.1,0.0,0.0,0.0181818181818181,Then you can ask him questions on the Catechism Daedalus.
chatterbox,1089-134686-0016,1089,0.1,0.1,0.0,0.0,0.0181818181818181,Then you can ask him questions on the Catechism Daedalus.
indextts,1089-134686-0016,1089,0.1,0.1,0.0,0.0,0.0181818181818181,Then you can ask him questions on the Catechism Daedalus.
cosyvoice3,1089-134686-0016,1089,0.1,0.1,0.0,0.0,0.0181818181818181,Then you can ask him questions on the Catechism Daedalus.
real,1089-134691-0001,1089,0.0,0.0,0.0,0.0,0.0,"For a full hour he had paced up and down, waiting, but he could wait no longer."
f5tts,1089-134691-0001,1089,0.0,0.0,0.0,0.0,0.0,"For a full hour he had paced up and down waiting, but he could wait no longer."
xtts,1089-134691-0001,1089,0.0,0.0,0.0,0.0,0.0,"For a full hour he had paced up and down waiting, but he could wait no longer."
chatterbox,1089-134691-0001,1089,0.0,0.0,0.0,0.0,0.0,"For a full hour he had paced up and down waiting, but he could wait no longer."
indextts,1089-134691-0001,1089,0.0,0.0,0.0,0.0,0.0,"For a full hour he had paced up and down, waiting, but he could wait no longer."
cosyvoice3,1089-134691-0001,1089,0.0,0.0,0.0,0.0,0.0,"For a full hour he had paced up and down waiting, but he could wait no longer."
real,1089-134691-0004,1089,0.0,0.0,0.0,0.0,0.0,"Pride, after satisfaction, uplifted him like long, slow waves."
f5tts,1089-134691-0004,1089,0.0,0.0,0.0,0.0,0.0,"Pride after satisfaction uplifted him like long, slow waves."
xtts,1089-134691-0004,1089,0.0,0.0,0.0,0.0,0.0,"Pride after satisfaction uplifted him like long, slow waves."
chatterbox,1089-134691-0004,1089,0.0,0.0,0.0,0.0,0.0,"Pride after satisfaction uplifted him like long, slow waves."
indextts,1089-134691-0004,1089,0.0,0.0,0.0,0.0,0.0,"Pride after satisfaction uplifted him like long, slow waves."
cosyvoice3,1089-134691-0004,1089,0.0,0.0,0.0,0.0,0.0,"Pride after satisfaction uplifted him like long, slow waves."
real,1089-134691-0025,1089,0.0,0.0,0.0,0.0,0.0,"A moment before, the ghost of the ancient kingdom of the Danes had looked forth through the vesture of the haze-wrapped city."
f5tts,1089-134691-0025,1089,0.0,0.0,0.0,0.0,0.0,"A moment before the ghost of the ancient kingdom of the Danes had looked forth through the vesture of the haze-wrapped city,"
xtts,1089-134691-0025,1089,0.0,0.0,0.0,0.0,0.0,a moment before the ghost of the ancient kingdom of the Danes had looked forth  through the vesture of the haze-wrapped city.
chatterbox,1089-134691-0025,1089,0.0,0.0,0.0,0.0,0.0,A moment before the ghost of the ancient kingdom of the Danes had looked forth through the  vesture of the haze-wrapped city.
indextts,1089-134691-0025,1089,0.0,0.0,0.0,0.0,0.0,"a moment before the ghost of the ancient kingdom of the Danes, had looked forth through the vesture  of the haze-wrapped city."
cosyvoice3,1089-134691-0025,1089,0.0,0.0,0.0,0.0,0.0,"A moment before, the ghost of the ancient kingdom of the Danes had looked forth through the vesture of the haze-wrapped city."
real,1089-134686-0028,1089,0.1111111111111111,0.1111111111111111,0.0,0.0,0.0373831775700934,"The retreat will begin on Wednesday afternoon in honor of St. Francis Xavier, whose feast day is Saturday."
f5tts,1089-134686-0028,1089,0.1111111111111111,0.1111111111111111,0.0,0.0,0.0373831775700934,"The retreat will begin on Wednesday afternoon in honor of St. Francis Xavier, whose feast day is Saturday."
xtts,1089-134686-0028,1089,0.1111111111111111,0.1111111111111111,0.0,0.0,0.0373831775700934,"The retreat will begin on Wednesday afternoon in honor of St. Francis Xavier, whose feast  day is Saturday."
chatterbox,1089-134686-0028,1089,0.1111111111111111,0.1111111111111111,0.0,0.0,0.0373831775700934,"The retreat will begin on Wednesday afternoon in honor of St. Francis Xavier, whose feast day is Saturday."
indextts,1089-134686-0028,1089,0.1111111111111111,0.1111111111111111,0.0,0.0,0.0373831775700934,"The retreat will begin on Wednesday afternoon in honor of St. Francis Xavier, whose feast day is Saturday."
cosyvoice3,1089-134686-0028,1089,0.1111111111111111,0.1111111111111111,0.0,0.0,0.0373831775700934,"The retreat will begin on Wednesday afternoon in honor of St. Francis Xavier, whose feast day is Saturday."
real,1089-134686-0026,1089,0.0,0.0,0.0,0.0,0.0,The rector did not ask for a catechism to hear the lesson from.
f5tts,1089-134686-0026,1089,0.0,0.0,0.0,0.0,0.0,The rector did not ask for a catechism to hear the lesson from.
xtts,1089-134686-0026,1089,0.0,0.0,0.0,0.0,0.0,The rector did not ask for a catechism to hear the lesson from.
chatterbox,1089-134686-0026,1089,0.0,0.0,0.0,0.0,0.0,The rector did not ask for a catechism to hear the lesson from.
indextts,1089-134686-0026,1089,0.0,0.0,0.0,0.0,0.0,The rector did not ask for a catechism to hear the lesson from.
cosyvoice3,1089-134686-0026,1089,0.0,0.0,0.0,0.0,0.0,"The rector did not ask for a catechism to hear the lesson from,"
real,1089-134686-0021,1089,0.0,0.0,0.0,0.0,0.0,"If a layman, in giving baptism, pour the water before saying the words, is the child baptized?"
f5tts,1089-134686-0021,1089,0.0,0.0,0.0,0.0,0.0,"If a layman, in giving baptism, pour the water before saying the words,  Is the child baptized?"
xtts,1089-134686-0021,1089,0.0,0.0,0.0,0.0,0.0,If a layman in giving baptism pour the water before saying the words is the child baptized.
chatterbox,1089-134686-0021,1089,0.0,0.0,0.0,0.0,0.0,"If a layman, in giving baptism, pour the water before saying the words, Is the child baptized?"
indextts,1089-134686-0021,1089,0.0,0.0,0.0,0.0,0.0,"If a layman in giving baptism pour the water before saying the words, Is the child baptized?"
cosyvoice3,1089-134686-0021,1089,0.0588235294117647,0.0,0.0,0.0588235294117647,0.0666666666666666,"If a layman, quote, in giving baptism pour the water before saying the words, is the child baptized."
real,672-122797-0007,672,0.1428571428571428,0.0714285714285714,0.0714285714285714,0.0,0.0133333333333333,in autumn the woodcutters always came and felled some of the largest trees
f5tts,672-122797-0007,672,0.1428571428571428,0.0714285714285714,0.0714285714285714,0.0,0.0133333333333333,In autumn the woodcutters always came and felled some of the largest trees.
xtts,672-122797-0007,672,0.1428571428571428,0.0714285714285714,0.0714285714285714,0.0,0.0133333333333333,"In autumn, the woodcutters always came and felled some of the largest trees."
chatterbox,672-122797-0007,672,0.1428571428571428,0.0714285714285714,0.0714285714285714,0.0,0.0133333333333333,"In autumn, the woodcutters always came and felled some of the largest trees."
indextts,672-122797-0007,672,0.1428571428571428,0.0714285714285714,0.0714285714285714,0.0,0.0133333333333333,In autumn the woodcutters always came and felled some of the largest trees.
cosyvoice3,672-122797-0007,672,0.1428571428571428,0.0714285714285714,0.0714285714285714,0.0,0.0133333333333333,in autumn the woodcutters always came and felled some of the largest trees
real,672-122797-0043,672,0.0,0.0,0.0,0.0,0.0,what's the meaning of this thought the tree
f5tts,672-122797-0043,672,0.0,0.0,0.0,0.0,0.0,What's the meaning of this thought the tree?
xtts,672-122797-0043,672,0.0,0.0,0.0,0.0,0.0,"What's the meaning of this thought, the tree?"
chatterbox,672-122797-0043,672,0.0,0.0,0.0,0.0,0.0,"What's the meaning of this thought, the tree?"
indextts,672-122797-0043,672,0.25,0.125,0.0,0.125,0.0465116279069767,What is the meaning of this thought the tree?
cosyvoice3,672-122797-0043,672,0.0,0.0,0.0,0.0,0.0,what's the meaning of this thought the tree
real,672-122797-0000,672,0.0,0.0,0.0,0.0,0.0,Out in the woods stood a nice little fir tree.
f5tts,672-122797-0000,672,0.0,0.0,0.0,0.0,0.0,Out in the woods stood a nice little fir tree.
xtts,672-122797-0000,672,0.0,0.0,0.0,0.0,0.0,Out in the woods stood a nice little fir tree.
chatterbox,672-122797-0000,672,0.0,0.0,0.0,0.0,0.0,Out in the woods stood a nice little fir tree.
indextts,672-122797-0000,672,0.0,0.0,0.0,0.0,0.0,Out in the woods stood a nice little fir tree.
cosyvoice3,672-122797-0000,672,0.0,0.0,0.0,0.0,0.0,Out in the woods stood a nice little fir tree.
real,672-122797-0038,672,0.0952380952380952,0.0476190476190476,0.0476190476190476,0.0,0.0095238095238095,thought the fir tree and believed it all because the man who told the story was so good-looking well well
f5tts,672-122797-0038,672,0.2857142857142857,0.1428571428571428,0.1428571428571428,0.0,0.0285714285714285,"thought the fir-tree and believed it all, because the man who told the story was so good-looking well-well."
xtts,672-122797-0038,672,0.0952380952380952,0.0476190476190476,0.0476190476190476,0.0,0.0095238095238095,"thought the fir tree and believed it all,  because the man who told the story was so good-looking, well, well."
chatterbox,672-122797-0038,672,0.1904761904761904,0.0952380952380952,0.0952380952380952,0.0,0.019047619047619,thought the fir-tree and believed it all because the man who told the story was so good-looking well well
indextts,672-122797-0038,672,0.2857142857142857,0.1428571428571428,0.1428571428571428,0.0,0.0285714285714285,"thought the fir-tree, and believed it all because the man who told the story was so good-looking well-well."
cosyvoice3,672-122797-0038,672,0.0952380952380952,0.0476190476190476,0.0476190476190476,0.0,0.0095238095238095,thought the fir tree and believed it all because the man who told the story was so good-looking well well
real,672-122797-0072,672,0.0,0.0,0.0,0.0,0.0,and the gardener's boy chopped the tree into small pieces there was a whole heap lying there
f5tts,672-122797-0072,672,0.0,0.0,0.0,0.0,0.0,"and the gardener's boy chopped the tree into small pieces, there was a whole heap lying there."
xtts,672-122797-0072,672,0.0,0.0,0.0,0.0,0.0,and the gardener's boy chopped the tree into small pieces.  There was a whole heap lying there.
chatterbox,672-122797-0072,672,0.0,0.0,0.0,0.0,0.0,and the gardener's boy chopped the tree into small pieces there was a whole heap lying there
indextts,672-122797-0072,672,0.0,0.0,0.0,0.0,0.0,and the gardener's boy chopped the tree into small pieces.  There was a whole heap lying there.
cosyvoice3,672-122797-0072,672,0.0,0.0,0.0,0.0,0.0,and the gardener's boy chopped the tree into small pieces there was a whole heap lying there
real,672-122797-0068,672,0.0,0.0,0.0,0.0,0.0,but it was not the fir tree that they meant.
f5tts,672-122797-0068,672,0.0,0.0,0.0,0.0,0.0,But it was not the fir tree that they meant.
xtts,672-122797-0068,672,0.0,0.0,0.0,0.0,0.0,but it was not the fir tree that they meant.
chatterbox,672-122797-0068,672,0.0,0.0,0.0,0.0,0.0,But it was not the fir tree that they meant.
indextts,672-122797-0068,672,0.0,0.0,0.0,0.0,0.0,but it was not the fir tree that they meant.
cosyvoice3,672-122797-0068,672,0.0,0.0,0.0,0.0,0.0,But it was not the fir tree that they meant.
real,672-122797-0040,672,0.0,0.0,0.0,0.0,0.0,And the whole night the tree stood still and in deep thought.
f5tts,672-122797-0040,672,0.0,0.0,0.0,0.0,0.0,And the whole night the tree stood still and in deep thought.
xtts,672-122797-0040,672,0.0,0.0,0.0,0.0,0.0,And the whole night the tree stood still and in deep thought.
chatterbox,672-122797-0040,672,0.0,0.0,0.0,0.0,0.0,"And the whole night the tree stood still, and in deep thought"
indextts,672-122797-0040,672,0.0,0.0,0.0,0.0,0.0,and the whole night the tree stood still and in deep thought.
cosyvoice3,672-122797-0040,672,0.0,0.0,0.0,0.0,0.0,"And the whole night the tree stood still, and in deep thought."
real,672-122797-0059,672,0.0,0.0,0.0,0.0,0.0,only that one answered the tree
f5tts,672-122797-0059,672,0.0,0.0,0.0,0.0,0.0,Only that one answered the tree.
xtts,672-122797-0059,672,0.0,0.0,0.0,0.0,0.0,Only that one answered the tree.
chatterbox,672-122797-0059,672,0.0,0.0,0.0,0.0,0.0,Only that one answered the tree.
indextts,672-122797-0059,672,0.0,0.0,0.0,0.0,0.0,Only that one answered the tree.
cosyvoice3,672-122797-0059,672,0.0,0.0,0.0,0.0,0.0,only that one answered the tree
real,2830-3980-0049,2830,0.0,0.0,0.0,0.0,0.0,"embrace him, and forget about the nature of God."
f5tts,2830-3980-0049,2830,0.0,0.0,0.0,0.0,0.0,Embrace him and forget about the nature of God.
xtts,2830-3980-0049,2830,0.0,0.0,0.0,0.0,0.0,Embrace him and forget about the nature of God.
chatterbox,2830-3980-0049,2830,0.0,0.0,0.0,0.0,0.0,Embrace him and forget about the nature of God.
indextts,2830-3980-0049,2830,0.0,0.0,0.0,0.0,0.0,Embrace him and forget about the nature of God.
cosyvoice3,2830-3980-0049,2830,0.0,0.0,0.0,0.0,0.0,Embrace him and forget about the nature of God.
real,2830-3979-0012,2830,0.0,0.0,0.0,0.0,0.0,The word of our God shall stand forever.
f5tts,2830-3979-0012,2830,0.0,0.0,0.0,0.0,0.0,The word of our God shall stand forever.
xtts,2830-3979-0012,2830,0.0,0.0,0.0,0.0,0.0,The word of our God shall stand forever.
chatterbox,2830-3979-0012,2830,0.0,0.0,0.0,0.0,0.0,The word of our God shall stand forever.
indextts,2830-3979-0012,2830,0.0,0.0,0.0,0.0,0.0,the word of our God shall stand forever.
cosyvoice3,2830-3979-0012,2830,0.0,0.0,0.0,0.0,0.0,The word of our God shall stand forever.
real,2830-3980-0004,2830,0.0,0.0,0.0,0.0,0.0,"Indeed, he persecuted the Church of Christ for a long time."
f5tts,2830-3980-0004,2830,0.0,0.0,0.0,0.0,0.0,"Indeed, he persecuted the Church of Christ for a long time."
xtts,2830-3980-0004,2830,0.0,0.0,0.0,0.0,0.0,"Indeed, he persecuted the Church of Christ for a long time."
chatterbox,2830-3980-0004,2830,0.0,0.0,0.0,0.0,0.0,"Indeed, he persecuted the Church of Christ for a long time."
indextts,2830-3980-0004,2830,0.0,0.0,0.0,0.0,0.0,"Indeed, he persecuted the Church of Christ for a long time."
cosyvoice3,2830-3980-0004,2830,0.0,0.0,0.0,0.0,0.0,"Indeed, he persecuted the Church of Christ for a long time."
real,2830-3980-0069,2830,0.0,0.0,0.0,0.0,0.0,"The vicious character of sin is brought out by the words,  who gave himself for our sins."
f5tts,2830-3980-0069,2830,0.0,0.0,0.0,0.0,0.0,The vicious character of sin is brought out by the words who gave himself for our sins.
xtts,2830-3980-0069,2830,0.0,0.0,0.0,0.0,0.0,The vicious character of sin is brought out by the words who gave himself for our sins.
chatterbox,2830-3980-0069,2830,0.0,0.0,0.0,0.0,0.0,The vicious character of sin is brought out by the words who gave himself for our sins.
indextts,2830-3980-0069,2830,0.0,0.0,0.0,0.0,0.0,The vicious character of sin is brought out by the words who gave himself for our sins.
cosyvoice3,2830-3980-0069,2830,0.0,0.0,0.0,0.0,0.0,"The vicious character of sin is brought out by the words,  Who gave himself for our sins."
real,2830-3980-0012,2830,0.0,0.0,0.0,0.0,0.0,the most they could claim is that they were sent by others
f5tts,2830-3980-0012,2830,0.0,0.0,0.0,0.0,0.0,The most they could claim is that they were sent by others.
xtts,2830-3980-0012,2830,0.0,0.0,0.0,0.0,0.0,The most they could claim is that they were sent by others.
chatterbox,2830-3980-0012,2830,0.0833333333333333,0.0,0.0833333333333333,0.0,0.0689655172413793,Most they could claim is that they were sent by others.
indextts,2830-3980-0012,2830,0.0,0.0,0.0,0.0,0.0,The most they could claim is that they were sent by others.
cosyvoice3,2830-3980-0012,2830,0.0,0.0,0.0,0.0,0.0,The most they could claim is that they were sent by others.
real,2830-3980-0061,2830,0.0,0.0,0.0,0.0,0.0,not gold or silver or paschal lambs or an angel but himself what for
f5tts,2830-3980-0061,2830,0.0,0.0,0.0,0.0,0.0,"Not gold or silver or paschal lambs, or an angel, but himself what for?"
xtts,2830-3980-0061,2830,0.1428571428571428,0.0714285714285714,0.0,0.0714285714285714,0.0588235294117647,"Not gold, or silver, or pasha, or lambs, or an angel, but himself, what for?"
chatterbox,2830-3980-0061,2830,0.0714285714285714,0.0714285714285714,0.0,0.0,0.0294117647058823,"Not gold, or silver, or paschal lands, or an angel, but himself, what for?"
indextts,2830-3980-0061,2830,0.0,0.0,0.0,0.0,0.0,"Not gold or silver or paschal lambs or an angel, but himself.  What for?"
cosyvoice3,2830-3980-0061,2830,0.0,0.0,0.0,0.0,0.0,"Not gold or silver, or paschal lambs or an angel, but himself. What for?"
real,2830-3980-0017,2830,0.0,0.0,0.0,0.0,0.0,"When I was a young man, I thought Paul was making too much of his call."
f5tts,2830-3980-0017,2830,0.0,0.0,0.0,0.0,0.0,"When I was a young man, I thought Paul was making too much of his call."
xtts,2830-3980-0017,2830,0.0,0.0,0.0,0.0,0.0,"When I was a young man, I thought Paul was making too much of his call."
chatterbox,2830-3980-0017,2830,0.0,0.0,0.0,0.0,0.0,"When I was a young man, I thought Paul was making too much of his call."
indextts,2830-3980-0017,2830,0.0,0.0,0.0,0.0,0.0,When I was a young man I thought Paul was making too much of his call.
cosyvoice3,2830-3980-0017,2830,0.0,0.0,0.0,0.0,0.0,when i was a young man i thought paul was making too much of his call
real,2830-3980-0022,2830,0.2857142857142857,0.2857142857142857,0.0,0.0,0.1162790697674418,The claw seemed superfluous on first sight.
f5tts,2830-3980-0022,2830,0.0,0.0,0.0,0.0,0.0,The clause seems superfluous on first sight.
xtts,2830-3980-0022,2830,0.2857142857142857,0.2857142857142857,0.0,0.0,0.1162790697674418,The claw seemed superfluous on first sight.
chatterbox,2830-3980-0022,2830,0.2857142857142857,0.2857142857142857,0.0,0.0,0.0697674418604651,The claws seem superfluous on first sight.
indextts,2830-3980-0022,2830,0.2857142857142857,0.2857142857142857,0.0,0.0,0.0930232558139534,The claws seemed superfluous on first sight.
cosyvoice3,2830-3980-0022,2830,0.2857142857142857,0.2857142857142857,0.0,0.0,0.0697674418604651,The claws seem superfluous on first sight.
real,2830-3980-0037,2830,0.0588235294117647,0.0,0.0588235294117647,0.0,0.0681818181818181,"So much for the title of the epistle, now follows the greeting of the apostle.  Verse 3"
f5tts,2830-3980-0037,2830,0.0588235294117647,0.0,0.0588235294117647,0.0,0.0681818181818181,"So much for the title of the epistle. Now follows the greeting of the Apostle, verse 3."
xtts,2830-3980-0037,2830,0.0588235294117647,0.0,0.0588235294117647,0.0,0.0681818181818181,"so much for. The title of the epistle now follows, the greeting of the apostle, verse 3."
chatterbox,2830-3980-0037,2830,0.0588235294117647,0.0,0.0588235294117647,0.0,0.0681818181818181,"So much for the title of the epistle, now follows the greeting of the apostle, verse 3."
indextts,2830-3980-0037,2830,0.0588235294117647,0.0,0.0588235294117647,0.0,0.0681818181818181,"so much for the title of the epistle. Now follows the greeting of the apostle, verse 3."
cosyvoice3,2830-3980-0037,2830,0.0,0.0,0.0,0.0,0.0,so much for the title of the epistle now follows the greeting of the apostle verse three
real,4992-41797-0016,4992,0.125,0.125,0.0,0.0,0.02,They couldn't run or move. They're just pasteboard.
f5tts,4992-41797-0016,4992,0.0,0.0,0.0,0.0,0.0,"They couldn't run nor move, they're just pasteboard."
xtts,4992-41797-0016,4992,0.0,0.0,0.0,0.0,0.0,"They couldn't run nor move, they're just pasteboard."
chatterbox,4992-41797-0016,4992,0.25,0.125,0.0,0.125,0.1,They couldn't run nor move. They're just pace bored.
indextts,4992-41797-0016,4992,0.25,0.125,0.0,0.125,0.1,They couldn't run nor move. They're just pace bored.
cosyvoice3,4992-41797-0016,4992,0.25,0.125,0.0,0.125,0.06,They couldn't run nor move. They're just pace board.
real,4992-41797-0013,4992,0.0,0.0,0.0,0.0,0.0,"She makes effort after effort, trembling with eagerness,  and when she fails to reproduce what she sees,  she works herself into a frenzy of grief and disappointment."
f5tts,4992-41797-0013,4992,0.0,0.0,0.0,0.0,0.0,"She makes effort after effort, trembling with eagerness, and when she fails to reproduce  what she sees she works herself into a frenzy of grief and disappointment."
xtts,4992-41797-0013,4992,0.0,0.0,0.0,0.0,0.0,"She makes effort after effort, trembling with eagerness,  and when she fails to reproduce what she sees,  she works herself into a frenzy of grief and disappointment."
chatterbox,4992-41797-0013,4992,0.0,0.0,0.0,0.0,0.0,she makes effort after effort trembling with eagerness and when she fails to reproduce what she sees she works herself into a frenzy of grief and disappointment
indextts,4992-41797-0013,4992,0.0,0.0,0.0,0.0,0.0,"She makes effort after effort, trembling with eagerness, and when she fails to reproduce what  she sees, she works herself into a frenzy of grief and disappointment."
cosyvoice3,4992-41797-0013,4992,0.0,0.0,0.0,0.0,0.0,she makes effort after effort trembling with eagerness and when she fails to reproduce what she sees she works herself into a frenzy of grief and disappointment
real,4992-23283-0009,4992,0.0833333333333333,0.0416666666666666,0.0,0.0416666666666666,0.04,oh my lord cried miss woodley with a most forcible accent you are the last person on earth she would pardon me for intrusting  you
f5tts,4992-23283-0009,4992,0.0,0.0,0.0,0.0,0.0,"Oh, my Lord, cried Miss Woodley, with a most forcible accent,  you are the last person on earth she would pardon me for entrusting."
xtts,4992-23283-0009,4992,0.0416666666666666,0.0416666666666666,0.0,0.0,0.024,"Oh, my lord, cried Miss Woodley with the most forcible accent,  you are the last person on earth she would pardon me for entrusting."
chatterbox,4992-23283-0009,4992,0.0416666666666666,0.0416666666666666,0.0,0.0,0.024,oh my lord cried miss woodley with the most forcible accent you are the last person on earth she would pardon me for entrusting
indextts,4992-23283-0009,4992,0.0,0.0,0.0,0.0,0.0,"Oh, my Lord! cried Miss Woodley, with a most forcible accent.  You are the last person on earth she would pardon me for entrusting."
cosyvoice3,4992-23283-0009,4992,0.0,0.0,0.0,0.0,0.0,oh my lord cried miss woodley with a most forcible accent you are the last person on earth she would pardon me for entrusting
real,4992-41797-0004,4992,0.0476190476190476,0.0476190476190476,0.0,0.0,0.010204081632653,i swain to man he ejaculated if you don't work hard you can't keep up with the times doctor of laws
f5tts,4992-41797-0004,4992,0.0,0.0,0.0,0.0,0.0,"I swan to man he ejaculated, if you don't work hard you can't keep up with the times doctor of laws."
xtts,4992-41797-0004,4992,0.0476190476190476,0.0476190476190476,0.0,0.0,0.010204081632653,"I swan to man, he ejaculated.  If you don't work hard, you can't keep up with the times, Doctor of Law."
chatterbox,4992-41797-0004,4992,0.0,0.0,0.0,0.0,0.0,i swan to man he ejaculated if you don't work hard you can't keep up with the times doctor of laws
indextts,4992-41797-0004,4992,0.0,0.0,0.0,0.0,0.0,"I swan to man he ejaculated, if you don't work hard,  you can't keep up with the times doctor of laws."
cosyvoice3,4992-41797-0004,4992,0.0,0.0,0.0,0.0,0.0,i swan to man he ejaculated if you don't work hard you can't keep up with the times doctor of laws
real,4992-41797-0011,4992,0.0,0.0,0.0,0.0,0.0,whatever appealed to her sense of beauty was straightway transferred to paper or canvas
f5tts,4992-41797-0011,4992,0.0,0.0,0.0,0.0,0.0,Whatever appealed to her sense of beauty was straightway transferred to paper or canvas.
xtts,4992-41797-0011,4992,0.0,0.0,0.0,0.0,0.0,Whatever appealed to her sense of beauty was straightway transferred to paper or canvas.
chatterbox,4992-41797-0011,4992,0.0,0.0,0.0,0.0,0.0,Whatever appealed to her sense of beauty was straightway transferred to paper or canvas.
indextts,4992-41797-0011,4992,0.0,0.0,0.0,0.0,0.0,Whatever appealed to her sense of beauty was straightway transferred to paper or canvas.
cosyvoice3,4992-41797-0011,4992,0.0,0.0,0.0,0.0,0.0,Whatever appealed to her sense of beauty was straightway transferred to paper or canvas.
real,4992-41797-0015,4992,0.0,0.0,0.0,0.0,0.0,cyril there must be some better way of doing i just draw the outline of an animal and then i put hairs or feathers on it they have no bodies
f5tts,4992-41797-0015,4992,0.0,0.0,0.0,0.0,0.0,"Cyril there must be some better way of doing, I just draw the outline of an animal and then I put hairs or feathers on it they have no bodies."
xtts,4992-41797-0015,4992,0.0333333333333333,0.0,0.0333333333333333,0.0,0.0428571428571428,There must be some better way of doing I just draw the outline of an animal and then I put hairs or feathers on it  They have no bodies
chatterbox,4992-41797-0015,4992,0.0,0.0,0.0,0.0,0.0,cyril there must be some better way of doing i just draw the outline of an animal and then i put hairs or feathers on it they have no bodies
indextts,4992-41797-0015,4992,0.0,0.0,0.0,0.0,0.0,"Cyril, there must be some better way of doing.  I just draw the outline of an animal, and then I put hairs or feathers on it.  They have no bodies."
cosyvoice3,4992-41797-0015,4992,0.0,0.0,0.0,0.0,0.0,cyril there must be some better way of doing i just draw the outline of an animal and then i put hairs or feathers on it they have no bodies
real,4992-23283-0002,4992,0.1428571428571428,0.1428571428571428,0.0,0.0,0.1052631578947368,said mrs horton a few minutes after
f5tts,4992-23283-0002,4992,0.1428571428571428,0.1428571428571428,0.0,0.0,0.1052631578947368,said Mrs. Horton a few minutes after.
xtts,4992-23283-0002,4992,0.2857142857142857,0.1428571428571428,0.0,0.1428571428571428,0.2368421052631578,said Mrs. Horton a few minutes after.  I'll
chatterbox,4992-23283-0002,4992,0.1428571428571428,0.1428571428571428,0.0,0.0,0.1052631578947368,said Mrs. Horton a few minutes after.
indextts,4992-23283-0002,4992,0.1428571428571428,0.1428571428571428,0.0,0.0,0.1052631578947368,said Mrs. Horton a few minutes after.
cosyvoice3,4992-23283-0002,4992,0.1428571428571428,0.1428571428571428,0.0,0.0,0.1052631578947368,"said Mrs. Horton, a few minutes after."
real,4992-23283-0010,4992,0.0,0.0,0.0,0.0,0.0,but in such a case miss milner's election of a husband shall not direct mine
f5tts,4992-23283-0010,4992,0.0,0.0,0.0,0.0,0.0,But in such a case Miss Milner's election of a husband shall not direct mine.
xtts,4992-23283-0010,4992,0.0,0.0,0.0,0.0,0.0,but in such a case Miss Milner's election of a husband shall not direct mine.
chatterbox,4992-23283-0010,4992,0.0,0.0,0.0,0.0,0.0,But in such a case Miss Milner's election of a husband shall not direct mine.
indextts,4992-23283-0010,4992,0.0,0.0,0.0,0.0,0.0,But in such a case Miss Milner's election of a husband shall not direct mine.
cosyvoice3,4992-23283-0010,4992,0.0,0.0,0.0,0.0,0.0,But in such a case Miss Milner's election of a husband shall not direct mine.
real,4992-41806-0009,4992,0.0,0.0,0.0,0.0,0.0,exclaimed bill harmon to his wife as they went through the lighted hall
f5tts,4992-41806-0009,4992,0.0,0.0,0.0,0.0,0.0,exclaimed Bill Harmon to his wife as they went through the lighted hall.
xtts,4992-41806-0009,4992,0.0,0.0,0.0,0.0,0.0,"exclaimed Bill Harmon to his wife, as they went through the lighted hall."
chatterbox,4992-41806-0009,4992,0.0,0.0,0.0,0.0,0.0,exclaimed bill harmon to his wife as they went through the lighted hall
indextts,4992-41806-0009,4992,0.0,0.0,0.0,0.0,0.0,exclaimed Bill Harmon to his wife as they went through the lighted hall.
cosyvoice3,4992-41806-0009,4992,0.0,0.0,0.0,0.0,0.0,exclaimed Bill Harmon to his wife as they went through the lighted hall.
real,4992-41797-0017,4992,0.0,0.0,0.0,0.0,0.0,he wouldn't search so don't worry replied cyril quietly and the two looked at each other and knew that it was so
f5tts,4992-41797-0017,4992,0.0,0.0,0.0,0.0,0.0,"He wouldn't search, so don't worry, replied Cyril quietly, and the two looked at each other and knew that it was so."
xtts,4992-41797-0017,4992,0.0,0.0,0.0,0.0,0.0,"He wouldn't search so.  Don't worry, replied Cyril quietly,  and the two looked at each other and knew that it was so."
chatterbox,4992-41797-0017,4992,0.0,0.0,0.0,0.0,0.0,he wouldn't search so don't worry replied cyril quietly and the two looked at each other and knew that it was so
indextts,4992-41797-0017,4992,0.0,0.0,0.0,0.0,0.0,"He wouldn't search so.  Don't worry, replied Cyril quietly,  and the two looked at each other and knew that it was so."
cosyvoice3,4992-41797-0017,4992,0.0454545454545454,0.0454545454545454,0.0,0.0,0.0357142857142857,"He wouldn't search, so don't worry, replied Zero quietly,  and the two looked at each other and knew that it was so."
real,6930-81414-0012,6930,0.1111111111111111,0.0,0.1111111111111111,0.0,0.1206896551724138,said another voice which i recognized as voltaire's
f5tts,6930-81414-0012,6930,0.0,0.0,0.0,0.0,0.0,"said another voice, which I recognized as Voltaire's kaffar."
xtts,6930-81414-0012,6930,0.0,0.0,0.0,0.0,0.0,said another voice which I recognized as Voltaire's kaffar.
chatterbox,6930-81414-0012,6930,0.0,0.0,0.0,0.0,0.0,"Said another voice, which I recognized as Voltaire's Kaffar."
indextts,6930-81414-0012,6930,0.0,0.0,0.0,0.0,0.0,said another voice which I recognized as Voltaire's kaffar.
cosyvoice3,6930-81414-0012,6930,0.0,0.0,0.0,0.0,0.0,said another voice which i recognized as voltaire's kaffar
real,6930-81414-0003,6930,0.0,0.0,0.0,0.0,0.0,No sound broke the stillness of the night.
f5tts,6930-81414-0003,6930,0.0,0.0,0.0,0.0,0.0,no sound broke the stillness of the night
xtts,6930-81414-0003,6930,0.0,0.0,0.0,0.0,0.0,No sound broke the stillness of the night.
chatterbox,6930-81414-0003,6930,0.0,0.0,0.0,0.0,0.0,No sound broke the stillness of the night.
indextts,6930-81414-0003,6930,0.0,0.0,0.0,0.0,0.0,No sound broke the stillness of the night.
cosyvoice3,6930-81414-0003,6930,0.0,0.0,0.0,0.0,0.0,no sound broke the stillness of the night
real,6930-75918-0010,6930,0.0,0.0,0.0,0.0,0.0,I can perceive love clearly enough.
f5tts,6930-75918-0010,6930,0.0,0.0,0.0,0.0,0.0,I can perceive love clearly enough.
xtts,6930-75918-0010,6930,0.0,0.0,0.0,0.0,0.0,I can perceive love clearly enough.
chatterbox,6930-75918-0010,6930,0.0,0.0,0.0,0.0,0.0,I can perceive love clearly enough.
indextts,6930-75918-0010,6930,0.0,0.0,0.0,0.0,0.0,I can perceive love clearly enough.
cosyvoice3,6930-75918-0010,6930,0.0,0.0,0.0,0.0,0.0,I can perceive love clearly enough.
real,6930-76324-0023,6930,0.0,0.0,0.0,0.0,0.0,and my pocket money is getting low again and you haven't any left as usual
f5tts,6930-76324-0023,6930,0.0,0.0,0.0,0.0,0.0,"And my pocket money is getting low again, and you haven't any left as usual."
xtts,6930-76324-0023,6930,0.3333333333333333,0.2666666666666666,0.0666666666666666,0.0,0.1486486486486486,"Then I pocket money is getting low again, and you haven't any less disusual."
chatterbox,6930-76324-0023,6930,0.0,0.0,0.0,0.0,0.0,And my pocket money is getting low again and you haven't any left as usual.
indextts,6930-76324-0023,6930,0.0,0.0,0.0,0.0,0.0,and my pocket money is getting low again and you haven't any left as usual
cosyvoice3,6930-76324-0023,6930,0.0,0.0,0.0,0.0,0.0,and my pocket money is getting low again and you haven't any left as usual
real,6930-76324-0012,6930,0.0,0.0,0.0,0.0,0.0,We'll come in here this afternoon with old clothes on and have a regular house cleaning.
f5tts,6930-76324-0012,6930,0.0,0.0,0.0,0.0,0.0,We'll come in here this afternoon with old clothes on and have a regular house cleaning
xtts,6930-76324-0012,6930,0.0,0.0,0.0,0.0,0.0,We'll come in here this afternoon with old clothes on and have a regular house cleaning.
chatterbox,6930-76324-0012,6930,0.0,0.0,0.0,0.0,0.0,We'll come in here this afternoon with old clothes on and have a regular house cleaning.
indextts,6930-76324-0012,6930,0.0,0.0,0.0,0.0,0.0,We'll come in here this afternoon with old clothes on and have a regular house cleaning.
cosyvoice3,6930-76324-0012,6930,0.0,0.0,0.0,0.0,0.0,We'll come in here this afternoon with old clothes on and have a regular house cleaning.
real,6930-75918-0007,6930,0.0,0.0,0.0,0.0,0.0,you will be frank with me i always am
f5tts,6930-75918-0007,6930,0.0,0.0,0.0,0.0,0.0,"You will be frank with me, I always am."
xtts,6930-75918-0007,6930,0.0,0.0,0.0,0.0,0.0,"You will be frank with me, I always am."
chatterbox,6930-75918-0007,6930,0.0,0.0,0.0,0.0,0.0,You will be frank with me. I always am.
indextts,6930-75918-0007,6930,0.0,0.0,0.0,0.0,0.0,"You will be frank with me, I always am."
cosyvoice3,6930-75918-0007,6930,0.0,0.0,0.0,0.0,0.0,you will be frank with me i always am
real,6930-75918-0017,6930,0.0,0.0,0.0,0.0,0.0,but in this friendly pressure raoul could detect the nervous agitation of a great internal conflict
f5tts,6930-75918-0017,6930,0.0625,0.0625,0.0,0.0,0.0303030303030303,but in this friendly pressure row could detect the nervous agitation of a great internal conflict
xtts,6930-75918-0017,6930,0.0,0.0,0.0,0.0,0.0,but in this friendly pressure Raoul could detect the nervous agitation of a great internal conflict.
chatterbox,6930-75918-0017,6930,0.0625,0.0625,0.0,0.0,0.0101010101010101,"But in this friendly pressure, Raul could detect the nervous agitation of a great internal conflict."
indextts,6930-75918-0017,6930,0.0,0.0,0.0,0.0,0.0,But in this friendly pressure Raoul could detect the nervous agitation of a great internal conflict.
cosyvoice3,6930-75918-0017,6930,0.0,0.0,0.0,0.0,0.0,but in this friendly pressure raoul could detect the nervous agitation of a great internal conflict
real,6930-81414-0019,6930,0.0,0.0,0.0,0.0,0.0,voltaire picked up something from the ground and looked at it
f5tts,6930-81414-0019,6930,0.0,0.0,0.0,0.0,0.0,Voltaire picked up something from the ground and looked at it
xtts,6930-81414-0019,6930,0.0,0.0,0.0,0.0,0.0,Voltaire picked up something from the ground and looked at it.
chatterbox,6930-81414-0019,6930,0.0,0.0,0.0,0.0,0.0,Voltaire picked up something from the ground and looked at it.
indextts,6930-81414-0019,6930,0.0,0.0,0.0,0.0,0.0,Voltaire picked up something from the ground and looked at it.
cosyvoice3,6930-81414-0019,6930,0.0,0.0,0.0,0.0,0.0,Voltaire picked up something from the ground and looked at it.
real,6930-76324-0008,6930,0.0,0.0,0.0,0.0,0.0,"I thought we were stumped again when I first saw that picture, but it's been of some use after all."
f5tts,6930-76324-0008,6930,0.0,0.0,0.0,0.0,0.0,i thought we were stumped again when i first saw that picture but it's been of some use after all
xtts,6930-76324-0008,6930,0.0,0.0,0.0,0.0,0.0,"I thought we were stumped again when I first saw that picture, but it's been of some use  after all."
chatterbox,6930-76324-0008,6930,0.0,0.0,0.0,0.0,0.0,"I thought we were stumped again when I first saw that picture, but it's been of some use after all."
indextts,6930-76324-0008,6930,0.1,0.05,0.0,0.05,0.0309278350515463,i thought we were stumped again when i first saw that picture but it has been of some use after all
cosyvoice3,6930-76324-0008,6930,0.0,0.0,0.0,0.0,0.0,"I thought we were stumped again when I first saw that picture, but it's been of some use after all."
real,6930-76324-0016,6930,0.0,0.0,0.0,0.0,0.0,the lure proved too much for him and he came sporting after it as friskily as a young kitten much to cynthia's delight when she caught sight of him
f5tts,6930-76324-0016,6930,0.0344827586206896,0.0,0.0,0.0344827586206896,0.0272108843537414,the lure proved too much for him and he came sporting after it as friskily as a young kitten much to cynthia's delight when she caught sight of him  you
xtts,6930-76324-0016,6930,0.0,0.0,0.0,0.0,0.0,"The lure proved too much for him, and he came sporting after it, as friskily as a young kitten,  much to Cynthia's delight when she caught sight of him."
chatterbox,6930-76324-0016,6930,0.0,0.0,0.0,0.0,0.0,"The lure proved too much for him, and he came sporting after it as friskily as a young kitten,  much to Cynthia's delight when she caught sight of him."
indextts,6930-76324-0016,6930,0.0,0.0,0.0,0.0,0.0,"The lure proved too much for him, and he came sporting after it as friskily as a young kitten,  much to Cynthia's delight when she caught sight of him."
cosyvoice3,6930-76324-0016,6930,0.0,0.0,0.0,0.0,0.0,the lure proved too much for him and he came sporting after it as friskily as a young kitten much to cynthia's delight when she caught sight of him
real,3575-170457-0056,3575,0.0,0.0,0.0,0.0,0.0,I doubt whether Branwell was maintaining himself at this time.
f5tts,3575-170457-0056,3575,0.0,0.0,0.0,0.0,0.0,I doubt whether Branwell was maintaining himself at this time.
xtts,3575-170457-0056,3575,0.0,0.0,0.0,0.0,0.0,I doubt whether Branwell was maintaining himself at this time.
chatterbox,3575-170457-0056,3575,0.0,0.0,0.0,0.0,0.0,I doubt whether Branwell was maintaining himself at this time.
indextts,3575-170457-0056,3575,0.0,0.0,0.0,0.0,0.0,I doubt whether Branwell was maintaining himself at this time.
cosyvoice3,3575-170457-0056,3575,0.0,0.0,0.0,0.0,0.0,I doubt whether Branwell was maintaining himself at this time.
real,3575-170457-0012,3575,0.0,0.0,0.0,0.0,0.0,You will say that a woman has no need of such a caution.  There can be no peril in it for her.
f5tts,3575-170457-0012,3575,0.0,0.0,0.0,0.0,0.0,You will say that a woman has no need of such a caution there can be no peril in it for her
xtts,3575-170457-0012,3575,0.0,0.0,0.0,0.0,0.0,You will say that a woman has no need of such a caution.  There can be no peril in it for her.
chatterbox,3575-170457-0012,3575,0.0,0.0,0.0,0.0,0.0,You will say that a woman has no need of such a caution. There can be no peril in it for her.
indextts,3575-170457-0012,3575,0.0,0.0,0.0,0.0,0.0,"You will say that a woman has no need of such a caution, there can be no peril in it for her."
cosyvoice3,3575-170457-0012,3575,0.0,0.0,0.0,0.0,0.0,You will say that a woman has no need of such a caution.  There can be no peril in it for her.
real,3575-170457-0040,3575,0.0,0.0,0.0,0.0,0.0,indeed there were only one or two strangers who could be admitted among the sisters without producing the same result
f5tts,3575-170457-0040,3575,0.0,0.0,0.0,0.0,0.0,"Indeed, there were only one or two strangers who could be admitted among the sisters without producing the same result."
xtts,3575-170457-0040,3575,0.0,0.0,0.0,0.0,0.0,"Indeed, there were only one or two strangers who could be admitted among the sisters,  without producing the same result."
chatterbox,3575-170457-0040,3575,0.0,0.0,0.0,0.0,0.0,"Indeed, there were only one or two strangers who could be admitted among the sisters without producing the same result."
indextts,3575-170457-0040,3575,0.0,0.0,0.0,0.0,0.0,"Indeed, there were only one or two strangers who could be admitted among the sisters without  producing the same result."
cosyvoice3,3575-170457-0040,3575,0.0,0.0,0.0,0.0,0.0,"Indeed, there were only one or two strangers who could be admitted among the sisters, without producing the same result."
real,3575-170457-0051,3575,0.0,0.0,0.0,0.0,0.0,"At tea time they were sad and silent, and the meal went away untouched by any of the three."
f5tts,3575-170457-0051,3575,0.1052631578947368,0.0526315789473684,0.0526315789473684,0.0,0.0112359550561797,"At tea-time they were sad and silent, and the meal went away untouched by any of the three."
xtts,3575-170457-0051,3575,0.1052631578947368,0.0526315789473684,0.0526315789473684,0.0,0.0112359550561797,"At tea-time they were sad and silent, and the meal went away untouched by any of the three."
chatterbox,3575-170457-0051,3575,0.1052631578947368,0.0526315789473684,0.0526315789473684,0.0,0.0112359550561797,"At tea-time they were sad and silent, and the meal went away untouched by any of the three."
indextts,3575-170457-0051,3575,0.1052631578947368,0.0526315789473684,0.0526315789473684,0.0,0.0112359550561797,"At tea-time they were sad and silent, and the meal went away untouched by any of the three."
cosyvoice3,3575-170457-0051,3575,0.1052631578947368,0.0526315789473684,0.0526315789473684,0.0,0.0112359550561797,"At tea-time they were sad and silent, and the meal went away untouched by any of the three."
real,3575-170457-0032,3575,0.2,0.1,0.1,0.0,0.0392156862745098,"Come, come, I'm getting really tired of your absence."
f5tts,3575-170457-0032,3575,0.0,0.0,0.0,0.0,0.0,"Come, come, I am getting really tired of your absence."
xtts,3575-170457-0032,3575,0.0,0.0,0.0,0.0,0.0,"Come, come. I am getting really tired of your absence."
chatterbox,3575-170457-0032,3575,0.0,0.0,0.0,0.0,0.0,"Come, come, I am getting really tired of your absence."
indextts,3575-170457-0032,3575,0.0,0.0,0.0,0.0,0.0,"Come, come. I am getting really tired of your absence."
cosyvoice3,3575-170457-0032,3575,0.0,0.0,0.0,0.0,0.0,"Come, come. I am getting really tired of your absence."
real,3575-170457-0052,3575,0.0,0.0,0.0,0.0,0.0,She had another weight on her mind this Christmas.
f5tts,3575-170457-0052,3575,0.0,0.0,0.0,0.0,0.0,She had another weight on her mind this Christmas.
xtts,3575-170457-0052,3575,0.0,0.0,0.0,0.0,0.0,She had another weight on her mind this Christmas.
chatterbox,3575-170457-0052,3575,0.0,0.0,0.0,0.0,0.0,She had another weight on her mind this Christmas.
indextts,3575-170457-0052,3575,0.0,0.0,0.0,0.0,0.0,She had another weight on her mind this Christmas.
cosyvoice3,3575-170457-0052,3575,0.0,0.0,0.0,0.0,0.0,She had another weight on her mind this Christmas.
real,3575-170457-0022,3575,0.1111111111111111,0.0555555555555555,0.0555555555555555,0.0,0.0116279069767441,"In the evenings I confess, I do think, but I never trouble anyone else with my thoughts."
f5tts,3575-170457-0022,3575,0.1111111111111111,0.0555555555555555,0.0555555555555555,0.0,0.0116279069767441,"In the evenings I confess I do think, but I never trouble anyone else with my thoughts."
xtts,3575-170457-0022,3575,0.1111111111111111,0.0555555555555555,0.0555555555555555,0.0,0.0116279069767441,"In the evenings I confess I do think, but I never trouble anyone else with my thoughts."
chatterbox,3575-170457-0022,3575,0.1111111111111111,0.0555555555555555,0.0555555555555555,0.0,0.0116279069767441,"In the evenings, I confess I do think, but I never trouble anyone else with my thoughts."
indextts,3575-170457-0022,3575,0.1111111111111111,0.0555555555555555,0.0555555555555555,0.0,0.0116279069767441,"In the evenings I confess I do think, but I never trouble anyone else with my thoughts."
cosyvoice3,3575-170457-0022,3575,0.1111111111111111,0.0555555555555555,0.0555555555555555,0.0,0.0116279069767441,"In the evenings, I confess I do think, but I never trouble anyone else with my thoughts."
real,3575-170457-0010,3575,0.0,0.0,0.0,0.0,0.0,I am not depreciating it when I say that in these times it is not rare.
f5tts,3575-170457-0010,3575,0.0,0.0,0.0,0.0,0.0,I am not depreciating it when I say that in these times it is not rare.
xtts,3575-170457-0010,3575,0.0,0.0,0.0,0.0,0.0,I am not depreciating it when I say that in these times it is not rare.
chatterbox,3575-170457-0010,3575,0.0,0.0,0.0,0.0,0.0,I am not depreciating it when I say that in these times it is not rare.
indextts,3575-170457-0010,3575,0.0,0.0,0.0,0.0,0.0,I am not depreciating it when I say that in these times it is not rare.
cosyvoice3,3575-170457-0010,3575,0.0,0.0,0.0,0.0,0.0,I am not depreciating it when I say that in these times it is not rare.
real,3575-170457-0003,3575,0.0384615384615384,0.0384615384615384,0.0,0.0,0.015267175572519,"Surely it must be because we are in danger of loving each other too well,  of losing sight of the Creator and idolatry of the creature."
f5tts,3575-170457-0003,3575,0.0384615384615384,0.0384615384615384,0.0,0.0,0.015267175572519,"Surely it must be, because we are in danger of loving each other too well of losing sight of the Creator and idolatry of the creature."
xtts,3575-170457-0003,3575,0.0384615384615384,0.0384615384615384,0.0,0.0,0.015267175572519,"Surely it must be because we are in danger of loving each other too well,  of losing sight of the Creator and idolatry of the creature."
chatterbox,3575-170457-0003,3575,0.0384615384615384,0.0384615384615384,0.0,0.0,0.015267175572519,"Surely it must be because we are in danger of loving each other too well, of losing sight of the Creator and idolatry of the creature."
indextts,3575-170457-0003,3575,0.0,0.0,0.0,0.0,0.0,Surely it must be because we are in danger of loving each other too well  of losing sight of the Creator in idolatry of the creature.
cosyvoice3,3575-170457-0003,3575,0.0384615384615384,0.0384615384615384,0.0,0.0,0.015267175572519,"Surely it must be because we are in danger of loving each other too well,  of losing sight of the Creator, and idolatry of the creature."
real,3575-170457-0004,3575,0.0,0.0,0.0,0.0,0.0,We used to dispute about politics and religion.
f5tts,3575-170457-0004,3575,0.0,0.0,0.0,0.0,0.0,We used to dispute about politics and religion.
xtts,3575-170457-0004,3575,0.0,0.0,0.0,0.0,0.0,We used to dispute about politics and religion.
chatterbox,3575-170457-0004,3575,0.0,0.0,0.0,0.0,0.0,We used to dispute about politics and religion.
indextts,3575-170457-0004,3575,0.0,0.0,0.0,0.0,0.0,"We used to dispute about politics and religion,"
cosyvoice3,3575-170457-0004,3575,0.0,0.0,0.0,0.0,0.0,We used to dispute about politics and religion.
real,8555-284449-0015,8555,0.0833333333333333,0.0833333333333333,0.0,0.0,0.03125,"I'll not be wicked any more, sighed the old Boolaroo. I'll reform."
f5tts,8555-284449-0015,8555,0.0833333333333333,0.0833333333333333,0.0,0.0,0.03125,"I'll not be wicked any more, sighed the old Boolaroo, I'll reform."
xtts,8555-284449-0015,8555,0.25,0.1666666666666666,0.0833333333333333,0.0,0.078125,"I'll not be wicked anymore, sighed the old bularoo.  I'll reform."
chatterbox,8555-284449-0015,8555,0.0833333333333333,0.0833333333333333,0.0,0.0,0.09375,i'll not be wicked any more sighed the old buluru i'll reform
indextts,8555-284449-0015,8555,0.0833333333333333,0.0833333333333333,0.0,0.0,0.0625,i'll not be wicked any more sighed the old bularoo i'll reform
cosyvoice3,8555-284449-0015,8555,0.4166666666666667,0.4166666666666667,0.0,0.0,0.125,"""'I'll not be wicked any more,' sighed the old Bularoo.  ""'I'll reform.'"
real,8555-292519-0013,8555,0.0,0.0,0.0,0.0,0.0,that was but rustling of dripping plants in the dark.
f5tts,8555-292519-0013,8555,0.0,0.0,0.0,0.0,0.0,That was but rustling of dripping plants in the dark.
xtts,8555-292519-0013,8555,0.2,0.1,0.1,0.0,0.0961538461538461,There's but rustling of dripping plants in the dark.
chatterbox,8555-292519-0013,8555,0.0,0.0,0.0,0.0,0.0,That was but rustling of dripping plants in the dark.
indextts,8555-292519-0013,8555,0.0,0.0,0.0,0.0,0.0,that was but rustling of dripping plants in the dark.
cosyvoice3,8555-292519-0013,8555,0.0,0.0,0.0,0.0,0.0,That was but rustling of dripping plants in the dark.
real,8555-284447-0020,8555,0.0,0.0,0.0,0.0,0.0,the goat's warlike spirit was roused by this successful attack
f5tts,8555-284447-0020,8555,0.0,0.0,0.0,0.0,0.0,The goat's warlike spirit was roused by this successful attack.
xtts,8555-284447-0020,8555,0.0,0.0,0.0,0.0,0.0,The goat's warlike spirit was roused by this successful attack.
chatterbox,8555-284447-0020,8555,0.0,0.0,0.0,0.0,0.0,The goat's warlike spirit was roused by this successful attack.
indextts,8555-284447-0020,8555,0.0,0.0,0.0,0.0,0.0,The goat's warlike spirit was roused by this successful attack.
cosyvoice3,8555-284447-0020,8555,0.1,0.1,0.0,0.0,0.032258064516129,The goat's warlike spirit was roused by the successful attack.
real,8555-284449-0008,8555,0.0,0.0,0.0,0.0,0.0,then she gave rosalie back her magic ring thanking the kind witch for all she had done for them
f5tts,8555-284449-0008,8555,0.0,0.0,0.0,0.0,0.0,"Then she gave Rosalie back her magic ring, thanking the kind witch for all she had done  for them."
xtts,8555-284449-0008,8555,0.0,0.0,0.0,0.0,0.0,"Then she gave Rosalie back her magic ring, thanking the kind witch for all she had done for them."
chatterbox,8555-284449-0008,8555,0.0,0.0,0.0,0.0,0.0,then she gave rosalie back her magic ring thanking the kind witch for all she had done for them
indextts,8555-284449-0008,8555,0.0,0.0,0.0,0.0,0.0,"Then she gave Rosalie back her magic ring,  thanking the kind witch for all she had done for them."
cosyvoice3,8555-284449-0008,8555,0.0,0.0,0.0,0.0,0.0,"Then she gave Rosalie back her magic ring, thanking the kind witch for all she had done  for them."
real,8555-292519-0007,8555,0.0454545454545454,0.0454545454545454,0.0,0.0,0.0196078431372549,it is my heart hung in the sky and no clouds ever float between the gray flowers and my heart on high
f5tts,8555-292519-0007,8555,0.0,0.0,0.0,0.0,0.0,"It is my heart hung in the sky, and no clouds ever float between the grave flowers and my heart on high."
xtts,8555-292519-0007,8555,0.0,0.0,0.0,0.0,0.0,"It is my heart hung in the sky, and no clouds ever float between the grave flowers and my heart on high."
chatterbox,8555-292519-0007,8555,0.0454545454545454,0.0454545454545454,0.0,0.0,0.0196078431372549,it is my heart hung in the sky and no clouds ever float between the gray flowers and my heart on high
indextts,8555-292519-0007,8555,0.0454545454545454,0.0454545454545454,0.0,0.0,0.0294117647058823,It is my heart hung in the sky and no clouds ever float  Between the grey flowers and my heart on high.
cosyvoice3,8555-292519-0007,8555,0.0,0.0,0.0,0.0,0.0,it is my heart hung in the sky and no clouds ever float between the grave flowers and my heart on high
real,8555-284449-0007,8555,0.16,0.16,0.0,0.0,0.0567375886524822,now then let's enter the city and enjoy the great feast that's being cooked i'm nearly starving myself for this conquering kingdoms is hard work
f5tts,8555-284449-0007,8555,0.12,0.08,0.0,0.04,0.0425531914893617,now then let's enter the city and enjoy the grand feast that's being cooked i'm nearly starved myself for this conquering kingdoms is hard work  you
xtts,8555-284449-0007,8555,0.12,0.12,0.0,0.0,0.0283687943262411,"Now then, let's enter the city and enjoy the grand feast that's being cooked.  I nearly starved myself for this conquering kingdoms is hard work."
chatterbox,8555-284449-0007,8555,0.04,0.04,0.0,0.0,0.0070921985815602,now then let's enter the city and enjoy the grand feast that's being cooked i'm nearly starved myself for this conquerin kingdoms is hard work
indextts,8555-284449-0007,8555,0.16,0.12,0.0,0.04,0.0283687943262411,"Now then, let's enter the city and enjoy the grand feast that is being cooked.  I'm nearly starved myself for this conquering kingdoms is hard work."
cosyvoice3,8555-284449-0007,8555,0.08,0.08,0.0,0.0,0.0141843971631205,now then let's enter the city and enjoy the grand feast that's being cooked i'm nearly starved myself for this conquering kingdoms is hard work
real,8555-284449-0020,8555,0.0,0.0,0.0,0.0,0.0,the combined bands of both the countries played the music and a fine supper was served
f5tts,8555-284449-0020,8555,0.0,0.0,0.0,0.0,0.0,"The combined bands of both the countries played the music, and a fine supper was served."
xtts,8555-284449-0020,8555,0.0,0.0,0.0,0.0,0.0,"The combined bands of both the countries played the music, and a fine supper was served."
chatterbox,8555-284449-0020,8555,0.0,0.0,0.0,0.0,0.0,The combined bands of both the countries played the music and a fine supper was served.
indextts,8555-284449-0020,8555,0.0,0.0,0.0,0.0,0.0,"The combined bands of both the countries played the music, and a fine supper was served."
cosyvoice3,8555-284449-0020,8555,0.0,0.0,0.0,0.0,0.0,The combined bands of both the countries played the music and a fine supper was served.
real,8555-284447-0004,8555,0.0555555555555555,0.0555555555555555,0.0,0.0,0.0210526315789473,as soon as they entered the room of the great knife the boolaroo gave a yell of disappointment
f5tts,8555-284447-0004,8555,0.0555555555555555,0.0555555555555555,0.0,0.0,0.0421052631578947,"As soon as they entered the room of the great knife, the bularoo gave a yell of disappointment."
xtts,8555-284447-0004,8555,0.0555555555555555,0.0555555555555555,0.0,0.0,0.0421052631578947,"As soon as they entered the room of the great knife, the bularoo gave a yell of disappointment."
chatterbox,8555-284447-0004,8555,0.0555555555555555,0.0555555555555555,0.0,0.0,0.0421052631578947,"As soon as they entered the room of the great knife, the bularoo gave a yell of disappointment."
indextts,8555-284447-0004,8555,0.0555555555555555,0.0555555555555555,0.0,0.0,0.0421052631578947,"As soon as they entered the room of the great knife, the bularoo gave a yell of disappointment."
cosyvoice3,8555-284447-0004,8555,0.0555555555555555,0.0555555555555555,0.0,0.0,0.0421052631578947,"As soon as they entered the room of the great knife, the bularoo gave a yell of disappointment."
real,8555-284449-0016,8555,0.0,0.0,0.0,0.0,0.0,as a private citizen i shall be a model of deportment because it would be dangerous to be otherwise
f5tts,8555-284449-0016,8555,0.0,0.0,0.0,0.0,0.0,as a private citizen i shall be a model of deportment because it would be dangerous to be otherwise
xtts,8555-284449-0016,8555,0.0,0.0,0.0,0.0,0.0,"As a private citizen, I shall be a model of deportment because it would be dangerous to be otherwise."
chatterbox,8555-284449-0016,8555,0.0,0.0,0.0,0.0,0.0,"As a private citizen, I shall be a model of deportment, because it would be dangerous to be otherwise."
indextts,8555-284449-0016,8555,0.0,0.0,0.0,0.0,0.0,as a private citizen i shall be a model of deportment because it would be dangerous to be otherwise
cosyvoice3,8555-284449-0016,8555,0.0,0.0,0.0,0.0,0.0,as a private citizen i shall be a model of deportment because it would be dangerous to be otherwise
real,8555-284447-0003,8555,0.0,0.0,0.0,0.0,0.0,but cap'n bill made no such attempt knowing it would be useless
f5tts,8555-284447-0003,8555,0.0,0.0,0.0,0.0,0.0,But Cap'n Bill made no such attempt knowing it would be useless.
xtts,8555-284447-0003,8555,0.0833333333333333,0.0833333333333333,0.0,0.0,0.0476190476190476,"but Captain Bill made no such attempt, knowing it would be useless."
chatterbox,8555-284447-0003,8555,0.0,0.0,0.0,0.0,0.0,But Cap'n Bill made no such attempt knowing it would be useless.
indextts,8555-284447-0003,8555,0.0833333333333333,0.0833333333333333,0.0,0.0,0.0476190476190476,but Captain Bill made no such attempt knowing it would be useless.
cosyvoice3,8555-284447-0003,8555,0.0,0.0,0.0,0.0,0.0,But Cap'n Bill made no such attempt knowing it would be useless.
real,1188-133604-0033,1188,0.0,0.0,0.0,0.0,0.0,"Every plant in the grass is set formally, grows perfectly, and may be realized completely."
f5tts,1188-133604-0033,1188,0.0,0.0,0.0,0.0,0.0,Every plant in the grass is set formally grows perfectly and may be realized completely
xtts,1188-133604-0033,1188,0.0,0.0,0.0,0.0,0.0,"Every plant in the grass is set formally grows perfectly, and may be realized completely."
chatterbox,1188-133604-0033,1188,0.0,0.0,0.0,0.0,0.0,"Every plant in the grass is set, formally grows perfectly, and may be realized completely."
indextts,1188-133604-0033,1188,0.0,0.0,0.0,0.0,0.0,Every plant in the grass is set formally grows perfectly and may be realized completely
cosyvoice3,1188-133604-0033,1188,0.0,0.0,0.0,0.0,0.0,"Every plant in the grass is set formally, grows perfectly, and may be realized completely."
real,1188-133604-0022,1188,0.0344827586206896,0.0,0.0,0.0344827586206896,0.03125,you must look at him in the face fight him conquer him with what scathe you may you need not think to keep out of the way of him  you
f5tts,1188-133604-0022,1188,0.0,0.0,0.0,0.0,0.0,you must look at him in the face fight him conquer him with what scathe you may you need not think to keep out of the way of him
xtts,1188-133604-0022,1188,0.0,0.0,0.0,0.0,0.0,"You must look at him in the face, fight him, conquer him, with what scathe you may.  You need not think to keep out of the way of him."
chatterbox,1188-133604-0022,1188,0.0344827586206896,0.0,0.0344827586206896,0.0,0.0234375,you must look him in the face fight him conquer him with what scathe you may you need not think to keep out of the way of him
indextts,1188-133604-0022,1188,0.0,0.0,0.0,0.0,0.0,"You must look at him in the face, fight him, conquer him, with what scathe you may you need not think to keep out of the way of him."
cosyvoice3,1188-133604-0022,1188,0.0,0.0,0.0,0.0,0.0,you must look at him in the face fight him conquer him with what scathe you may you need not think to keep out of the way of him
real,1188-133604-0013,1188,0.0,0.0,0.0,0.0,0.0,"It must, remember, be one or the other."
f5tts,1188-133604-0013,1188,0.125,0.125,0.0,0.0,0.1111111111111111,They must remember be one or the other.
xtts,1188-133604-0013,1188,0.0,0.0,0.0,0.0,0.0,It must remember be one or the other.
chatterbox,1188-133604-0013,1188,0.0,0.0,0.0,0.0,0.0,It must remember be one or the other.
indextts,1188-133604-0013,1188,0.0,0.0,0.0,0.0,0.0,It must remember be one or the other.
cosyvoice3,1188-133604-0013,1188,0.0,0.0,0.0,0.0,0.0,it must remember be one or the other
real,1188-133604-0040,1188,0.0,0.0,0.0,0.0,0.0,The crampness and the poverty are all intended.
f5tts,1188-133604-0040,1188,0.0,0.0,0.0,0.0,0.0,The crampness and the poverty are all intended.
xtts,1188-133604-0040,1188,0.0,0.0,0.0,0.0,0.0,The crampness and the poverty are all intended.
chatterbox,1188-133604-0040,1188,0.0,0.0,0.0,0.0,0.0,The crampness and the poverty are all intended.
indextts,1188-133604-0040,1188,0.0,0.0,0.0,0.0,0.0,The crampness and the poverty are all intended.
cosyvoice3,1188-133604-0040,1188,0.0,0.0,0.0,0.0,0.0,The crampness and the poverty are all intended.
real,1188-133604-0025,1188,0.0869565217391304,0.0434782608695652,0.0434782608695652,0.0,0.0252100840336134,You know I've just been telling you how this school of materialism and clay involved itself at last in cloud and fire.
f5tts,1188-133604-0025,1188,0.0,0.0,0.0,0.0,0.0,"You know, I have just been telling you how this school of materialism, and clay involved itself at last in cloud and fire,"
xtts,1188-133604-0025,1188,0.0,0.0,0.0,0.0,0.0,You know I have just been telling you how this school of materialism and clay  involved itself at last in Cloud and Fire.
chatterbox,1188-133604-0025,1188,0.0,0.0,0.0,0.0,0.0,you know i have just been telling you how this school of materialism and clay involved itself at last in cloud and fire
indextts,1188-133604-0025,1188,0.0,0.0,0.0,0.0,0.0,"You know, I have just been telling you how this school of materialism and clay involved itself at last in cloud and fire."
cosyvoice3,1188-133604-0025,1188,0.0,0.0,0.0,0.0,0.0,you know i have just been telling you how this school of materialism and clay involved itself at last in cloud and fire
real,1188-133604-0039,1188,0.0,0.0,0.0,0.0,0.0,it has no beauty whatsoever no specialty of picturesqueness and all its lines are cramped and poor
f5tts,1188-133604-0039,1188,0.0,0.0,0.0,0.0,0.0,It has no beauty whatsoever no specialty of picturesqueness and all its lines are cramped and poor
xtts,1188-133604-0039,1188,0.0,0.0,0.0,0.0,0.0,"It has no beauty whatsoever, no specialty of picturesqueness, and all its lines are cramped and poor."
chatterbox,1188-133604-0039,1188,0.0,0.0,0.0,0.0,0.0,it has no beauty whatsoever no specialty of picturesqueness and all its lines are cramped and poor
indextts,1188-133604-0039,1188,0.0,0.0,0.0,0.0,0.0,"It has no beauty whatsoever, no specialty of picturesqueness, and all its lines are cramped  and poor."
cosyvoice3,1188-133604-0039,1188,0.0,0.0,0.0,0.0,0.0,it has no beauty whatsoever no specialty of picturesqueness and all its lines are cramped and poor
real,1188-133604-0029,1188,0.0,0.0,0.0,0.0,0.0,only there are two sorts of cloud and fire
f5tts,1188-133604-0029,1188,0.0,0.0,0.0,0.0,0.0,Only there are two sorts of cloud and fire.
xtts,1188-133604-0029,1188,0.0,0.0,0.0,0.0,0.0,only there are two sorts of cloud and fire.
chatterbox,1188-133604-0029,1188,0.0,0.0,0.0,0.0,0.0,Only there are two sorts of cloud and fire.
indextts,1188-133604-0029,1188,0.0,0.0,0.0,0.0,0.0,Only there are two sorts of cloud and fire.
cosyvoice3,1188-133604-0029,1188,0.0,0.0,0.0,0.0,0.0,Only there are two sorts of cloud and fire.
real,1188-133604-0043,1188,0.0,0.0,0.0,0.0,0.0,see that your lives be in nothing worse than a boy's climbing for his entangled kite
f5tts,1188-133604-0043,1188,0.0,0.0,0.0,0.0,0.0,see that your lives be in nothing worse than a boy's climbing for his entangled kite
xtts,1188-133604-0043,1188,0.0,0.0,0.0,0.0,0.0,See that your lives be in nothing worse than a boy's climbing for his entangled kite.
chatterbox,1188-133604-0043,1188,0.0625,0.0625,0.0,0.0,0.0119047619047619,See that your lies be in nothing worse than a boy's climbing for his entangled kite.
indextts,1188-133604-0043,1188,0.0,0.0,0.0,0.0,0.0,See that your lives be in nothing worse than a boy's climbing for his entangled kite.
cosyvoice3,1188-133604-0043,1188,0.0,0.0,0.0,0.0,0.0,See that your lives be in nothing worse than a boy's climbing for his entangled kite.
real,1188-133604-0014,1188,0.0,0.0,0.0,0.0,0.0,"Do not, therefore, think that the Gothic school is an easy one."
f5tts,1188-133604-0014,1188,0.0,0.0,0.0,0.0,0.0,Do not therefore think that the Gothic school is an easy one.
xtts,1188-133604-0014,1188,0.0,0.0,0.0,0.0,0.0,Do not therefore think that the Gothic school is an easy one.
chatterbox,1188-133604-0014,1188,0.0,0.0,0.0,0.0,0.0,do not therefore think that the gothic school is an easy one
indextts,1188-133604-0014,1188,0.0,0.0,0.0,0.0,0.0,"Do not, therefore, think that the Gothic school is an easy one."
cosyvoice3,1188-133604-0014,1188,0.0,0.0,0.0,0.0,0.0,Do not therefore think that the gothic school is an easy one
real,1188-133604-0036,1188,0.0,0.0,0.0,0.0,0.0,"In both these high, mythical subjects, the surrounding nature, though suffering, is still dignified and beautiful."
f5tts,1188-133604-0036,1188,0.0,0.0,0.0,0.0,0.0,In both these high mythical subjects the surrounding nature though suffering is still dignified and beautiful
xtts,1188-133604-0036,1188,0.0,0.0,0.0,0.0,0.0,"In both these high mythical subjects, the surrounding nature, though suffering, is still dignified and beautiful."
chatterbox,1188-133604-0036,1188,0.0,0.0,0.0,0.0,0.0,in both these high mythical subjects the surrounding nature though suffering is still dignified and beautiful
indextts,1188-133604-0036,1188,0.0,0.0,0.0,0.0,0.0,"In both these high mythical subjects, the surrounding nature, though, suffering is still  dignified and beautiful."
cosyvoice3,1188-133604-0036,1188,0.0,0.0,0.0,0.0,0.0,"In both these high mythical subjects, the surrounding nature, though suffering, is still dignified and beautiful."
real,4970-29095-0011,4970,0.0,0.0,0.0,0.0,0.0,does thee think thee could stand it six months
f5tts,4970-29095-0011,4970,0.2222222222222222,0.2222222222222222,0.0,0.0,0.0869565217391304,Does he think he could stand it six months?
xtts,4970-29095-0011,4970,0.0,0.0,0.0,0.0,0.0,Does thee think thee could stand it six months?
chatterbox,4970-29095-0011,4970,0.0,0.0,0.0,0.0,0.0,Does thee think thee could stand it six months?
indextts,4970-29095-0011,4970,0.0,0.0,0.0,0.0,0.0,Does thee think thee could stand it six months?
cosyvoice3,4970-29095-0011,4970,0.0,0.0,0.0,0.0,0.0,Does thee think thee could stand it six months?
real,4970-29095-0032,4970,0.0,0.0,0.0,0.0,0.0,but philip is honest and he has talent enough if he will stop scribbling to make his way
f5tts,4970-29095-0032,4970,0.0,0.0,0.0,0.0,0.0,But Philip is honest and he has talent enough if he will stop scribbling to make his way.
xtts,4970-29095-0032,4970,0.0,0.0,0.0,0.0,0.0,"But Philip is honest, and he has talent enough if he will stop scribbling to make his way."
chatterbox,4970-29095-0032,4970,0.0,0.0,0.0,0.0,0.0,but philip is honest and he has talent enough if he will stop scribbling to make his way
indextts,4970-29095-0032,4970,0.0,0.0,0.0,0.0,0.0,but philip is honest and he has talent enough if he will stop scribbling to make his way
cosyvoice3,4970-29095-0032,4970,0.0,0.0,0.0,0.0,0.0,but philip is honest and he has talent enough if he will stop scribbling to make his way
real,4970-29095-0022,4970,0.0,0.0,0.0,0.0,0.0,is thee going to the yearly meeting ruth asked one of the girls
f5tts,4970-29095-0022,4970,0.0769230769230769,0.0769230769230769,0.0,0.0,0.0317460317460317,Is he going to the yearly meeting Ruth asked one of the girls?
xtts,4970-29095-0022,4970,0.0,0.0,0.0,0.0,0.0,Is thee going to the yearly meeting?  Ruth asked one of the girls.
chatterbox,4970-29095-0022,4970,0.0,0.0,0.0,0.0,0.0,"Is thee going to the yearly meeting, Ruth asked one of the girls."
indextts,4970-29095-0022,4970,0.0,0.0,0.0,0.0,0.0,Is thee going to the yearly meeting?  Ruth asked one of the girls.
cosyvoice3,4970-29095-0022,4970,0.0,0.0,0.0,0.0,0.0,is thee going to the yearly meeting ruth asked one of the girls
real,4970-29093-0012,4970,0.0,0.0,0.0,0.0,0.0,but philip did afford it and he wrote thanking his friends and declining because he said the political scheme would fail and ought to fail
f5tts,4970-29093-0012,4970,0.0,0.0,0.0,0.0,0.0,but philip did afford it and he wrote thanking his friends and declining because he said the political scheme would fail and ought to fail
xtts,4970-29093-0012,4970,0.04,0.04,0.0,0.0,0.0144927536231884,But Philip did afford it and he wrote thanking his friends in declining  because he said the political scheme would fail and ought to fail.
chatterbox,4970-29093-0012,4970,0.0,0.0,0.0,0.0,0.0,"But Philip did afford it, and he wrote thanking his friends and declining  because he said the political scheme would fail and ought to fail."
indextts,4970-29093-0012,4970,0.0,0.0,0.0,0.0,0.0,but philip did afford it and he wrote thanking his friends and declining because he said the political scheme would fail and ought to fail
cosyvoice3,4970-29093-0012,4970,0.0,0.0,0.0,0.0,0.0,but philip did afford it and he wrote thanking his friends and declining because he said the political scheme would fail and ought to fail
real,4970-29095-0036,4970,0.0,0.0,0.0,0.0,0.0,has thee consulted thy mother about a career i suppose it is a career thee wants
f5tts,4970-29095-0036,4970,0.0,0.0,0.0,0.0,0.0,Has thee consulted thy mother about a career?  I suppose it is a career thee wants.
xtts,4970-29095-0036,4970,0.0,0.0,0.0,0.0,0.0,Has thee consulted thy mother about a career?  I suppose it is a career thee wants.
chatterbox,4970-29095-0036,4970,0.0,0.0,0.0,0.0,0.0,Has thee consulted thy mother about a career? I suppose it is a career thee wants?
indextts,4970-29095-0036,4970,0.0,0.0,0.0,0.0,0.0,Has thee consulted thy mother about a career? I suppose it is a career thee wants.
cosyvoice3,4970-29095-0036,4970,0.0,0.0,0.0,0.0,0.0,Has thee consulted thy mother about a career? I suppose it is a career thee wants.
real,4970-29093-0009,4970,0.0,0.0,0.0,0.0,0.0,philip therefore read diligently in the astor library planned literary works that should compel attention and nursed his genius
f5tts,4970-29093-0009,4970,0.0526315789473684,0.0526315789473684,0.0,0.0,0.0078740157480314,philip therefore read diligently in the astor library planned literary works that should compel attention and nurse his genius
xtts,4970-29093-0009,4970,0.0526315789473684,0.0526315789473684,0.0,0.0,0.0078740157480314,"Philip therefore read, diligently, in the Astor Library, planned literary works that  should compel attention and nurse his genius."
chatterbox,4970-29093-0009,4970,0.0,0.0,0.0,0.0,0.0,philip therefore read diligently in the astor library planned literary works that should compel attention and nursed his genius
indextts,4970-29093-0009,4970,0.0,0.0,0.0,0.0,0.0,philip therefore read diligently in the astor library planned literary works that should compel attention and nursed his genius
cosyvoice3,4970-29093-0009,4970,0.0,0.0,0.0,0.0,0.0,philip therefore read diligently in the astor library planned literary works that should compel attention and nursed his genius
real,4970-29093-0000,4970,0.0,0.0,0.0,0.0,0.0,You'll never dig it out of the Astor Library.
f5tts,4970-29093-0000,4970,0.0,0.0,0.0,0.0,0.0,You'll never dig it out of the Astor Library.
xtts,4970-29093-0000,4970,0.0,0.0,0.0,0.0,0.0,You'll never dig it out of the Astor Library.
chatterbox,4970-29093-0000,4970,0.1111111111111111,0.1111111111111111,0.0,0.0,0.0227272727272727,You'll never dig it out of the Aster library.
indextts,4970-29093-0000,4970,0.0,0.0,0.0,0.0,0.0,You'll never dig it out of the Astor Library.
cosyvoice3,4970-29093-0000,4970,0.0,0.0,0.0,0.0,0.0,You'll never dig it out of the Astor Library.
real,4970-29093-0013,4970,0.0416666666666666,0.0,0.0,0.0416666666666666,0.0314960629921259,and he went back to his books and to his waiting for an opening large enough for his dignified entrance into the literary world  you
f5tts,4970-29093-0013,4970,0.0,0.0,0.0,0.0,0.0,And he went back to his books and to his waiting for an opening large enough for his dignified entrance into the literary world.
xtts,4970-29093-0013,4970,0.0,0.0,0.0,0.0,0.0,and he went back to his books and to his waiting for an opening large enough for  his dignified entrance into the literary world
chatterbox,4970-29093-0013,4970,0.0,0.0,0.0,0.0,0.0,and he went back to his books and to his waiting for an opening large enough for his dignified entrance into the literary world
indextts,4970-29093-0013,4970,0.0,0.0,0.0,0.0,0.0,and he went back to his books and to his waiting for an opening large enough for his dignified entrance into the literary world
cosyvoice3,4970-29093-0013,4970,0.0,0.0,0.0,0.0,0.0,and he went back to his books and to his waiting for an opening large enough for his dignified entrance into the literary world
real,4970-29095-0014,4970,0.0,0.0,0.0,0.0,0.0,where thee and thy family are known
f5tts,4970-29095-0014,4970,0.0,0.0,0.0,0.0,0.0,Where thee and thy family are known.
xtts,4970-29095-0014,4970,0.0,0.0,0.0,0.0,0.0,where thee and thy family are known.
chatterbox,4970-29095-0014,4970,0.0,0.0,0.0,0.0,0.0,Where thee and thy family are known.
indextts,4970-29095-0014,4970,0.0,0.0,0.0,0.0,0.0,where thee and thy family are known.
cosyvoice3,4970-29095-0014,4970,0.0,0.0,0.0,0.0,0.0,where thee and thy family are known.
real,1995-1837-0010,1995,0.0,0.0,0.0,0.0,0.0,"Perhaps she too might be there, waiting, weeping."
f5tts,1995-1837-0010,1995,0.0,0.0,0.0,0.0,0.0,"Perhaps she too might be there waiting, weeping."
xtts,1995-1837-0010,1995,0.0,0.0,0.0,0.0,0.0,Perhaps she too might be there waiting weeping.
chatterbox,1995-1837-0010,1995,0.0,0.0,0.0,0.0,0.0,perhaps she too might be there waiting weeping
indextts,1995-1837-0010,1995,0.0,0.0,0.0,0.0,0.0,Perhaps she too might be there waiting weeping.
cosyvoice3,1995-1837-0010,1995,0.0,0.0,0.0,0.0,0.0,"Perhaps she too might be there waiting, weeping."
real,1995-1826-0025,1995,0.375,0.25,0.125,0.0,0.0975609756097561,sometime you tell me please won't you
f5tts,1995-1826-0025,1995,0.25,0.125,0.125,0.0,0.024390243902439,"Sometime you'll tell me please, won't you?"
xtts,1995-1826-0025,1995,0.25,0.125,0.125,0.0,0.024390243902439,"Sometime you'll tell me, please, won't you?"
chatterbox,1995-1826-0025,1995,0.25,0.125,0.125,0.0,0.024390243902439,"Sometime you'll tell me, please won't you?"
indextts,1995-1826-0025,1995,0.25,0.125,0.125,0.0,0.024390243902439,"Sometime you'll tell me, please, won't you?"
cosyvoice3,1995-1826-0025,1995,0.25,0.125,0.125,0.0,0.024390243902439,"Sometime you'll tell me, please, won't you?"
real,1995-1836-0014,1995,0.0526315789473684,0.0526315789473684,0.0,0.0,0.0300751879699248,"Fortunately, said Mr. Vanderpool, Northerners and Southerners are arriving at a better mutual understanding on most of these matters."
f5tts,1995-1836-0014,1995,0.0526315789473684,0.0526315789473684,0.0,0.0,0.0300751879699248,"Fortunately, said Mr. Vanderpool, Northerners and Southerners are arriving at a better mutual understanding on most of these matters."
xtts,1995-1836-0014,1995,0.0526315789473684,0.0526315789473684,0.0,0.0,0.0300751879699248,"Fortunately, said Mr. Vanderpool, northerners and southerners  are arriving at a better mutual understanding on most of these matters."
chatterbox,1995-1836-0014,1995,0.1052631578947368,0.1052631578947368,0.0,0.0,0.037593984962406,fortunately said mr vanderpoel northerners and southerners are arriving at a better mutual understanding on most of these matters
indextts,1995-1836-0014,1995,0.1052631578947368,0.1052631578947368,0.0,0.0,0.037593984962406,fortunately said mr vanderpoel northerners and southerners are arriving at a better mutual understanding on most of these matters
cosyvoice3,1995-1836-0014,1995,0.1052631578947368,0.1052631578947368,0.0,0.0,0.037593984962406,fortunately said mr vanderpoel northerners and southerners are arriving at a better mutual understanding on most of these matters
real,1995-1837-0004,1995,0.0,0.0,0.0,0.0,0.0,"He panted to know if she too knew, or knew and cared not, or cared and knew not."
f5tts,1995-1837-0004,1995,0.0,0.0,0.0,0.0,0.0,He panted to know if she too knew or knew and cared not or cared and knew not.
xtts,1995-1837-0004,1995,0.0,0.0,0.0,0.0,0.0,"He panted to know if she too knew or knew, and cared not or cared and knew not."
chatterbox,1995-1837-0004,1995,0.0,0.0,0.0,0.0,0.0,he panted to know if she too knew or knew and cared not or cared and knew not
indextts,1995-1837-0004,1995,0.0,0.0,0.0,0.0,0.0,he panted to know if she too knew or knew and cared not or cared and knew not
cosyvoice3,1995-1837-0004,1995,0.0,0.0,0.0,0.0,0.0,he panted to know if she too knew or knew and cared not or cared and knew not
real,1995-1836-0000,1995,0.0909090909090909,0.0909090909090909,0.0,0.0,0.075187969924812,"The Honorable Charles Smith, Miss Sarah's brother, was walking swiftly uptown from Mr. Easterly's Wall Street office and his face was pale."
f5tts,1995-1836-0000,1995,0.0454545454545454,0.0454545454545454,0.0,0.0,0.0300751879699248,the hon charles smith miss sarah's brother was walking swiftly uptown from mr easterly's wall street office and his face was pale
xtts,1995-1836-0000,1995,0.1363636363636363,0.0909090909090909,0.0454545454545454,0.0,0.0601503759398496,"Leon Charles Smith, Miss Sarah's brother, was walking swiftly uptown from Mr. Easterly's Wall Street office and his face was pale."
chatterbox,1995-1836-0000,1995,0.0454545454545454,0.0454545454545454,0.0,0.0,0.0300751879699248,the hon charles smith miss sarah's brother was walking swiftly uptown from mr easterly's wall street office and his face was pale
indextts,1995-1836-0000,1995,0.0454545454545454,0.0454545454545454,0.0,0.0,0.0300751879699248,the hon charles smith miss sarah's brother was walking swiftly uptown from mr easterly's wall street office and his face was pale
cosyvoice3,1995-1836-0000,1995,0.1363636363636363,0.1363636363636363,0.0,0.0,0.0977443609022556,"The Honorable Carl Smith, Miss Sarah's brother, was walking swiftly uptown from Mr. Easterly's Wall Street office, and his face was pale."
real,1995-1826-0011,1995,0.0,0.0,0.0,0.0,0.0,here she was teaching dirty children and the smell of confused odors and bodily perspiration was to her at times unbearable
f5tts,1995-1826-0011,1995,0.0,0.0,0.0,0.0,0.0,here she was teaching dirty children and the smell of confused odors and bodily perspiration was to her at times unbearable
xtts,1995-1826-0011,1995,0.0,0.0,0.0,0.0,0.0,"Here she was teaching dirty children, and the smell of confused odors and bodily perspiration  was to her at times unbearable."
chatterbox,1995-1826-0011,1995,0.0,0.0,0.0,0.0,0.0,here she was teaching dirty children and the smell of confused odors and bodily perspiration was to her at times unbearable
indextts,1995-1826-0011,1995,0.0,0.0,0.0,0.0,0.0,here she was teaching dirty children and the smell of confused odors and bodily perspiration was to her at times unbearable
cosyvoice3,1995-1826-0011,1995,0.0,0.0,0.0,0.0,0.0,"Here she was, teaching dirty children, and the smell of confused odors and bodily perspiration was, to her, at times unbearable."
real,1995-1826-0002,1995,0.0,0.0,0.0,0.0,0.0,"John Taylor, who had supported her through college, was interested in cotton."
f5tts,1995-1826-0002,1995,0.0,0.0,0.0,0.0,0.0,"John Taylor, who had supported her through college, was interested in cotton."
xtts,1995-1826-0002,1995,0.0,0.0,0.0,0.0,0.0,"John Taylor, who had supported her through college, was interested in cotton."
chatterbox,1995-1826-0002,1995,0.0,0.0,0.0,0.0,0.0,john taylor who had supported her through college was interested in cotton
indextts,1995-1826-0002,1995,0.0,0.0,0.0,0.0,0.0,"John Taylor, who had supported her through college, was interested in cotton."
cosyvoice3,1995-1826-0002,1995,0.0,0.0,0.0,0.0,0.0,"John Taylor, who had supported her through college, was interested in cotton."
real,1995-1836-0003,1995,0.0,0.0,0.0,0.0,0.0,she was not herself a notably intelligent woman she greatly admired intelligence or whatever looked to her like intelligence in others
f5tts,1995-1836-0003,1995,0.0,0.0,0.0,0.0,0.0,she was not herself a notably intelligent woman she greatly admired intelligence or whatever looked to her like intelligence in others
xtts,1995-1836-0003,1995,0.0476190476190476,0.0476190476190476,0.0,0.0,0.0149253731343283,"She was not herself a notably intelligent woman.  She greatly admired intelligence, or whatever looked to her like intelligence and others."
chatterbox,1995-1836-0003,1995,0.0,0.0,0.0,0.0,0.0,she was not herself a notably intelligent woman she greatly admired intelligence or whatever looked to her like intelligence in others
indextts,1995-1836-0003,1995,0.0,0.0,0.0,0.0,0.0,she was not herself a notably intelligent woman she greatly admired intelligence or whatever looked to her like intelligence in others
cosyvoice3,1995-1836-0003,1995,0.0,0.0,0.0,0.0,0.0,"She was not herself a notably intelligent woman.  She greatly admired intelligence, or whatever looked to her like intelligence in others."
real,1995-1826-0013,1995,0.0,0.0,0.0,0.0,0.0,so for the hundredth time she was thinking to-day as she walked alone up the lane back of the barn and then slowly down through the bottoms
f5tts,1995-1826-0013,1995,0.0,0.0,0.0,0.0,0.0,so for the hundredth time she was thinking to-day as she walked alone up the lane back of the barn and then slowly down through the bottoms
xtts,1995-1826-0013,1995,0.0,0.0,0.0,0.0,0.0,So for the hundredth time she was thinking today  as she walked alone up the lane back of the barn  and then slowly down through the bottoms.
chatterbox,1995-1826-0013,1995,0.0,0.0,0.0,0.0,0.0,so for the hundredth time she was thinking to-day as she walked alone up the lane back of the barn and then slowly down through the bottoms
indextts,1995-1826-0013,1995,0.037037037037037,0.0,0.0,0.037037037037037,0.0289855072463768,so for the hundredth time she was thinking to-day as she walked alone up the lane back of the barn and then slowly down through the bottoms  you
cosyvoice3,1995-1826-0013,1995,0.0,0.0,0.0,0.0,0.0,so for the hundredth time she was thinking to-day as she walked alone up the lane back of the barn and then slowly down through the bottoms
real,1995-1836-0009,1995,0.0,0.0,0.0,0.0,0.0,"But, Cresswell added significantly, capacity differs enormously between races."
f5tts,1995-1836-0009,1995,0.0,0.0,0.0,0.0,0.0,But Cresswell added significantly capacity differs enormously between races.
xtts,1995-1836-0009,1995,0.0,0.0,0.0,0.0,0.0,"But Cresswell added significantly, capacity differs enormously between races."
chatterbox,1995-1836-0009,1995,0.0,0.0,0.0,0.0,0.0,but cresswell added significantly capacity differs enormously between races
indextts,1995-1836-0009,1995,0.1111111111111111,0.1111111111111111,0.0,0.0,0.0133333333333333,But Creswell added significantly capacity differs enormously between races.
cosyvoice3,1995-1836-0009,1995,0.1111111111111111,0.1111111111111111,0.0,0.0,0.0133333333333333,"But Creswell added significantly, capacity differs enormously between races."
real,1320-122612-0004,1320,0.0,0.0,0.0,0.0,0.0,distrusting his own judgment his appeals to the opinion of chingachgook were frequent and earnest
f5tts,1320-122612-0004,1320,0.0,0.0,0.0,0.0,0.0,distrusting his own judgment his appeals to the opinion of chingachgook were frequent and earnest
xtts,1320-122612-0004,1320,0.0666666666666666,0.0666666666666666,0.0,0.0,0.0309278350515463,"Distrusting his own judgment, his appeals to the opinion of Kongachgook were frequent and earnest."
chatterbox,1320-122612-0004,1320,0.0,0.0,0.0,0.0,0.0,"Distrusting his own judgment, his appeals to the opinion of Chingachgook were frequent and earnest."
indextts,1320-122612-0004,1320,0.0,0.0,0.0,0.0,0.0,"Distrusting his own judgment, his appeals to the opinion of Chingachgook were frequent and earnest."
cosyvoice3,1320-122612-0004,1320,0.0,0.0,0.0,0.0,0.0,"distrusting his own judgment, his appeals to the opinion of Chingachgook were frequent and earnest."
real,1320-122612-0015,1320,0.0,0.0,0.0,0.0,0.0,the whole party crowded to the spot where uncas pointed out the impression of a moccasin in the moist alluvion
f5tts,1320-122612-0015,1320,0.0,0.0,0.0,0.0,0.0,the whole party crowded to the spot where uncas pointed out the impression of a moccasin in the moist alluvion
xtts,1320-122612-0015,1320,0.05,0.05,0.0,0.0,0.009090909090909,The whole party crowded to the spot where Uncus pointed out the impression of a moccasin in the moist alluvion.
chatterbox,1320-122612-0015,1320,0.0,0.0,0.0,0.0,0.0,The whole party crowded to the spot where Uncas pointed out the impression of a moccasin  in the moist alluvion.
indextts,1320-122612-0015,1320,0.0,0.0,0.0,0.0,0.0,the whole party crowded to the spot where Uncas pointed out the impression of a moccasin in the moist alluvion.
cosyvoice3,1320-122612-0015,1320,0.0,0.0,0.0,0.0,0.0,the whole party crowded to the spot where Uncas pointed out the impression  of a moccasin in the moist alluvion.
real,1320-122617-0003,1320,0.0,0.0,0.0,0.0,0.0,there was something in his air and manner that betrayed to the scout the utter confusion of the state of his mind
f5tts,1320-122617-0003,1320,0.0,0.0,0.0,0.0,0.0,There was something in his air and manner that betrayed to the scout the utter confusion of the state of his mind.
xtts,1320-122617-0003,1320,0.0,0.0,0.0,0.0,0.0,There was something in his air and manner that betrayed to the scout  the utter confusion of the state of his mind.
chatterbox,1320-122617-0003,1320,0.0,0.0,0.0,0.0,0.0,There was something in his air and manner that betrayed to the scout the utter confusion  of the state of his mind.
indextts,1320-122617-0003,1320,0.0,0.0,0.0,0.0,0.0,There was something in his air and manner that betrayed to the scout the utter confusion  of the state of his mind.
cosyvoice3,1320-122617-0003,1320,0.0,0.0,0.0,0.0,0.0,there was something in his air and manner that betrayed to the scout the utter confusion of the state of his mind
real,1320-122612-0006,1320,0.0,0.0,0.0,0.0,0.0,Let us retrace our steps and examine as we go with keener eyes.
f5tts,1320-122612-0006,1320,0.0,0.0,0.0,0.0,0.0,Let us retrace our steps and examine as we go with keener eyes.
xtts,1320-122612-0006,1320,0.0,0.0,0.0,0.0,0.0,Let us retrace our steps and examine as we go with keener eyes.
chatterbox,1320-122612-0006,1320,0.0,0.0,0.0,0.0,0.0,let us retrace our steps and examine as we go with keener eyes
indextts,1320-122612-0006,1320,0.0,0.0,0.0,0.0,0.0,"Let us retrace our steps, and examine as we go with keener eyes."
cosyvoice3,1320-122612-0006,1320,0.0,0.0,0.0,0.0,0.0,Let us retrace our steps and examine as we go with keener eyes.
real,1320-122617-0009,1320,0.0,0.0,0.0,0.0,0.0,i greatly mourn that one so well disposed should die in his ignorance and i have sought a goodly hymn can you lead me to him
f5tts,1320-122617-0009,1320,0.0,0.0,0.0,0.0,0.0,"I greatly mourn that one so well disposed should die in his ignorance, and I have sought  a goodly hymn, can you lead me to him?"
xtts,1320-122617-0009,1320,0.0,0.0,0.0,0.0,0.0,"I greatly mourn, that one so well disposed, Should die in his ignorance,  And I have sought a goodly hymn, Can you lead me to him?"
chatterbox,1320-122617-0009,1320,0.0,0.0,0.0,0.0,0.0,"I greatly mourn that one so well disposed should die in his ignorance,  and I have sought a goodly hymn. Can you lead me to him?"
indextts,1320-122617-0009,1320,0.0,0.0,0.0,0.0,0.0,i greatly mourn that one so well disposed should die in his ignorance and i have sought a goodly hymn can you lead me to him
cosyvoice3,1320-122617-0009,1320,0.0,0.0,0.0,0.0,0.0,"I greatly mourn that one so well disposed Should die in his ignorance, and I have sought  a goodly hymn.  Can you lead me to him?"
real,1320-122617-0023,1320,0.0,0.0,0.0,0.0,0.0,uncas who had already approached the door in readiness to lead the way now recoiled and placed himself once more in the bottom of the lodge
f5tts,1320-122617-0023,1320,0.0,0.0,0.0,0.0,0.0,uncas who had already approached the door in readiness to lead the way now recoiled and placed himself once more in the bottom of the lodge
xtts,1320-122617-0023,1320,0.0,0.0,0.0,0.0,0.0,"Uncas, who had already approached the door in readiness to lead the way,  now recoiled and placed himself once more in the bottom of the lodge."
chatterbox,1320-122617-0023,1320,0.0,0.0,0.0,0.0,0.0,uncas who had already approached the door in readiness to lead the way now recoiled and placed himself once more in the bottom of the lodge
indextts,1320-122617-0023,1320,0.0,0.0,0.0,0.0,0.0,uncas who had already approached the door in readiness to lead the way now recoiled and placed himself once more in the bottom of the lodge
cosyvoice3,1320-122617-0023,1320,0.0,0.0,0.0,0.0,0.0,"Uncas, who had already approached the door in readiness to lead the way, now recoiled  and placed himself once more in the bottom of the lodge."
real,1320-122617-0015,1320,0.0,0.0,0.0,0.0,0.0,"But the bear, instead of obeying, maintained the seat it had taken and growled."
f5tts,1320-122617-0015,1320,0.0,0.0,0.0,0.0,0.0,"But the bear, instead of obeying maintained the seat, it had taken and growled."
xtts,1320-122617-0015,1320,0.0,0.0,0.0,0.0,0.0,but the bear instead of obeying maintained the seat it had taken and growled.
chatterbox,1320-122617-0015,1320,0.0,0.0,0.0,0.0,0.0,"But the bear, instead of obeying, maintained the seat it had taken, and growled."
indextts,1320-122617-0015,1320,0.0,0.0,0.0,0.0,0.0,but the bear instead of obeying maintained the seat it had taken and growled.
cosyvoice3,1320-122617-0015,1320,0.0,0.0,0.0,0.0,0.0,"but the bear, instead of obeying, maintained the seat it had taken, and growled."
real,1320-122612-0016,1320,0.0,0.0,0.0,0.0,0.0,run back uncas and bring me the size of the singer's foot
f5tts,1320-122612-0016,1320,0.1666666666666666,0.0833333333333333,0.0,0.0833333333333333,0.0701754385964912,Run back on Kaz and bring me the size of the singer's foot.
xtts,1320-122612-0016,1320,0.0833333333333333,0.0833333333333333,0.0,0.0,0.0350877192982456,"Run back, Ancus, and bring me the size of the singer's foot."
chatterbox,1320-122612-0016,1320,0.0,0.0,0.0,0.0,0.0,"Run back, Uncas, and bring me the size of the singer's foot."
indextts,1320-122612-0016,1320,0.0,0.0,0.0,0.0,0.0,"Run back, Uncas, and bring me the size of the singer's foot."
cosyvoice3,1320-122612-0016,1320,0.0,0.0,0.0,0.0,0.0,"Run back, Uncas, and bring me the size of the singer's foot."
real,1320-122617-0031,1320,0.0,0.0,0.0,0.0,0.0,bravely and generously has he battled in my behalf and this and more will i dare in his service
f5tts,1320-122617-0031,1320,0.0,0.0,0.0,0.0,0.0,"Bravely and generously has he battled in my behalf, and this and more will I dare in his service."
xtts,1320-122617-0031,1320,0.0,0.0,0.0,0.0,0.0,"Bravely and generously has he battled in my behalf, and this and more will I dare in his service."
chatterbox,1320-122617-0031,1320,0.0,0.0,0.0,0.0,0.0,"Bravely and generously has he battled in my behalf, and this and more will I dare in his service."
indextts,1320-122617-0031,1320,0.0,0.0,0.0,0.0,0.0,"bravely and generously, has he battled in my behalf, and this and more will I dare in his service."
cosyvoice3,1320-122617-0031,1320,0.0,0.0,0.0,0.0,0.0,"Bravely and generously has he battled in my behalf,  and this and more will I dare in his service."
real,1320-122617-0017,1320,0.0,0.0,0.0,0.0,0.0,"Then, as if satisfied of their safety, the scout left his position and slowly entered the place."
f5tts,1320-122617-0017,1320,0.0,0.0,0.0,0.0,0.0,"Then, as if satisfied of their safety, the scout left his position and slowly entered the place."
xtts,1320-122617-0017,1320,0.0,0.0,0.0,0.0,0.0,"Then, as if satisfied of their safety, the scout left his position and slowly entered the place."
chatterbox,1320-122617-0017,1320,0.0,0.0,0.0,0.0,0.0,"Then, as if satisfied of their safety, the scout left his position and slowly entered the place."
indextts,1320-122617-0017,1320,0.0,0.0,0.0,0.0,0.0,"Then, as if satisfied of their safety, the scout left his position and slowly entered the place."
cosyvoice3,1320-122617-0017,1320,0.0,0.0,0.0,0.0,0.0,"Then, as if satisfied of their safety, the scout left his position, and slowly entered the place."
real,237-126133-0014,237,0.0555555555555555,0.0555555555555555,0.0,0.0,0.0467289719626168,"asked Bronzy, in intense interest slipping down out of Polly's arms and crowding up close to Jasper's side."
f5tts,237-126133-0014,237,0.1111111111111111,0.1111111111111111,0.0,0.0,0.0467289719626168,asked Francie an intense interest slipping down out of Polly's arms and crowding up close to Jasper's side.
xtts,237-126133-0014,237,0.0555555555555555,0.0555555555555555,0.0,0.0,0.0467289719626168,"asked Franzi in intense interest, slipping down out of Polly's arms and crowding up close to Jasper's side."
chatterbox,237-126133-0014,237,0.0555555555555555,0.0555555555555555,0.0,0.0,0.0467289719626168,"asked Franzi in intense interest, slipping down out of Polly's arms and crowding up close to Jasper's side."
indextts,237-126133-0014,237,0.0555555555555555,0.0555555555555555,0.0,0.0,0.0467289719626168,"asked Franzi in intense interest, slipping down out of Polly's arms and crowding up close  to Jasper's side."
cosyvoice3,237-126133-0014,237,0.0555555555555555,0.0555555555555555,0.0,0.0,0.0467289719626168,"asked Franzi in intense interest, slipping down out of Polly's arms and crowding up close  to Jasper's side."
real,237-126133-0005,237,0.0,0.0,0.0,0.0,0.0,"Oh, she's always at the piano, said Van.  She must be there now, somewhere.  And then somebody laughed."
f5tts,237-126133-0005,237,0.0,0.0,0.0,0.0,0.0,"Oh, she's always at the piano, said Van.  She must be there now somewhere, and then somebody laughed."
xtts,237-126133-0005,237,0.0,0.0,0.0,0.0,0.0,"Oh, she's always at the piano, said Van.  She must be there now, somewhere, and then somebody laughed."
chatterbox,237-126133-0005,237,0.0,0.0,0.0,0.0,0.0,oh she's always at the piano said van she must be there now somewhere and then somebody laughed
indextts,237-126133-0005,237,0.1111111111111111,0.0555555555555555,0.0,0.0555555555555555,0.0210526315789473,oh she is always at the piano said van she must be there now somewhere and then somebody laughed
cosyvoice3,237-126133-0005,237,0.2222222222222222,0.2222222222222222,0.0,0.0,0.0421052631578947,"""'Oh, she's always at the piano?' said Van.  ""'She must be there now, somewhere.'  And then somebody laughed."""
real,237-134500-0039,237,0.0,0.0,0.0,0.0,0.0,"That won't last. It will go away, and things will be just as they used to."
f5tts,237-134500-0039,237,0.0,0.0,0.0,0.0,0.0,"That won't last, it will go away, and things will be just as they used to."
xtts,237-134500-0039,237,0.0,0.0,0.0,0.0,0.0,"That won't last, it will go away, and things will be just as they used to."
chatterbox,237-134500-0039,237,0.0,0.0,0.0,0.0,0.0,That won't last. It will go away and things will be just as they used to.
indextts,237-134500-0039,237,0.0,0.0,0.0,0.0,0.0,that won't last it will go away and things will be just as they used to
cosyvoice3,237-134500-0039,237,0.0,0.0,0.0,0.0,0.0,"That won't last. It will go away, and things will be just as they used to."
real,237-134493-0015,237,0.0,0.0,0.0,0.0,0.0,there was something individual about the great farm a most unusual trimness and care for detail
f5tts,237-134493-0015,237,0.0,0.0,0.0,0.0,0.0,"There was something individual about the great farm, a most unusual trimness and care for detail."
xtts,237-134493-0015,237,0.0,0.0,0.0,0.0,0.0,"There was something individual about the great farm, a most unusual trimness and care for detail."
chatterbox,237-134493-0015,237,0.0,0.0,0.0,0.0,0.0,there was something individual about the great farm a most unusual trimness and care for detail
indextts,237-134493-0015,237,0.0,0.0,0.0,0.0,0.0,"There was something individual about the great farm, a most unusual trimness, and care for detail."
cosyvoice3,237-134493-0015,237,0.0,0.0,0.0,0.0,0.0,"There was something individual about the great farm, a most unusual trimness and care for detail."
real,237-126133-0003,237,0.0,0.0,0.0,0.0,0.0,somehow of all the days when the home feeling was the strongest this day it seemed as if she could bear it no longer
f5tts,237-126133-0003,237,0.0,0.0,0.0,0.0,0.0,"Somehow, of all the days when the home feeling was the strongest this day, it seemed as if  she could bear it no longer."
xtts,237-126133-0003,237,0.0,0.0,0.0,0.0,0.0,"Somehow, of all the days when the home feeling was the strongest, this day it seemed as if  she could bear it no longer."
chatterbox,237-126133-0003,237,0.0,0.0,0.0,0.0,0.0,somehow of all the days when the home feeling was the strongest this day it seemed as if she could bear it no longer
indextts,237-126133-0003,237,0.0,0.0,0.0,0.0,0.0,somehow of all the days when the home feeling was the strongest this day it seemed as if she could bear it no longer
cosyvoice3,237-126133-0003,237,0.0,0.0,0.0,0.0,0.0,"Somehow, of all the days when the home feeling was the strongest, this day it seemed as if  she could bear it no longer."
real,237-126133-0025,237,0.0,0.0,0.0,0.0,0.0,"At last he came out of them, and wiped his face vigorously."
f5tts,237-126133-0025,237,0.0833333333333333,0.0833333333333333,0.0,0.0,0.0350877192982456,At last he came out at them and wiped his face vigorously.
xtts,237-126133-0025,237,0.0,0.0,0.0,0.0,0.0,At last he came out of them and wiped his face vigorously.
chatterbox,237-126133-0025,237,0.0,0.0,0.0,0.0,0.0,At last he came out of them and wiped his face vigorously.
indextts,237-126133-0025,237,0.0,0.0,0.0,0.0,0.0,at last he came out of them and wiped his face vigorously
cosyvoice3,237-126133-0025,237,0.0,0.0,0.0,0.0,0.0,"At last he came out of them, and wiped his face vigorously."
real,237-126133-0023,237,0.0,0.0,0.0,0.0,0.0,he cried in high dudgeon just as if he owned the whole of the peppers and could dispose of them all to suit his fancy
f5tts,237-126133-0023,237,0.0,0.0,0.0,0.0,0.0,"He cried in high dudgeon just as if he owned the whole of the peppers, and could dispose  of them all to suit his fancy."
xtts,237-126133-0023,237,0.0,0.0,0.0,0.0,0.0,"He cried in high dudgeon, just as if he owned the whole of the peppers, and could dispose  of them all to suit his fancy."
chatterbox,237-126133-0023,237,0.0,0.0,0.0,0.0,0.0,he cried in high dudgeon just as if he owned the whole of the peppers and could dispose of them all to suit his fancy
indextts,237-126133-0023,237,0.0,0.0,0.0,0.0,0.0,"he cried in high dudgeon, just as if he owned the whole of the peppers, and could dispose  of them all to suit his fancy."
cosyvoice3,237-126133-0023,237,0.0,0.0,0.0,0.0,0.0,"He cried in high dudgeon, just as if he owned the whole of the peppers, and could dispose  of them all to suit his fancy."
real,237-134500-0041,237,0.0,0.0,0.0,0.0,0.0,i can't pray to have the things i want he said slowly and i won't pray not to have them not if i'm damned for it
f5tts,237-134500-0041,237,0.0,0.0,0.0,0.0,0.0,"I can't pray to have the things I want, he said slowly,  and I won't pray not to have them not if I'm damned for it."
xtts,237-134500-0041,237,0.0,0.0,0.0,0.0,0.0,"I can't pray to have the things I want, he said slowly,  and I won't pray not to have them not, if I'm damned for it."
chatterbox,237-134500-0041,237,0.0,0.0,0.0,0.0,0.0,i can't pray to have the things i want he said slowly and i won't pray not to have them not if i'm damned for it
indextts,237-134500-0041,237,0.0,0.0,0.0,0.0,0.0,"I can't pray to have the things I want, he said slowly, and I won't pray not to have  them not if I'm damned for it."
cosyvoice3,237-134500-0041,237,0.1538461538461538,0.1538461538461538,0.0,0.0,0.0357142857142857,"""'I can't pray to have the things I want,' he said slowly,  ""'and I won't pray not to have them, not if I'm damned for it.'"
real,237-126133-0019,237,0.1818181818181818,0.1818181818181818,0.0,0.0,0.037037037037037,"""'Dear me!' ejaculated the old gentleman in the utmost amazement.  ""'And such a time as I've had to get her here, too!'"
f5tts,237-126133-0019,237,0.0909090909090909,0.0909090909090909,0.0,0.0,0.0277777777777777,Dear me ejaculated the old gentleman in the utmost amazement in such a time as I've had to get her here to
xtts,237-126133-0019,237,0.1363636363636363,0.1363636363636363,0.0,0.0,0.0277777777777777,"""'Dear me!' ejaculated the old gentleman,  ""'in the utmost amazement and such a time as I've had to get her here, too."
chatterbox,237-126133-0019,237,0.0,0.0,0.0,0.0,0.0,dear me ejaculated the old gentleman in the utmost amazement and such a time as i've had to get her here too
indextts,237-126133-0019,237,0.0,0.0,0.0,0.0,0.0,"Dear me, ejaculated the old gentleman, in the utmost amazement, and such a time as I've  had to get her here, too."
cosyvoice3,237-126133-0019,237,0.1818181818181818,0.1818181818181818,0.0,0.0,0.037037037037037,"""'Dear me!' ejaculated the old gentleman, in the utmost amazement,  ""'and such a time as I've had to get her here, too!'"
real,2961-961-0015,2961,0.0,0.0,0.0,0.0,0.0,many laws exist among us which are the counterpart of yours as they were in the olden time
f5tts,2961-961-0015,2961,0.0,0.0,0.0,0.0,0.0,"Many laws exist among us which are the counterpart of yours, as they were in the olden time."
xtts,2961-961-0015,2961,0.0,0.0,0.0,0.0,0.0,"Many laws exist among us, which are the counterpart of yours as they were in the olden time."
chatterbox,2961-961-0015,2961,0.0,0.0,0.0,0.0,0.0,"Many laws exist among us which are the counterpart of yours, as they were in the olden time."
indextts,2961-961-0015,2961,0.0,0.0,0.0,0.0,0.0,Many laws exist among us which are the counterpart of yours as they were in the olden time.
cosyvoice3,2961-961-0015,2961,0.0,0.0,0.0,0.0,0.0,"Many laws exist among us, which are the counterpart of yours, as they were in the olden time."
real,2961-961-0011,2961,0.0526315789473684,0.0,0.0,0.0526315789473684,0.0396039603960396,the genealogies which you have recited to us out of your own annals solon are a mere children's story  you
f5tts,2961-961-0011,2961,0.0,0.0,0.0,0.0,0.0,"The genealogies which you have recited to us out of your own annals, Solon, are a mere children's story."
xtts,2961-961-0011,2961,0.0526315789473684,0.0,0.0526315789473684,0.0,0.0198019801980198,"The genealogies which you have recited to us out of your own annals, Solon, are mere children's story."
chatterbox,2961-961-0011,2961,0.0,0.0,0.0,0.0,0.0,"The genealogies which you have recited to us out of your own annals,  Solon, are a mere children's story."
indextts,2961-961-0011,2961,0.0,0.0,0.0,0.0,0.0,"The genealogies which you have recited to us out of your own annals, Solon, are a mere children's story."
cosyvoice3,2961-961-0011,2961,0.0,0.0,0.0,0.0,0.0,"The genealogies which you have recited to us out of your own annals, Solon, are a mere children's story."
real,2961-960-0016,2961,0.0,0.0,0.0,0.0,0.0,but plato has not the same mastery over his instrument which he exhibits in the phaedrus or symposium
f5tts,2961-960-0016,2961,0.0,0.0,0.0,0.0,0.0,But Plato has not the same mastery over his instrument which he exhibits in the Phaedrus or Symposium.
xtts,2961-960-0016,2961,0.0,0.0,0.0,0.0,0.0,but Plato has not the same mastery over his instrument which he exhibits in the Phaedrus or Symposium.
chatterbox,2961-960-0016,2961,0.0,0.0,0.0,0.0,0.0,But Plato has not the same mastery over his instrument which he exhibits in the Phaedrus or Symposium.
indextts,2961-960-0016,2961,0.0,0.0,0.0,0.0,0.0,But Plato has not the same mastery over his instrument which he exhibits in the Phaedrus or Symposium.
cosyvoice3,2961-960-0016,2961,0.0,0.0,0.0,0.0,0.0,But Plato has not the same mastery over his instrument which he exhibits in the Phaedrus or Symposium.
real,2961-960-0018,2961,0.0,0.0,0.0,0.0,0.0,but in the rest of the work the power of language seems to fail him and the dramatic form is wholly given up
f5tts,2961-960-0018,2961,0.0,0.0,0.0,0.0,0.0,but in the rest of the work the power of language seems to fail him and the dramatic form is wholly given up
xtts,2961-960-0018,2961,0.0,0.0,0.0,0.0,0.0,"But in the rest of the work, the power of language seems to fail him, and the dramatic form is wholly given up."
chatterbox,2961-960-0018,2961,0.0,0.0,0.0,0.0,0.0,"But in the rest of the work, the power of language seems to fail him and the dramatic form is wholly given up."
indextts,2961-960-0018,2961,0.0,0.0,0.0,0.0,0.0,"but in the rest of the work the power of language seems to fail him,  and the dramatic form is wholly given up."
cosyvoice3,2961-960-0018,2961,0.0,0.0,0.0,0.0,0.0,but in the rest of the work the power of language seems to fail him and the dramatic form is wholly given up
real,2961-961-0014,2961,0.0,0.0,0.0,0.0,0.0,nine thousand years have elapsed since she founded yours and eight thousand since she founded ours as our annals record
f5tts,2961-961-0014,2961,0.0,0.0,0.0,0.0,0.0,nine thousand years have elapsed since she founded yours and eight thousand since she founded ours as our annals record
xtts,2961-961-0014,2961,0.25,0.05,0.2,0.0,0.2605042016806723,"9,000 years have elapsed since she founded yours,  and 8,000 since she founded ours as our annual record."
chatterbox,2961-961-0014,2961,0.2,0.0,0.2,0.0,0.2436974789915966,"9,000 years have elapsed since she founded yours, and 8,000 since she founded ours, as our annals record."
indextts,2961-961-0014,2961,0.2,0.0,0.2,0.0,0.2436974789915966,"9,000 years have elapsed since she founded yours, and 8,000 since she founded ours as our annals record."
cosyvoice3,2961-961-0014,2961,0.2,0.0,0.2,0.0,0.2436974789915966,"9,000 years have elapsed since she founded yours and 8,000 since she founded ours as our annals record."
real,2961-960-0015,2961,0.0,0.0,0.0,0.0,0.0,The style and plan of the Timaeus differ greatly from that of any other of the Platonic dialogues.
f5tts,2961-960-0015,2961,0.0,0.0,0.0,0.0,0.0,The style and plan of the Timaeus differ greatly from that of any other of the Platonic dialogues.
xtts,2961-960-0015,2961,0.0555555555555555,0.0,0.0555555555555555,0.0,0.0412371134020618,The style and plan of the Timaeus differ greatly from that of any other of Platonic dialogues.
chatterbox,2961-960-0015,2961,0.0,0.0,0.0,0.0,0.0,The style and plan of the Timaeus differ greatly from that of any other of the Platonic dialogues.
indextts,2961-960-0015,2961,0.0,0.0,0.0,0.0,0.0,The style and plan of the Timaeus differ greatly from that of any other of the Platonic dialogues.
cosyvoice3,2961-960-0015,2961,0.0,0.0,0.0,0.0,0.0,The style and plan of the Timaeus differ greatly from that of any other of the Platonic dialogues.
real,2961-960-0022,2961,0.0,0.0,0.0,0.0,0.0,plato had not the command of his materials which would have enabled him to produce a perfect work of art
f5tts,2961-960-0022,2961,0.0,0.0,0.0,0.0,0.0,Plato had not the command of his materials which would have enabled him to produce a perfect work of art.
xtts,2961-960-0022,2961,0.0,0.0,0.0,0.0,0.0,Plato had not the command of his materials which would have enabled him to produce a  perfect work of art.
chatterbox,2961-960-0022,2961,0.0,0.0,0.0,0.0,0.0,"Plato had not the command of his materials, which would have enabled him to produce a perfect work of art."
indextts,2961-960-0022,2961,0.0,0.0,0.0,0.0,0.0,"Plato had not the command of his materials, which would have enabled him to produce a perfect work of art."
cosyvoice3,2961-960-0022,2961,0.0,0.0,0.0,0.0,0.0,plato had not the command of his materials which would have enabled him to produce a perfect work of art
real,2961-960-0020,2961,0.0,0.0,0.0,0.0,0.0,and hence we find the same sort of clumsiness in the timaeus of plato which characterizes the philosophical poem of lucretius
f5tts,2961-960-0020,2961,0.0,0.0,0.0,0.0,0.0,And hence we find the same sort of clumsiness in the Timaeus of Plato which characterizes the philosophical poem of Lucretius.
xtts,2961-960-0020,2961,0.0,0.0,0.0,0.0,0.0,"and hence we find the same sort of clumsiness in the Timaeus of Plato,  which characterizes the philosophical poem of Lucretius."
chatterbox,2961-960-0020,2961,0.0,0.0,0.0,0.0,0.0,"And hence we find the same sort of clumsiness in the Timaeus of Plato,  which characterizes the philosophical poem of Lucretius."
indextts,2961-960-0020,2961,0.0,0.0,0.0,0.0,0.0,"and hence we find the same sort of clumsiness in the Timaeus of Plato,  which characterizes the philosophical poem of Lucretius."
cosyvoice3,2961-960-0020,2961,0.0,0.0,0.0,0.0,0.0,"And hence, we find the same sort of clumsiness in the Timaeus of Plato which characterizes the philosophical poem of Lucretius."
real,2961-961-0009,2961,0.0,0.0,0.0,0.0,0.0,tell us said the other the whole story and where solon heard the story
f5tts,2961-961-0009,2961,0.0,0.0,0.0,0.0,0.0,"Tell us, said the other, the whole story, and where Solon heard the story."
xtts,2961-961-0009,2961,0.0,0.0,0.0,0.0,0.0,"Tell us, said the other, the whole story and where Solon heard the story."
chatterbox,2961-961-0009,2961,0.0,0.0,0.0,0.0,0.0,"Tell us, said the other, the whole story, and where Solon heard the story."
indextts,2961-961-0009,2961,0.0,0.0,0.0,0.0,0.0,"Tell us, said the other, the whole story and where Solon heard the story."
cosyvoice3,2961-961-0009,2961,0.0714285714285714,0.0714285714285714,0.0,0.0,0.0142857142857142,tell us said the other the whole story and where solom heard the story
real,2961-961-0013,2961,0.1,0.1,0.0,0.0,0.0491803278688524,sullen marvelled and desired to be informed of the particulars
f5tts,2961-961-0013,2961,0.0,0.0,0.0,0.0,0.0,Solon marvelled and desired to be informed of the particulars.
xtts,2961-961-0013,2961,0.2,0.2,0.0,0.0,0.0983606557377049,"stolen, noveled, and desired to be informed of the particulars."
chatterbox,2961-961-0013,2961,0.1,0.1,0.0,0.0,0.0163934426229508,Solon marveled and desired to be informed of the particulars.
indextts,2961-961-0013,2961,0.1,0.1,0.0,0.0,0.0163934426229508,Solon marveled and desired to be informed of the particulars.
cosyvoice3,2961-961-0013,2961,0.1,0.1,0.0,0.0,0.0163934426229508,Solon marveled and desired to be informed of the particulars.
real,3570-5695-0015,3570,0.1153846153846153,0.0769230769230769,0.0384615384615384,0.0,0.0131578947368421,"The result is a great mobility of the labour employed in printing,  perhaps greater than in any other equally well-defined and considerable body of workmen."
f5tts,3570-5695-0015,3570,0.1153846153846153,0.0769230769230769,0.0384615384615384,0.0,0.0131578947368421,The result is a great mobility of the labour employed in printing perhaps greater than in any other equally well-defined and considerable body of workmen.
xtts,3570-5695-0015,3570,0.0769230769230769,0.0384615384615384,0.0384615384615384,0.0,0.006578947368421,"The result is a great mobility of the labor employed in printing, perhaps greater than  in any other equally well-defined and considerable body of workmen."
chatterbox,3570-5695-0015,3570,0.0769230769230769,0.0384615384615384,0.0384615384615384,0.0,0.006578947368421,the result is a great mobility of the labor employed in printing perhaps greater than in any other equally well-defined and considerable body of workmen
indextts,3570-5695-0015,3570,0.1153846153846153,0.0769230769230769,0.0384615384615384,0.0,0.0131578947368421,"The result is a great mobility of the labour employed in printing,  perhaps greater than in any other equally well-defined and considerable body of workmen."
cosyvoice3,3570-5695-0015,3570,0.1153846153846153,0.0769230769230769,0.0384615384615384,0.0,0.0131578947368421,"The result is a great mobility of the labour employed in printing,  perhaps greater than in any other equally well-defined and considerable body of workmen."
real,3570-5694-0017,3570,0.0,0.0,0.0,0.0,0.0,"The wearing of uniforms or liveries implies a considerable degree of dependence  and may even be said to be a mark of servitude, real or ostensible."
f5tts,3570-5694-0017,3570,0.0,0.0,0.0,0.0,0.0,The wearing of uniforms or liveries implies a considerable degree of dependence  and may even be said to be a mark of servitude real or ostensible.
xtts,3570-5694-0017,3570,0.0,0.0,0.0,0.0,0.0,"the wearing of uniforms or liveries,  implies a considerable degree of dependence,  and may even be said to be a mark of servitude,  real or ostensible."
chatterbox,3570-5694-0017,3570,0.0,0.0,0.0,0.0,0.0,the wearing of uniforms or liveries implies a considerable degree of dependence and may even be said to be a mark of servitude real or ostensible
indextts,3570-5694-0017,3570,0.0,0.0,0.0,0.0,0.0,"The wearing of uniforms or liveries implies a considerable degree of dependence  and may even be said to be a mark of servitude, real or ostensible."
cosyvoice3,3570-5694-0017,3570,0.0,0.0,0.0,0.0,0.0,"The wearing of uniforms or liveries implies a considerable degree of dependence  and may even be said to be a mark of servitude, real or ostensible."
real,3570-5694-0005,3570,0.05,0.05,0.0,0.0,0.0157480314960629,"Under the taboo, certain victuals, and more particularly, certain beverages, are strictly reserved for the use of the superior class."
f5tts,3570-5694-0005,3570,0.05,0.05,0.0,0.0,0.0157480314960629,"Under the taboo certain victuals, and more particularly certain beverages, are strictly reserved for the use of the superior class."
xtts,3570-5694-0005,3570,0.05,0.05,0.0,0.0,0.0157480314960629,"under the taboo, certain victuals, and more particularly,  certain beverages are strictly reserved for the use of the superior class."
chatterbox,3570-5694-0005,3570,0.05,0.05,0.0,0.0,0.0157480314960629,"Under the taboo, certain victuals, and more particularly certain beverages,  are strictly reserved for the use of the superior class."
indextts,3570-5694-0005,3570,0.05,0.05,0.0,0.0,0.0157480314960629,"Under the taboo certain victuals, and more particularly certain beverages, are strictly reserved for the use of the superior class."
cosyvoice3,3570-5694-0005,3570,0.05,0.05,0.0,0.0,0.0157480314960629,"Under the taboo, certain victuals and more particularly certain beverages  are strictly reserved for the use of the superior class."
real,3570-5694-0013,3570,0.0,0.0,0.0,0.0,0.0,This differentiation is furthered by the inheritance of wealth  and the consequent inheritance of gentility.
f5tts,3570-5694-0013,3570,0.0,0.0,0.0,0.0,0.0,This differentiation is furthered by the inheritance of wealth and the consequent inheritance of gentility.
xtts,3570-5694-0013,3570,0.0,0.0,0.0,0.0,0.0,This differentiation is furthered by the inheritance of wealth  and the consequent inheritance of gentility.
chatterbox,3570-5694-0013,3570,0.0,0.0,0.0,0.0,0.0,This differentiation is furthered by the inheritance of wealth and the consequent inheritance of gentility.
indextts,3570-5694-0013,3570,0.0,0.0,0.0,0.0,0.0,This differentiation is furthered by the inheritance of wealth and the consequent inheritance of gentility.
cosyvoice3,3570-5694-0013,3570,0.0,0.0,0.0,0.0,0.0,This differentiation is furthered by the inheritance of wealth  and the consequent inheritance of gentility.
real,3570-5695-0009,3570,0.0,0.0,0.0,0.0,0.0,Each will therefore serve about equally well during the earlier stages of social growth.
f5tts,3570-5695-0009,3570,0.0,0.0,0.0,0.0,0.0,Each will therefore serve about equally well during the earlier stages of social growth.
xtts,3570-5695-0009,3570,0.0,0.0,0.0,0.0,0.0,Each will therefore serve about equally well during the earlier stages of social growth.
chatterbox,3570-5695-0009,3570,0.0,0.0,0.0,0.0,0.0,Each will therefore serve about equally well during the earlier stages of social growth.
indextts,3570-5695-0009,3570,0.0,0.0,0.0,0.0,0.0,each will therefore serve about equally well during the earlier stages of social growth
cosyvoice3,3570-5695-0009,3570,0.0,0.0,0.0,0.0,0.0,Each will therefore serve about equally well during the earlier stages of social growth.
real,3570-5694-0015,3570,0.0833333333333333,0.0416666666666666,0.0416666666666666,0.0,0.0074074074074074,"So many of them, however, as make up the retainer and hangers-on of the patron,  may be classed as vicarious consumer without qualification."
f5tts,3570-5694-0015,3570,0.0833333333333333,0.0416666666666666,0.0416666666666666,0.0,0.0074074074074074,"So many of them, however, as make up the retainer, and hangers-on of the patron may be classed as vicarious consumer without qualification."
xtts,3570-5694-0015,3570,0.0833333333333333,0.0416666666666666,0.0416666666666666,0.0,0.0074074074074074,"So many of them, however, as make up the retainer and hangers-on of the patron, may be classed  as vicarious consumer without qualification."
chatterbox,3570-5694-0015,3570,0.0833333333333333,0.0416666666666666,0.0416666666666666,0.0,0.0074074074074074,so many of them however as make up the retainer and hangers-on of the patron may be classed as vicarious consumer without qualification
indextts,3570-5694-0015,3570,0.0833333333333333,0.0416666666666666,0.0416666666666666,0.0,0.0074074074074074,"So many of them, however, as make up the retainer and hangers-on of the patron,  may be classed as vicarious consumer without qualification."
cosyvoice3,3570-5694-0015,3570,0.0833333333333333,0.0416666666666666,0.0416666666666666,0.0,0.0074074074074074,"So many of them, however, as make up the retainer and hangers-on of the patron,  may be classed as vicarious consumer without qualification."
real,3570-5694-0001,3570,0.0588235294117647,0.0,0.0,0.0588235294117647,0.0329670329670329,The utility of consumption as an evidence of wealth is to be classed as a derivative of growth.
f5tts,3570-5694-0001,3570,0.0,0.0,0.0,0.0,0.0,The utility of consumption as an evidence of wealth is to be classed as a derivative growth.
xtts,3570-5694-0001,3570,0.0,0.0,0.0,0.0,0.0,"The utility of consumption, as an evidence of wealth, is to be classed as a derivative growth."
chatterbox,3570-5694-0001,3570,0.0,0.0,0.0,0.0,0.0,The utility of consumption as an evidence of wealth is to be classed as a derivative growth.
indextts,3570-5694-0001,3570,0.0,0.0,0.0,0.0,0.0,The utility of consumption as an evidence of wealth is to be classed as a derivative growth.
cosyvoice3,3570-5694-0001,3570,0.0,0.0,0.0,0.0,0.0,the utility of consumption as an evidence of wealth is to be classed as a derivative growth.
real,3570-5695-0010,3570,0.0714285714285714,0.0714285714285714,0.0,0.0,0.0119047619047619,The modern organisation of industry works in the same direction also by another line.
f5tts,3570-5695-0010,3570,0.0714285714285714,0.0714285714285714,0.0,0.0,0.0119047619047619,"The modern organisation of industry works in the same direction, also by another line."
xtts,3570-5695-0010,3570,0.0,0.0,0.0,0.0,0.0,"The modern organization of industry works in the same direction, also by another line."
chatterbox,3570-5695-0010,3570,0.0,0.0,0.0,0.0,0.0,The modern organization of industry works in the same direction also by another line.
indextts,3570-5695-0010,3570,0.0714285714285714,0.0714285714285714,0.0,0.0,0.0119047619047619,"The modern organisation of industry works in the same direction, also by another line."
cosyvoice3,3570-5695-0010,3570,0.0,0.0,0.0,0.0,0.0,The modern organization of industry works in the same direction also by another line.
real,3570-5694-0018,3570,0.0,0.0,0.0,0.0,0.0,"The wearers of uniforms and liveries may be roughly divided into two classes,  the free and the servile, or the noble and the ignoble."
f5tts,3570-5694-0018,3570,0.0,0.0,0.0,0.0,0.0,The wearers of uniforms and liveries may be roughly divided into two classes the free and the servile or the noble and the ignoble.
xtts,3570-5694-0018,3570,0.0,0.0,0.0,0.0,0.0,"The wearers of uniforms and liveries may be roughly divided into two classes,  the free and the servile, or the noble and the ignoble."
chatterbox,3570-5694-0018,3570,0.0,0.0,0.0,0.0,0.0,the wearers of uniforms and liveries may be roughly divided into two classes the free and the servile or the noble and the ignoble
indextts,3570-5694-0018,3570,0.0,0.0,0.0,0.0,0.0,"The wearers of uniforms and liveries may be roughly divided into two classes,  the free and the servile, or the noble and the ignoble."
cosyvoice3,3570-5694-0018,3570,0.0,0.0,0.0,0.0,0.0,"The wearers of uniforms and liveries may be roughly divided into two classes,  the free and the servile, or the noble and the ignoble."
real,3570-5696-0004,3570,0.0,0.0,0.0,0.0,0.0,The salient features of this development of domestic service have already been indicated.
f5tts,3570-5696-0004,3570,0.0,0.0,0.0,0.0,0.0,The salient features of this development of domestic service have already been indicated.
xtts,3570-5696-0004,3570,0.0,0.0,0.0,0.0,0.0,The salient features of this development of domestic service have already been indicated.
chatterbox,3570-5696-0004,3570,0.0,0.0,0.0,0.0,0.0,The salient features of this development of domestic service have already been indicated.
indextts,3570-5696-0004,3570,0.0,0.0,0.0,0.0,0.0,The salient features of this development of domestic service have already been indicated.
cosyvoice3,3570-5696-0004,3570,0.0,0.0,0.0,0.0,0.0,The salient features of this development of domestic service have already been indicated.
real,8463-287645-0012,8463,0.0,0.0,0.0,0.0,0.0,substantially this was jacob's unvarnished description of his master and mistress
f5tts,8463-287645-0012,8463,0.0,0.0,0.0,0.0,0.0,substantially this was jacob's unvarnished description of his master and mistress
xtts,8463-287645-0012,8463,0.0,0.0,0.0,0.0,0.0,"Substantially, this was Jacob's unvarnished description of his master and mistress."
chatterbox,8463-287645-0012,8463,0.0,0.0,0.0,0.0,0.0,"Substantially, this was Jacob's unvarnished description of his master and mistress."
indextts,8463-287645-0012,8463,0.0,0.0,0.0,0.0,0.0,"Substantially, this was Jacob's unvarnished description of his master and mistress."
cosyvoice3,8463-287645-0012,8463,0.0,0.0,0.0,0.0,0.0,substantially this was jacob's unvarnished description of his master and mistress
real,8463-287645-0011,8463,0.0,0.0,0.0,0.0,0.0,"She was a large, homely woman. They were common white people with no reputation in the community."
f5tts,8463-287645-0011,8463,0.0,0.0,0.0,0.0,0.0,"She was a large, homely woman. They were common white people with no reputation in the community."
xtts,8463-287645-0011,8463,0.0,0.0,0.0,0.0,0.0,"She was a large, homely woman.  They were common white people with no reputation in the community."
chatterbox,8463-287645-0011,8463,0.0,0.0,0.0,0.0,0.0,"She was a large, homely woman. They were common white people with no reputation in the community."
indextts,8463-287645-0011,8463,0.0,0.0,0.0,0.0,0.0,"She was a large, homely woman.  They were common white people with no reputation in the community."
cosyvoice3,8463-287645-0011,8463,0.0,0.0,0.0,0.0,0.0,she was a large homely woman they were common white people with no reputation in the community
real,8463-287645-0014,8463,0.0,0.0,0.0,0.0,0.0,of starting. I didn't know the way to come.
f5tts,8463-287645-0014,8463,0.0,0.0,0.0,0.0,0.0,of starting i didn't know the way to come
xtts,8463-287645-0014,8463,0.1111111111111111,0.1111111111111111,0.0,0.0,0.048780487804878,A starting I didn't know the way to come.
chatterbox,8463-287645-0014,8463,0.0,0.0,0.0,0.0,0.0,"Of starting, I didn't know the way to come."
indextts,8463-287645-0014,8463,0.0,0.0,0.0,0.0,0.0,of starting i didn't know the way to come
cosyvoice3,8463-287645-0014,8463,0.0,0.0,0.0,0.0,0.0,"Of starting, I didn't know the way to come."
real,8463-294825-0019,8463,0.375,0.125,0.25,0.0,0.3043478260869565,millimeter roughly 125th of an inch
f5tts,8463-294825-0019,8463,0.375,0.125,0.25,0.0,0.3043478260869565,Millimeter roughly 1 25th of an inch.
xtts,8463-294825-0019,8463,0.375,0.125,0.25,0.0,0.3043478260869565,"Millimeter, roughly 1 25th of an inch."
chatterbox,8463-294825-0019,8463,0.375,0.125,0.25,0.0,0.3043478260869565,Millimeter roughly 1 25th of an inch.
indextts,8463-294825-0019,8463,0.375,0.125,0.25,0.0,0.3043478260869565,Millimeter roughly 1 25th of an inch.
cosyvoice3,8463-294825-0019,8463,0.125,0.125,0.0,0.0,0.0434782608695652,millimetre roughly one twenty fifth of an inch
real,8463-294825-0005,8463,0.0,0.0,0.0,0.0,0.0,other subtleties occur inside each episode the textures sparkling with wit information and insight
f5tts,8463-294825-0005,8463,0.0,0.0,0.0,0.0,0.0,"Other subtleties occur inside each episode, the textures sparkling with wit information and insight."
xtts,8463-294825-0005,8463,0.0,0.0,0.0,0.0,0.0,"Other subtleties occur inside each episode, the textures sparkling with wit, information, and insight."
chatterbox,8463-294825-0005,8463,0.0,0.0,0.0,0.0,0.0,"Other subtleties occur inside each episode, the textures sparkling with wit, information, and insight."
indextts,8463-294825-0005,8463,0.0,0.0,0.0,0.0,0.0,"Other subtleties occur inside each episode, the textures sparkling with wit information and insight."
cosyvoice3,8463-294825-0005,8463,0.0,0.0,0.0,0.0,0.0,other subtleties occur inside each episode the textures sparkling with wit information and insight
real,8463-294825-0001,8463,0.1111111111111111,0.0,0.1111111111111111,0.0,0.1379310344827586,"This reality begins to explain the dark power and otherworldly fascination of 20,000 leagues under the seas."
f5tts,8463-294825-0001,8463,0.0,0.0,0.0,0.0,0.0,this reality begins to explain the dark power and otherworldly fascination of twenty thousand leagues under the seas
xtts,8463-294825-0001,8463,0.0,0.0,0.0,0.0,0.0,This reality begins to explain the dark power and otherworldly fascination of twenty thousand leagues under the seas.
chatterbox,8463-294825-0001,8463,0.0,0.0,0.0,0.0,0.0,This reality begins to explain the dark power and otherworldly fascination of twenty thousand leagues under the seas.
indextts,8463-294825-0001,8463,0.0,0.0,0.0,0.0,0.0,This reality begins to explain the dark power  and otherworldly fascination of twenty thousand leagues under the seas.
cosyvoice3,8463-294825-0001,8463,0.0,0.0,0.0,0.0,0.0,this reality begins to explain the dark power and other-worldly fascination of twenty thousand leagues under the seas
real,8463-294828-0029,8463,0.0,0.0,0.0,0.0,0.0,our baggage was immediately carried to the deck of the frigate i rushed aboard
f5tts,8463-294828-0029,8463,0.0,0.0,0.0,0.0,0.0,Our baggage was immediately carried to the deck of the frigate. I rushed aboard.
xtts,8463-294828-0029,8463,0.0,0.0,0.0,0.0,0.0,Our baggage was immediately carried to the deck of the frigate I rushed aboard.
chatterbox,8463-294828-0029,8463,0.0,0.0,0.0,0.0,0.0,Our baggage was immediately carried to the deck of the frigate.  I rushed aboard.
indextts,8463-294828-0029,8463,0.0,0.0,0.0,0.0,0.0,Our baggage was immediately carried to the deck of the frigate.  I rushed aboard.
cosyvoice3,8463-294828-0029,8463,0.0,0.0,0.0,0.0,0.0,our baggage was immediately carried to the deck of the frigate i rushed aboard
real,8463-294828-0036,8463,0.0,0.0,0.0,0.0,0.0,the wharves of brooklyn and every part of new york bordering the east river were crowded with curiosity seekers
f5tts,8463-294828-0036,8463,0.0,0.0,0.0,0.0,0.0,the wharves of brooklyn and every part of new york bordering the east river were crowded with curiosity seekers
xtts,8463-294828-0036,8463,0.0526315789473684,0.0,0.0,0.0526315789473684,0.036036036036036,the wharves of brooklyn and every part of new york bordering the east river were crowded with curiosity seekers  you
chatterbox,8463-294828-0036,8463,0.0,0.0,0.0,0.0,0.0,the wharves of brooklyn and every part of new york bordering the east river were crowded with curiosity seekers
indextts,8463-294828-0036,8463,0.0,0.0,0.0,0.0,0.0,the wharves of brooklyn and every part of new york bordering the east river were crowded with curiosity seekers
cosyvoice3,8463-294828-0036,8463,0.0,0.0,0.0,0.0,0.0,the wharves of brooklyn and every part of new york bordering the east river were crowded with curiosity seekers
real,8463-294828-0027,8463,0.0,0.0,0.0,0.0,0.0,"I left instructions for shipping my containers of stuffed animals and dried plants to Paris, France."
f5tts,8463-294828-0027,8463,0.0,0.0,0.0,0.0,0.0,i left instructions for shipping my containers of stuffed animals and dried plants to paris france
xtts,8463-294828-0027,8463,0.0,0.0,0.0,0.0,0.0,"I left instructions for shipping my containers of stuffed animals and dried plants to Paris, France."
chatterbox,8463-294828-0027,8463,0.0,0.0,0.0,0.0,0.0,i left instructions for shipping my containers of stuffed animals and dried plants to paris france
indextts,8463-294828-0027,8463,0.0625,0.0,0.0625,0.0,0.0714285714285714,"I left instructions for shipping my containers of stuffed animals and dried plants to Paris,"
cosyvoice3,8463-294828-0027,8463,0.0,0.0,0.0,0.0,0.0,i left instructions for shipping my containers of stuffed animals and dried plants to paris france
real,8463-294828-0016,8463,0.2857142857142857,0.2857142857142857,0.0,0.0,0.054054054054054,"""'Did Master summon me?' he said, entering."
f5tts,8463-294828-0016,8463,0.2857142857142857,0.2857142857142857,0.0,0.0,0.054054054054054,"""'Did Master summon me?' he said, entering."
xtts,8463-294828-0016,8463,0.4285714285714285,0.2857142857142857,0.1428571428571428,0.0,0.1891891891891892,"Duster summoned me, he said entering."
chatterbox,8463-294828-0016,8463,0.2857142857142857,0.2857142857142857,0.0,0.0,0.054054054054054,"""'Did Master summon me?' he said, entering."
indextts,8463-294828-0016,8463,0.0,0.0,0.0,0.0,0.0,"Did Master summon me, he said, entering?"
cosyvoice3,8463-294828-0016,8463,0.2857142857142857,0.2857142857142857,0.0,0.0,0.054054054054054,"""'Did Master summon me?' he said, entering."
real,5105-28241-0005,5105,0.0,0.0,0.0,0.0,0.0,"For a few miles she followed the line hitherto presumably occupied by the coast of Algeria,  but no land appeared to the south."
f5tts,5105-28241-0005,5105,0.0,0.0,0.0,0.0,0.0,"For a few miles she followed the line hitherto presumably occupied by the coast of Algeria,  but no land appeared to the south."
xtts,5105-28241-0005,5105,0.0,0.0,0.0,0.0,0.0,"For a few miles she followed the line hitherto presumably occupied by the coast of Algeria,  but no land appeared to the south."
chatterbox,5105-28241-0005,5105,0.0,0.0,0.0,0.0,0.0,for a few miles she followed the line hitherto presumably occupied by the coast of algeria but no land appeared to the south
indextts,5105-28241-0005,5105,0.0,0.0,0.0,0.0,0.0,"For a few miles she followed the line hitherto presumably occupied by the coast of Algeria,  but no land appeared to the south."
cosyvoice3,5105-28241-0005,5105,0.0,0.0,0.0,0.0,0.0,"For a few miles she followed the line hitherto, presumably occupied by the coast of Algeria,  but no land appeared to the south."
real,5105-28240-0014,5105,0.0,0.0,0.0,0.0,0.0,Are you certain that this is the Mediterranean?
f5tts,5105-28240-0014,5105,0.0,0.0,0.0,0.0,0.0,Are you certain that this is the Mediterranean?
xtts,5105-28240-0014,5105,0.0,0.0,0.0,0.0,0.0,Are you certain that this is the Mediterranean?
chatterbox,5105-28240-0014,5105,0.0,0.0,0.0,0.0,0.0,Are you certain that this is the Mediterranean?
indextts,5105-28240-0014,5105,0.0,0.0,0.0,0.0,0.0,Are you certain that this is the Mediterranean?
cosyvoice3,5105-28240-0014,5105,0.0,0.0,0.0,0.0,0.0,Are you certain that this is the Mediterranean?
real,5105-28240-0004,5105,0.0,0.0,0.0,0.0,0.0,if the count were on board a strange fatality was bringing him to the presence of his rival
f5tts,5105-28240-0004,5105,0.0,0.0,0.0,0.0,0.0,If the count were on board a strange fatality was bringing him to the presence of his rival.
xtts,5105-28240-0004,5105,0.0,0.0,0.0,0.0,0.0,"If the Count were on board, a strange fatality was bringing him to the presence of his rival."
chatterbox,5105-28240-0004,5105,0.0,0.0,0.0,0.0,0.0,"If the Count were on board, a strange fatality was bringing him to the presence of his rival."
indextts,5105-28240-0004,5105,0.0,0.0,0.0,0.0,0.0,"If the Count were on board, a strange fatality was bringing him to the presence of his rival."
cosyvoice3,5105-28240-0004,5105,0.0,0.0,0.0,0.0,0.0,if the count were on board a strange fatality was bringing him to the presence of his rival
real,5105-28241-0019,5105,0.0625,0.0625,0.0,0.0,0.0116279069767441,"Nothing was to be done but to put about, and return in disappointment toward the north."
f5tts,5105-28241-0019,5105,0.0,0.0,0.0,0.0,0.0,Nothing was to be done but to put about and return in disappointment towards the north.
xtts,5105-28241-0019,5105,0.0,0.0,0.0,0.0,0.0,Nothing was to be done but to put about and return in disappointment towards the north.
chatterbox,5105-28241-0019,5105,0.0,0.0,0.0,0.0,0.0,Nothing was to be done but to put about and return in disappointment towards the north.
indextts,5105-28241-0019,5105,0.0,0.0,0.0,0.0,0.0,nothing was to be done but to put about and return in disappointment towards the north
cosyvoice3,5105-28241-0019,5105,0.0,0.0,0.0,0.0,0.0,Nothing was to be done but to put about and return in disappointment towards the north.
real,5105-28240-0012,5105,0.2142857142857142,0.2142857142857142,0.0,0.0,0.0441176470588235,"""'Never mind now,' interposed the captain.  ""'We will talk of that by and by."
f5tts,5105-28240-0012,5105,0.0714285714285714,0.0714285714285714,0.0,0.0,0.0147058823529411,"Never mind now interpose the captain, we will talk of that by and by."
xtts,5105-28240-0012,5105,0.0,0.0,0.0,0.0,0.0,"Never mind now, interposed the captain. We will talk of that by and by."
chatterbox,5105-28240-0012,5105,0.0,0.0,0.0,0.0,0.0,"Never mind now, interposed the captain. We will talk of that by and by."
indextts,5105-28240-0012,5105,0.0,0.0,0.0,0.0,0.0,"Never mind now, interposed the captain, we will talk of that by and by."
cosyvoice3,5105-28240-0012,5105,0.2857142857142857,0.2857142857142857,0.0,0.0,0.0588235294117647,"""'Never mind now,' interposed the captain.  ""'We will talk of that by and by.'"
real,5105-28240-0015,5105,0.0952380952380952,0.0,0.0,0.0952380952380952,0.0615384615384615,for some moments he seemed perfectly stupefied and then recovering himself he began to overwhelm the count with a torrent of questions  you
f5tts,5105-28240-0015,5105,0.0,0.0,0.0,0.0,0.0,"For some moments he seemed perfectly stupefied, then recovering himself, he began to overwhelm the count with a torrent of questions."
xtts,5105-28240-0015,5105,0.0,0.0,0.0,0.0,0.0,"For some moments he seemed perfectly stupefied.  Then recovering himself, he began to overwhelm the Count with a torrent of questions."
chatterbox,5105-28240-0015,5105,0.0,0.0,0.0,0.0,0.0,"For some moments he seemed perfectly stupefied, then recovering himself he began to overwhelm  the Count with a torrent of questions."
indextts,5105-28240-0015,5105,0.0,0.0,0.0,0.0,0.0,"For some moments he seemed perfectly stupefied.  Then, recovering himself, he began to overwhelm the Count with a torrent of questions."
cosyvoice3,5105-28240-0015,5105,0.0,0.0,0.0,0.0,0.0,"For some moments he seemed perfectly stupefied, then recovering himself he began to overwhelm  the Count with a torrent of questions."
real,5105-28233-0001,5105,0.0,0.0,0.0,0.0,0.0,He seemed born to please without being conscious of the power he possessed.
f5tts,5105-28233-0001,5105,0.0,0.0,0.0,0.0,0.0,He seemed born to please without being conscious of the power he possessed.
xtts,5105-28233-0001,5105,0.0,0.0,0.0,0.0,0.0,he seemed born to please without being conscious of the power he possessed.
chatterbox,5105-28233-0001,5105,0.0,0.0,0.0,0.0,0.0,He seemed born to please without being conscious of the power he possessed.
indextts,5105-28233-0001,5105,0.0,0.0,0.0,0.0,0.0,He seemed born to please without being conscious of the power he possessed.
cosyvoice3,5105-28233-0001,5105,0.0,0.0,0.0,0.0,0.0,He seemed born to please without being conscious of the power he possessed.
real,5105-28241-0013,5105,0.0,0.0,0.0,0.0,0.0,Would not the loftiest eminences of the city at least be visible?
f5tts,5105-28241-0013,5105,0.0,0.0,0.0,0.0,0.0,Would not the loftiest eminences of the city at least be visible?
xtts,5105-28241-0013,5105,0.0,0.0,0.0,0.0,0.0,would not the loftiest eminences of the city at least be visible?
chatterbox,5105-28241-0013,5105,0.0,0.0,0.0,0.0,0.0,Would not the loftiest eminences of the city at least be visible?
indextts,5105-28241-0013,5105,0.0,0.0,0.0,0.0,0.0,would not the loftiest eminences of the city at least be visible?
cosyvoice3,5105-28241-0013,5105,0.0,0.0,0.0,0.0,0.0,Would not the loftiest eminences of the city at least be visible?
real,5105-28240-0007,5105,0.1538461538461538,0.1538461538461538,0.0,0.0,0.028169014084507,servidac took it for granted that the dobrina was endeavoring to put in
f5tts,5105-28240-0007,5105,0.1538461538461538,0.1538461538461538,0.0,0.0,0.0422535211267605,Servatic took it for granted that the Dobrena was endeavoring to put in.
xtts,5105-28240-0007,5105,0.1538461538461538,0.1538461538461538,0.0,0.0,0.0422535211267605,Servodak took it for granted that the Dobrina was endeavoring to put in.
chatterbox,5105-28240-0007,5105,0.0769230769230769,0.0769230769230769,0.0,0.0,0.028169014084507,Servadac took it for granted that the Doberna was endeavoring to put in.
indextts,5105-28240-0007,5105,0.0769230769230769,0.0769230769230769,0.0,0.0,0.0140845070422535,Servadac took it for granted that the Dobrina was endeavoring to put in.
cosyvoice3,5105-28240-0007,5105,0.0,0.0,0.0,0.0,0.0,Servadac took it for granted that the Dobryna was endeavoring to put in
real,5105-28241-0008,5105,0.0,0.0,0.0,0.0,0.0,"The Earth has undoubtedly entered upon a new orbit,  but she is not incurring any probable risk of being precipitated onto the Sun."
f5tts,5105-28241-0008,5105,0.0,0.0,0.0,0.0,0.0,"The Earth has undoubtedly entered upon a new orbit, but she is not incurring any probable risk of being precipitated onto the Sun."
xtts,5105-28241-0008,5105,0.0,0.0,0.0,0.0,0.0,"The Earth has undoubtedly entered upon a new orbit, but she is not incurring any probable  risk of being precipitated onto the Sun."
chatterbox,5105-28241-0008,5105,0.0,0.0,0.0,0.0,0.0,"The Earth has undoubtedly entered upon a new orbit, but she is not incurring any probable risk of being precipitated onto the Sun."
indextts,5105-28241-0008,5105,0.0,0.0,0.0,0.0,0.0,"The Earth has undoubtedly entered upon a new orbit,  but she is not incurring any probable risk of being precipitated onto the Sun."
cosyvoice3,5105-28241-0008,5105,0.0,0.0,0.0,0.0,0.0,"The Earth has undoubtedly entered upon a new orbit, but she is not incurring any probable risk of being precipitated onto the Sun."
real,908-157963-0016,908,0.0,0.0,0.0,0.0,0.0,"I pass away, yet I complain, and no one hears my voice."
f5tts,908-157963-0016,908,0.0,0.0,0.0,0.0,0.0,"I pass away, yet I complain, and no one hears my voice."
xtts,908-157963-0016,908,0.0,0.0,0.0,0.0,0.0,"I pass away, yet I complain, and no one hears my voice."
chatterbox,908-157963-0016,908,0.0,0.0,0.0,0.0,0.0,"I pass away, yet I complain, and no one hears my voice."
indextts,908-157963-0016,908,0.0,0.0,0.0,0.0,0.0,"I pass away, yet I complain, and no one hears my voice."
cosyvoice3,908-157963-0016,908,0.0,0.0,0.0,0.0,0.0,"I pass away, yet I complain, and no one hears my voice."
real,908-157963-0014,908,0.0,0.0,0.0,0.0,0.0,"Descend, O little cloud, and hover before the eyes of Thel."
f5tts,908-157963-0014,908,0.0,0.0,0.0,0.0,0.0,"Descend, O little cloud, and hover before the eyes of Thel."
xtts,908-157963-0014,908,0.0909090909090909,0.0909090909090909,0.0,0.0,0.0357142857142857,"Descend, O little, cloud, and hover before the eyes of Thale."
chatterbox,908-157963-0014,908,0.0,0.0,0.0,0.0,0.0,"Descend, O little cloud, and hover before the eyes of Thel."
indextts,908-157963-0014,908,0.0,0.0,0.0,0.0,0.0,descend o little cloud and hover before the eyes of thel
cosyvoice3,908-157963-0014,908,0.0,0.0,0.0,0.0,0.0,"Descend, O little cloud, and hover before the eyes of Thel."
real,908-157963-0005,908,0.0769230769230769,0.0769230769230769,0.0,0.0,0.015625,"Like the dove's voice, like transient day, like music in the air.  Ah."
f5tts,908-157963-0005,908,0.0,0.0,0.0,0.0,0.0,"Like the doves voice like transient day, like music in the air.  Ah."
xtts,908-157963-0005,908,0.0,0.0,0.0,0.0,0.0,"like the doves, voice like transient day, like music in the air. Ah!"
chatterbox,908-157963-0005,908,0.0,0.0,0.0,0.0,0.0,"Like the doves, voice, like transient day, like music in the air, ah."
indextts,908-157963-0005,908,0.0769230769230769,0.0769230769230769,0.0,0.0,0.015625,"like the dove's voice, like transient day, like music in the air. Ah!"
cosyvoice3,908-157963-0005,908,0.0769230769230769,0.0769230769230769,0.0,0.0,0.015625,like the dove's voice like transient day like music in the air ah
real,908-157963-0003,908,0.0,0.0,0.0,0.0,0.0,why fade these children of the spring
f5tts,908-157963-0003,908,0.0,0.0,0.0,0.0,0.0,Why fade these children of the spring?
xtts,908-157963-0003,908,0.0,0.0,0.0,0.0,0.0,Why fade these children of the spring?
chatterbox,908-157963-0003,908,0.0,0.0,0.0,0.0,0.0,Why fade these children of the spring?
indextts,908-157963-0003,908,0.0,0.0,0.0,0.0,0.0,Why fade these children of the spring?
cosyvoice3,908-157963-0003,908,0.0,0.0,0.0,0.0,0.0,Why fade these children of the spring?
real,908-157963-0030,908,0.0,0.0,0.0,0.0,0.0,"Why an ear, a whirlpool, fierce to draw creations in?"
f5tts,908-157963-0030,908,0.0,0.0,0.0,0.0,0.0,Why an ear a whirlpool fierce to draw creations in?
xtts,908-157963-0030,908,0.3,0.2,0.1,0.0,0.16,"Wine here, a whirlpool fierce to draw creations in."
chatterbox,908-157963-0030,908,0.1,0.1,0.0,0.0,0.08,Why an ear a whirlpool fears to draw creations in?
indextts,908-157963-0030,908,0.0,0.0,0.0,0.0,0.0,"Why an ear, a whirlpool fierce to draw creations in?"
cosyvoice3,908-157963-0030,908,0.0,0.0,0.0,0.0,0.0,Why an ear a whirlpool? Fierce to draw creations in.
real,908-157963-0022,908,0.0,0.0,0.0,0.0,0.0,"Come forth, worm, and the silent valley to thy pensive queen."
f5tts,908-157963-0022,908,0.0,0.0,0.0,0.0,0.0,"Come forth, worm, and the silent valley to thy pensive queen."
xtts,908-157963-0022,908,0.0,0.0,0.0,0.0,0.0,"Come forth, worm, and the silent valley, to thy pensive queen."
chatterbox,908-157963-0022,908,0.0,0.0,0.0,0.0,0.0,"Come forth, worm, and the silent valley, to thy pensive queen."
indextts,908-157963-0022,908,0.0,0.0,0.0,0.0,0.0,"Come forth, worm, and the silent valley to thy pensive queen."
cosyvoice3,908-157963-0022,908,0.0,0.0,0.0,0.0,0.0,"Come forth, worm, and the silent valley to thy pensive queen."
real,908-157963-0026,908,0.0,0.0,0.0,0.0,0.0,and says thou mother of my children i have loved thee and i have given thee a crown that none can take away
f5tts,908-157963-0026,908,0.0,0.0,0.0,0.0,0.0,and says thou mother of my children i have loved thee and i have given thee a crown that none can take away
xtts,908-157963-0026,908,0.0,0.0,0.0,0.0,0.0,"and says thou, Mother of my children,  I have loved thee, and I have given thee a crown that none can take away."
chatterbox,908-157963-0026,908,0.0,0.0,0.0,0.0,0.0,"And says thou, mother of my children, I have loved thee, and I have given thee a crown, that none can take away."
indextts,908-157963-0026,908,0.0,0.0,0.0,0.0,0.0,"and says, Thou mother of my children, I have loved thee, and I have given thee a crown that none can take away."
cosyvoice3,908-157963-0026,908,0.0,0.0,0.0,0.0,0.0,"and says, Thou mother of my children, I have loved thee,  and I have given thee a crown that none can take away."
real,908-31957-0024,908,0.0555555555555555,0.0555555555555555,0.0,0.0,0.0232558139534883,"I love thee with the passion put to use, and my old griefs, and with my childhood's faith."
f5tts,908-31957-0024,908,0.0,0.0,0.0,0.0,0.0,I love thee with the passion put to use in my old griefs and with my childhood's faith.
xtts,908-31957-0024,908,0.0,0.0,0.0,0.0,0.0,I love thee with the passion put to use in my old griefs and with my childhood's faith.
chatterbox,908-31957-0024,908,0.0,0.0,0.0,0.0,0.0,I love thee with the passion put to use in my old griefs and with my childhood's faith.
indextts,908-31957-0024,908,0.0,0.0,0.0,0.0,0.0,i love thee with the passion put to use in my old griefs and with my childhood's faith
cosyvoice3,908-31957-0024,908,0.0,0.0,0.0,0.0,0.0,i love thee with the passion put to use in my old griefs and with my childhood's faith
real,908-31957-0012,908,0.0,0.0,0.0,0.0,0.0,if he to keep one oath must lose one joy by his life's star foretold
f5tts,908-31957-0012,908,0.0,0.0,0.0,0.0,0.0,if he to keep one oath must lose one joy by his life's star foretold.
xtts,908-31957-0012,908,0.0,0.0,0.0,0.0,0.0,"if he, to keep one oath, must lose one joy by his life's star foretold."
chatterbox,908-31957-0012,908,0.0,0.0,0.0,0.0,0.0,If he to keep one oath must lose one joy by his life's star foretold.
indextts,908-31957-0012,908,0.0,0.0,0.0,0.0,0.0,If he to keep one oath must lose one joy by his life's star foretold.
cosyvoice3,908-31957-0012,908,0.0,0.0,0.0,0.0,0.0,if he to keep one oath must lose one joy by his life's star foretold.
real,908-157963-0024,908,0.0,0.0,0.0,0.0,0.0,"Image of weakness, art thou but a worm?"
f5tts,908-157963-0024,908,0.0,0.0,0.0,0.0,0.0,"Image of weakness art thou, but a worm."
xtts,908-157963-0024,908,0.0,0.0,0.0,0.0,0.0,"Image of weakness, art thou, but a worm."
chatterbox,908-157963-0024,908,0.0,0.0,0.0,0.0,0.0,Image of Weakness  Art thou but a worm?
indextts,908-157963-0024,908,0.0,0.0,0.0,0.0,0.0,"Image of weakness art thou, but a worm."
cosyvoice3,908-157963-0024,908,0.0,0.0,0.0,0.0,0.0,"Image of weakness art thou, but a worm."
real,5142-33396-0044,5142,0.1111111111111111,0.0555555555555555,0.0555555555555555,0.0,0.0256410256410256,"I'm stiff with long sitting, he said. I itch for a fight. I turned to the farmer."
f5tts,5142-33396-0044,5142,0.0,0.0,0.0,0.0,0.0,i am stiff with long sitting he said i itch for a fight i turned to the farmer
xtts,5142-33396-0044,5142,0.1111111111111111,0.0555555555555555,0.0555555555555555,0.0,0.0256410256410256,i am stiff with long sitting he said aitch for a fight i turned to the farmer
chatterbox,5142-33396-0044,5142,0.0,0.0,0.0,0.0,0.0,"I am stiff with long sitting, he said.  I itch for a fight, I turned to the farmer."
indextts,5142-33396-0044,5142,0.0555555555555555,0.0555555555555555,0.0,0.0,0.0256410256410256,"I am stiff with long sitting, he said. I itch for a fight I turn to the farmer."
cosyvoice3,5142-33396-0044,5142,0.0,0.0,0.0,0.0,0.0,"I am stiff with long sitting, he said. I itch for a fight. I turned to the farmer."
real,5142-33396-0046,5142,0.0,0.0,0.0,0.0,0.0,by the beard of odin i cried you have taken our joke like a man
f5tts,5142-33396-0046,5142,0.0,0.0,0.0,0.0,0.0,By the beard of Odin I cried you have taken our joke like a man.
xtts,5142-33396-0046,5142,0.0,0.0,0.0,0.0,0.0,"By the beard of Odin, I cried, you have taken our joke like a man."
chatterbox,5142-33396-0046,5142,0.0,0.0,0.0,0.0,0.0,"By the beard of Odin, I cried, you have taken our joke like a man."
indextts,5142-33396-0046,5142,0.0,0.0,0.0,0.0,0.0,By the beard of Odin I cried you have taken our joke like a man.
cosyvoice3,5142-33396-0046,5142,0.0,0.0,0.0,0.0,0.0,"By the beard of Odin, I cried, you have taken our joke like a man."
real,5142-33396-0035,5142,0.3333333333333333,0.3333333333333333,0.0,0.0,0.074074074074074,"""'Did you ever have such a lordly guest before?'  ""'I went on.'"
f5tts,5142-33396-0035,5142,0.0,0.0,0.0,0.0,0.0,Did you ever have such a lordly guest before I went on?
xtts,5142-33396-0035,5142,0.0,0.0,0.0,0.0,0.0,Did you ever have such a lordly guest before I went on?
chatterbox,5142-33396-0035,5142,0.0,0.0,0.0,0.0,0.0,Did you ever have such a lordly guest before I went on?
indextts,5142-33396-0035,5142,0.0,0.0,0.0,0.0,0.0,Did you ever have such a lordly guest before I went on?
cosyvoice3,5142-33396-0035,5142,0.0,0.0,0.0,0.0,0.0,did you ever have such a lordly guest before i went on
real,5142-36377-0009,5142,0.2,0.2,0.0,0.0,0.0681818181818181,philip lefranc this is my overlooker mr iago said the old man formally presenting us
f5tts,5142-36377-0009,5142,0.1333333333333333,0.1333333333333333,0.0,0.0,0.0568181818181818,philip lefranc this is my overlooker mr jago said the old man formally presenting us
xtts,5142-36377-0009,5142,0.4,0.4,0.0,0.0,0.1022727272727272,"""'Philip LeFranc. This is my overlooker, Mr. Jago,' said the old man,  ""'formally presenting us.'"""
chatterbox,5142-36377-0009,5142,0.1333333333333333,0.1333333333333333,0.0,0.0,0.0568181818181818,"Philip LeFranc, this is my overlooker, Mr. Jago, said the old man formally presenting us."
indextts,5142-36377-0009,5142,0.1333333333333333,0.1333333333333333,0.0,0.0,0.0568181818181818,"Philip LeFranc, this is my overlooker, Mr. Jago, said the old man, formally presenting us."
cosyvoice3,5142-36377-0009,5142,0.2,0.1333333333333333,0.0,0.0666666666666666,0.0568181818181818,philip le frank this is my overlooker mr jago said the old man formally presenting us
real,5142-33396-0058,5142,0.1,0.0,0.0,0.1,0.0638297872340425,a robber viking said the king and he scowled at me
f5tts,5142-33396-0058,5142,0.0,0.0,0.0,0.0,0.0,A robber viking said the king and scowled at me.
xtts,5142-33396-0058,5142,0.0,0.0,0.0,0.0,0.0,"A robber Viking, said the king, and scowled at me."
chatterbox,5142-33396-0058,5142,0.0,0.0,0.0,0.0,0.0,"A robber viking, said the king, and scowled at me."
indextts,5142-33396-0058,5142,0.0,0.0,0.0,0.0,0.0,"A robber Viking, said the king, and scowled at me."
cosyvoice3,5142-33396-0058,5142,0.0,0.0,0.0,0.0,0.0,a robber viking said the king and scowled at me
real,5142-33396-0064,5142,0.0,0.0,0.0,0.0,0.0,"Your father thought a moment, then looked at your mother and smiled."
f5tts,5142-33396-0064,5142,0.0,0.0,0.0,0.0,0.0,"Your father thought a moment, then looked at your mother and smiled."
xtts,5142-33396-0064,5142,0.0,0.0,0.0,0.0,0.0,"Your father thought a moment, then looked at your mother and smiled."
chatterbox,5142-33396-0064,5142,0.0,0.0,0.0,0.0,0.0,"Your father thought a moment, then looked at your mother and smiled."
indextts,5142-33396-0064,5142,0.0,0.0,0.0,0.0,0.0,"Your father thought a moment, then looked at your mother and smiled."
cosyvoice3,5142-33396-0064,5142,0.0,0.0,0.0,0.0,0.0,your father thought a moment then looked at your mother and smiled
real,5142-33396-0042,5142,0.0,0.0,0.0,0.0,0.0,so no tales got out to the neighbors besides it was a lonely place and by good luck no one came that way
f5tts,5142-33396-0042,5142,0.0,0.0,0.0,0.0,0.0,"So no tales got out to the neighbors, besides it was a lonely place, and by good luck no one came that way."
xtts,5142-33396-0042,5142,0.0869565217391304,0.0,0.0434782608695652,0.0434782608695652,0.048076923076923,"so no tales got out to the neighbors besides.  It was a lonely place, and by good luck no one came to that."
chatterbox,5142-33396-0042,5142,0.0,0.0,0.0,0.0,0.0,so no tales got out to the neighbors besides it was a lonely place and by good luck no one came that way
indextts,5142-33396-0042,5142,0.0,0.0,0.0,0.0,0.0,so no tales got out to the neighbors besides it was a lonely place and by good luck no one came that way
cosyvoice3,5142-33396-0042,5142,0.0,0.0,0.0,0.0,0.0,so no tales got out to the neighbors besides it was a lonely place and by good luck no one came that way
real,5142-36586-0004,5142,0.0,0.0,0.0,0.0,0.0,Effects of the increased use and disuse of parts.
f5tts,5142-36586-0004,5142,0.0,0.0,0.0,0.0,0.0,Effects of the increased use and disuse of parts
xtts,5142-36586-0004,5142,0.0,0.0,0.0,0.0,0.0,effects of the increased use and disuse of parts.
chatterbox,5142-36586-0004,5142,0.0,0.0,0.0,0.0,0.0,Effects of the Increased Use and Disuse of Parts
indextts,5142-36586-0004,5142,0.2222222222222222,0.2222222222222222,0.0,0.0,0.0625,effects at the increase use and disuse of parts
cosyvoice3,5142-36586-0004,5142,0.0,0.0,0.0,0.0,0.0,Effects of the Increased Use and Disuse of Parts
real,5142-33396-0002,5142,0.0,0.0,0.0,0.0,0.0,Two hundred warriors feasted in his hall and followed him to battle.
f5tts,5142-33396-0002,5142,0.0,0.0,0.0,0.0,0.0,Two hundred warriors feasted in his hall and followed him to battle.
xtts,5142-33396-0002,5142,0.0,0.0,0.0,0.0,0.0,Two hundred warriors feasted in his hall and followed him to battle.
chatterbox,5142-33396-0002,5142,0.0,0.0,0.0,0.0,0.0,two hundred warriors feasted in his hall and followed him to battle
indextts,5142-33396-0002,5142,0.0,0.0,0.0,0.0,0.0,Two hundred warriors feasted in his hall and followed him to battle.
cosyvoice3,5142-33396-0002,5142,0.0,0.0,0.0,0.0,0.0,two hundred warriors feasted in his hall and followed him to battle
real,5142-33396-0054,5142,0.0,0.0,0.0,0.0,0.0,"That is the best way to decide, for the spear will always point somewhere, and one thing is as good as another."
f5tts,5142-33396-0054,5142,0.0454545454545454,0.0,0.0,0.0454545454545454,0.0462962962962962,"Well, that is the best way to decide, for the spear will always point somewhere, and one thing is as good as another."
xtts,5142-33396-0054,5142,0.0909090909090909,0.0454545454545454,0.0454545454545454,0.0,0.0185185185185185,"That's the best way to decide, for the spear will always point somewhere, and one thing is as good as another."
chatterbox,5142-33396-0054,5142,0.0,0.0,0.0,0.0,0.0,that is the best way to decide for the spear will always point somewhere and one thing is as good as another
indextts,5142-33396-0054,5142,0.0,0.0,0.0,0.0,0.0,that is the best way to decide for the spear will always point somewhere and one thing is as good as another
cosyvoice3,5142-33396-0054,5142,0.0,0.0,0.0,0.0,0.0,that is the best way to decide for the spear will always point somewhere and one thing is as good as another
real,4077-13754-0004,4077,0.0,0.0,0.0,0.0,0.0,already a north and a south were talked of why not set up also a west
f5tts,4077-13754-0004,4077,0.0,0.0,0.0,0.0,0.0,Already a north and a south were talked of why not set up also a west?
xtts,4077-13754-0004,4077,0.0,0.0,0.0,0.0,0.0,Already a north and a south were talked of.  Why not set up also a west?
chatterbox,4077-13754-0004,4077,0.0,0.0,0.0,0.0,0.0,"Already a north and a south were talked of, why not set up, also a west?"
indextts,4077-13754-0004,4077,0.0,0.0,0.0,0.0,0.0,"Already a north and a south were talked of, why not set up also a west?"
cosyvoice3,4077-13754-0004,4077,0.0,0.0,0.0,0.0,0.0,"Already a north and a south were talked of, why not set up also a west?"
real,4077-13754-0001,4077,0.0,0.0,0.0,0.0,0.0,but a word further concerning the expedition in general.
f5tts,4077-13754-0001,4077,0.0,0.0,0.0,0.0,0.0,But a word further concerning the expedition in general.
xtts,4077-13754-0001,4077,0.0,0.0,0.0,0.0,0.0,but a word further concerning the expedition in general
chatterbox,4077-13754-0001,4077,0.0,0.0,0.0,0.0,0.0,But a word further concerning the expedition in general.
indextts,4077-13754-0001,4077,0.0,0.0,0.0,0.0,0.0,but a word further concerning the expedition in general.
cosyvoice3,4077-13754-0001,4077,0.0,0.0,0.0,0.0,0.0,but a word further concerning the expedition in general
real,4077-13751-0000,4077,0.1923076923076923,0.0769230769230769,0.1153846153846153,0.0,0.1398601398601398,"On the 6th of April, 1830, the Church of Jesus Christ of Latter-day Saints was formally organized and thus took on a legal existence."
f5tts,4077-13751-0000,4077,0.1923076923076923,0.0769230769230769,0.1153846153846153,0.0,0.1398601398601398,"On the 6th of April, 1830, the Church of Jesus Christ of Latter-day Saints was formally organized and thus took on a legal existence."
xtts,4077-13751-0000,4077,0.0769230769230769,0.0384615384615384,0.0384615384615384,0.0,0.0069930069930069,on the sixth of april eighteen thirty the church of jesus christ of latter-day saints was formally organized and thus took on a legal existence
chatterbox,4077-13751-0000,4077,0.0769230769230769,0.0384615384615384,0.0384615384615384,0.0,0.0069930069930069,on the sixth of april eighteen thirty the church of jesus christ of latter-day saints was formally organized and thus took on a legal existence
indextts,4077-13751-0000,4077,0.1923076923076923,0.0769230769230769,0.1153846153846153,0.0,0.1398601398601398,"On the 6th of April, 1830, the Church of Jesus Christ of Latter-day Saints was formally organized and thus took on a legal existence."
cosyvoice3,4077-13751-0000,4077,0.0769230769230769,0.0384615384615384,0.0384615384615384,0.0,0.0069930069930069,on the sixth of april eighteen thirty the church of jesus christ of latter-day saints was formally organized and thus took on a legal existence
real,4077-13754-0000,4077,0.0,0.0,0.0,0.0,0.0,The army found the people in poverty and left them in comparative wealth.
f5tts,4077-13754-0000,4077,0.0,0.0,0.0,0.0,0.0,The army found the people in poverty and left them in comparative wealth.
xtts,4077-13754-0000,4077,0.0769230769230769,0.0769230769230769,0.0,0.0,0.0416666666666666,"The army found the people in poverty, and left them in comparative well."
chatterbox,4077-13754-0000,4077,0.0,0.0,0.0,0.0,0.0,The army found the people in poverty and left them in comparative wealth.
indextts,4077-13754-0000,4077,0.0,0.0,0.0,0.0,0.0,The army found the people in poverty and left them in comparative wealth.
cosyvoice3,4077-13754-0000,4077,0.0,0.0,0.0,0.0,0.0,The army found the people in poverty and left them in comparative wealth.
real,4077-13751-0017,4077,0.0,0.0,0.0,0.0,0.0,"Oh, what a record to read! What a picture to gaze upon! How awful the fact!"
f5tts,4077-13751-0017,4077,0.0,0.0,0.0,0.0,0.0,"Oh, what a record to read, what a picture to gaze upon, how awful the fact."
xtts,4077-13751-0017,4077,0.0,0.0,0.0,0.0,0.0,"Oh, what a record to read, what a picture to gaze upon, how awful the fact!"
chatterbox,4077-13751-0017,4077,0.0,0.0,0.0,0.0,0.0,"Oh, what a record to read! What a picture to gaze upon! How awful the fact!"
indextts,4077-13751-0017,4077,0.0,0.0,0.0,0.0,0.0,"Oh, what a record to read! What a picture to gaze upon how awful the fact!"
cosyvoice3,4077-13751-0017,4077,0.0,0.0,0.0,0.0,0.0,"Oh, what a record to read! What a picture to gaze upon! How awful the fact!"
real,4077-13751-0010,4077,0.1052631578947368,0.0526315789473684,0.0526315789473684,0.0,0.0097087378640776,"To the fervent Latter-day Saint, a temple is not simply a church building, a house for religious assembly."
f5tts,4077-13751-0010,4077,0.1052631578947368,0.0526315789473684,0.0526315789473684,0.0,0.0097087378640776,To the fervent Latter-day Saint a temple is not simply a church building a house for religious assembly.
xtts,4077-13751-0010,4077,0.1052631578947368,0.0526315789473684,0.0526315789473684,0.0,0.0097087378640776,"To the fervent latter-day saint, a temple is not simply a church building a house for  religious assembly."
chatterbox,4077-13751-0010,4077,0.1052631578947368,0.0526315789473684,0.0526315789473684,0.0,0.0097087378640776,to the fervent latter-day saint a temple is not simply a church building a house for religious assembly
indextts,4077-13751-0010,4077,0.1052631578947368,0.0526315789473684,0.0526315789473684,0.0,0.0097087378640776,"To the fervent Latter-day Saint, a temple is not simply a church building a house for religious assembly."
cosyvoice3,4077-13751-0010,4077,0.0,0.0,0.0,0.0,0.0,"To the fervent latter day, saint, a temple is not simply a church building, a house for religious assembly,"
real,4077-13751-0002,4077,0.0,0.0,0.0,0.0,0.0,"Instead of but six regularly affiliated members, and at most two score of adherents, the organization numbers today many hundred thousand souls."
f5tts,4077-13751-0002,4077,0.0,0.0,0.0,0.0,0.0,instead of but six regularly affiliated members and at most two score of adherents the organization numbers to-day many hundred thousand souls
xtts,4077-13751-0002,4077,0.0,0.0,0.0,0.0,0.0,"instead of but six regularly affiliated members,  and at most two score of adherents,  the organization numbers today many hundred thousand souls."
chatterbox,4077-13751-0002,4077,0.0,0.0,0.0,0.0,0.0,instead of but six regularly affiliated members and at most two score of adherents the organization numbers to-day many hundred thousand souls
indextts,4077-13751-0002,4077,0.0,0.0,0.0,0.0,0.0,instead of but six regularly affiliated members and at most two score of adherents the organization numbers to-day many hundred thousand souls
cosyvoice3,4077-13751-0002,4077,0.0,0.0,0.0,0.0,0.0,instead of but six regularly affiliated members and at most two score of adherents the organization numbers to-day many hundred thousand souls
real,4077-13754-0009,4077,0.1428571428571428,0.0952380952380952,0.0476190476190476,0.0,0.0168067226890756,"At the inception of plural marriage among the Latter-day Saints, there was no law, national or state, against its practice."
f5tts,4077-13754-0009,4077,0.1428571428571428,0.0952380952380952,0.0476190476190476,0.0,0.0168067226890756,At the inception of plural marriage among the latter-day saints there was no law national or state against its practice.
xtts,4077-13754-0009,4077,0.1428571428571428,0.0952380952380952,0.0476190476190476,0.0,0.0168067226890756,At the inception of plural marriage among the latter-day saints  there was no law national or state against its practice.
chatterbox,4077-13754-0009,4077,0.1428571428571428,0.0952380952380952,0.0476190476190476,0.0,0.0168067226890756,at the inception of plural marriage among the latter-day saints there was no law national or state against its practice
indextts,4077-13754-0009,4077,0.1428571428571428,0.0952380952380952,0.0476190476190476,0.0,0.0168067226890756,"At the inception of plural marriage among the latter-day saints, there was no law national or state against its practice."
cosyvoice3,4077-13754-0009,4077,0.1428571428571428,0.0952380952380952,0.0476190476190476,0.0,0.0168067226890756,at the inception of plural marriage among the latter-day saints there was no law national or state against its practice
real,4077-13751-0001,4077,0.0,0.0,0.0,0.0,0.0,"Its origin was small, a germ, an insignificant seed, hardly to be thought of as likely to arouse opposition."
f5tts,4077-13751-0001,4077,0.0526315789473684,0.0526315789473684,0.0,0.0,0.0096153846153846,Its origin was small a germ and insignificant seed hardly to be thought of as likely to arouse opposition.
xtts,4077-13751-0001,4077,0.0,0.0,0.0,0.0,0.0,"Its origin was small a germ, an insignificant seed, hardly to be thought of as likely to arouse opposition."
chatterbox,4077-13751-0001,4077,0.0526315789473684,0.0526315789473684,0.0,0.0,0.0096153846153846,its origin was small a germ and insignificant seed hardly to be thought of as likely to arouse opposition
indextts,4077-13751-0001,4077,0.0526315789473684,0.0526315789473684,0.0,0.0,0.0096153846153846,"Its origin was small, a germ and insignificant seed hardly to be thought of as likely to arouse opposition."
cosyvoice3,4077-13751-0001,4077,0.0526315789473684,0.0526315789473684,0.0,0.0,0.0096153846153846,"Its origin was small, a germ and insignificant seed, hardly to be thought of as likely to arouse opposition."
real,4077-13751-0013,4077,0.0,0.0,0.0,0.0,0.0,Their sufferings have never yet been fitly chronicled by human scribe.
f5tts,4077-13751-0013,4077,0.0,0.0,0.0,0.0,0.0,Their sufferings have never yet been fitly chronicled by human scribe.
xtts,4077-13751-0013,4077,0.0,0.0,0.0,0.0,0.0,Their sufferings have never yet been fitly chronicled by human scribe.
chatterbox,4077-13751-0013,4077,0.0,0.0,0.0,0.0,0.0,Their sufferings have never yet been fitly chronicled by human scribe.
indextts,4077-13751-0013,4077,0.0,0.0,0.0,0.0,0.0,Their sufferings have never yet been fitly chronicled by human scribe.
cosyvoice3,4077-13751-0013,4077,0.0,0.0,0.0,0.0,0.0,Their sufferings have never yet been fitly chronicled by human scribe.
real,2094-142345-0049,2094,0.1176470588235294,0.1176470588235294,0.0,0.0,0.0609756097560975,no sir he isn't he's gone to rossiter to see mr west the factor about the wool
f5tts,2094-142345-0049,2094,0.1176470588235294,0.1176470588235294,0.0,0.0,0.0609756097560975,"No, sir, he isn't. He's gone to Rossiter to see Mr. West, the factor about the wool."
xtts,2094-142345-0049,2094,0.1176470588235294,0.1176470588235294,0.0,0.0,0.0609756097560975,"No, sir, he isn't. He's gone to Rossiter to see Mr. West the Factor about the wool."
chatterbox,2094-142345-0049,2094,0.1764705882352941,0.1764705882352941,0.0,0.0,0.0853658536585365,"No, sir, he isn't. He's gone to Rossiter to see Mr. West, the factor, abest the wool."
indextts,2094-142345-0049,2094,0.2352941176470588,0.1764705882352941,0.0,0.0588235294117647,0.0975609756097561,"No, sir, he isn't. He has gone to Rossiter to see Mr. West, the factor about the wool."
cosyvoice3,2094-142345-0049,2094,0.1176470588235294,0.1176470588235294,0.0,0.0,0.0609756097560975,"No, sir, he isn't. He's gone to Rossiter to see Mr. West the Factor about the wool."
real,2094-142345-0044,2094,0.2857142857142857,0.2857142857142857,0.0,0.0,0.108695652173913,"said Mr. Irwin, with his stately cordiality."
f5tts,2094-142345-0044,2094,0.2857142857142857,0.2857142857142857,0.0,0.0,0.1521739130434782,said Mr. Rewind with his stately cordiality.
xtts,2094-142345-0044,2094,0.1428571428571428,0.1428571428571428,0.0,0.0,0.0869565217391304,said Mr. Irwine with his stately cordiality.
chatterbox,2094-142345-0044,2094,0.1428571428571428,0.1428571428571428,0.0,0.0,0.0869565217391304,said Mr. Irwine with his stately cordiality.
indextts,2094-142345-0044,2094,0.1428571428571428,0.1428571428571428,0.0,0.0,0.0869565217391304,said Mr. Irwine with his stately cordiality.
cosyvoice3,2094-142345-0044,2094,0.2857142857142857,0.2857142857142857,0.0,0.0,0.108695652173913,said Mr. Irwin with his stately cordiality.
real,2094-142345-0036,2094,0.0,0.0,0.0,0.0,0.0,nay dear aunt you never heard me say that all people are called to forsake their work and their families
f5tts,2094-142345-0036,2094,0.0,0.0,0.0,0.0,0.0,Nay dear aunt you never heard me say that all people are called to forsake their work and their families
xtts,2094-142345-0036,2094,0.0,0.0,0.0,0.0,0.0,"Nay, dear aunt, you never heard me say that all people are called to forsake their work and their families."
chatterbox,2094-142345-0036,2094,0.0,0.0,0.0,0.0,0.0,"Nay, dear aunt, you never heard me say that all people are called to forsake their work and their families."
indextts,2094-142345-0036,2094,0.0,0.0,0.0,0.0,0.0,"Nay, dear aunt, you never heard me say that all people are called to forsake their work and their families."
cosyvoice3,2094-142345-0036,2094,0.0,0.0,0.0,0.0,0.0,"Nay, dear aunt, you never heard me say that all people are called to forsake their work and their families."
real,2094-142345-0032,2094,0.0,0.0,0.0,0.0,0.0,I often heard her talk of you in the same sort of way.
f5tts,2094-142345-0032,2094,0.0,0.0,0.0,0.0,0.0,I often heard her talk of you in the same sort of way.
xtts,2094-142345-0032,2094,0.0,0.0,0.0,0.0,0.0,I often heard her talk of you in the same sort of way.
chatterbox,2094-142345-0032,2094,0.0,0.0,0.0,0.0,0.0,I often heard her talk of you in the same sort of way.
indextts,2094-142345-0032,2094,0.0,0.0,0.0,0.0,0.0,I often heard her talk of you in the same sort of way.
cosyvoice3,2094-142345-0032,2094,0.0,0.0,0.0,0.0,0.0,I often heard her talk of you in the same sort of way.
real,2094-142345-0018,2094,0.0,0.0,0.0,0.0,0.0,"Who taught you to scrub a floor, I should like to know?"
f5tts,2094-142345-0018,2094,0.0,0.0,0.0,0.0,0.0,Who taught you to scrub a floor? I should like to know
xtts,2094-142345-0018,2094,0.0,0.0,0.0,0.0,0.0,Who taught you to scrub a floor?  I should like to know.
chatterbox,2094-142345-0018,2094,0.0,0.0,0.0,0.0,0.0,"Who taught you to scrub a floor, I should like to know?"
indextts,2094-142345-0018,2094,0.0,0.0,0.0,0.0,0.0,who taught you to scrub a floor I should like to know.
cosyvoice3,2094-142345-0018,2094,0.1666666666666666,0.1666666666666666,0.0,0.0,0.0377358490566037,"""'Who taught you to scrub a floor, I should like to know?'"
real,2094-142345-0023,2094,0.2105263157894736,0.1052631578947368,0.0526315789473684,0.0526315789473684,0.0689655172413793,You are a rarin' for sitting down to your work a little while after it's time to put by.
f5tts,2094-142345-0023,2094,0.0,0.0,0.0,0.0,0.0,You're a rare un for sitting down to your work a little while after it's time to put by.
xtts,2094-142345-0023,2094,0.0526315789473684,0.0526315789473684,0.0,0.0,0.0229885057471264,You're a rare hunt for sitting down to your work a little while after it's time to put by.
chatterbox,2094-142345-0023,2094,0.0,0.0,0.0,0.0,0.0,You're a rare un for sitting down to your work a little while after it's time to put  by.
indextts,2094-142345-0023,2094,0.1052631578947368,0.0526315789473684,0.0,0.0526315789473684,0.0229885057471264,You're a rare un for sitting down to your work a little while after it is time to put by.
cosyvoice3,2094-142345-0023,2094,0.0526315789473684,0.0526315789473684,0.0,0.0,0.0229885057471264,You're a rare one for sitting down to your work a little while after it's time to put by.
real,2094-142345-0058,2094,0.0666666666666666,0.0666666666666666,0.0,0.0,0.0555555555555555,By the by I've never seen your dairy. I must see your dairy mrs. Poyser
f5tts,2094-142345-0058,2094,0.0666666666666666,0.0666666666666666,0.0,0.0,0.0555555555555555,"By the by, I've never seen your dairy. I must see your dairy, Mrs. Poyser."
xtts,2094-142345-0058,2094,0.0666666666666666,0.0666666666666666,0.0,0.0,0.0555555555555555,"By the by, I've never seen your dairy.  I must see your dairy, Mrs. Poyser."
chatterbox,2094-142345-0058,2094,0.0666666666666666,0.0666666666666666,0.0,0.0,0.0555555555555555,"By the by, I've never seen your dairy. I must see your dairy, Mrs. Poyser."
indextts,2094-142345-0058,2094,0.0666666666666666,0.0666666666666666,0.0,0.0,0.0555555555555555,"By the by, I've never seen your dairy.  I must see your dairy, Mrs. Poyser."
cosyvoice3,2094-142345-0058,2094,0.0666666666666666,0.0666666666666666,0.0,0.0,0.0555555555555555,"By the by, I've never seen your dairy.  I must see your dairy, Mrs. Poyser."
real,2094-142345-0056,2094,0.0,0.0,0.0,0.0,0.0,I think I should be doing you a service to turn you out of such a place.
f5tts,2094-142345-0056,2094,0.0,0.0,0.0,0.0,0.0,I think I should be doing you a service to turn you out of such a place.
xtts,2094-142345-0056,2094,0.0,0.0,0.0,0.0,0.0,I think I should be doing you a service to turn you out of such a place.
chatterbox,2094-142345-0056,2094,0.0,0.0,0.0,0.0,0.0,I think I should be doing you a service to turn you out of such a place.
indextts,2094-142345-0056,2094,0.0,0.0,0.0,0.0,0.0,I think I should be doing you a service to turn you out of such a place.
cosyvoice3,2094-142345-0056,2094,0.0588235294117647,0.0588235294117647,0.0,0.0,0.028169014084507,I think I should be doing you a service to churn you out of such a place.
real,2094-142345-0039,2094,0.2,0.1,0.0,0.1,0.0560747663551401,I have strong assurance that no evil will happen to you and my uncle and the children  from anything I have done.
f5tts,2094-142345-0039,2094,0.1,0.05,0.0,0.05,0.02803738317757,I have strong assurance that no evil will happen to you and my uncle and the children from anything I've done.
xtts,2094-142345-0039,2094,0.0,0.0,0.0,0.0,0.0,I've strong assurance that no evil will happen to you and my uncle and the children from anything I've done.
chatterbox,2094-142345-0039,2094,0.0,0.0,0.0,0.0,0.0,I've strong assurance that no evil will happen to you and my uncle and the children from anything I've done.
indextts,2094-142345-0039,2094,0.0,0.0,0.0,0.0,0.0,"I've strong assurance that no evil will happen to you,  and my uncle and the children from anything I've done."
cosyvoice3,2094-142345-0039,2094,0.1,0.05,0.0,0.05,0.02803738317757,I have strong assurance that no evil will happen to you and my uncle and the children from anything I've done.
real,8230-279154-0026,8230,0.0,0.0,0.0,0.0,0.0,"This distinction is vital to the understanding of memory, but it is not so easy to carry out in practice as it is to draw in theory."
f5tts,8230-279154-0026,8230,0.0,0.0,0.0,0.0,0.0,this distinction is vital to the understanding of memory but it is not so easy to carry out in practice as it is to draw in theory
xtts,8230-279154-0026,8230,0.0,0.0,0.0,0.0,0.0,"This distinction is vital to the understanding of memory, but it is not so easy to carry out in practice as it is to draw in theory."
chatterbox,8230-279154-0026,8230,0.0,0.0,0.0,0.0,0.0,"This distinction is vital to the understanding of memory, but it is not so easy to carry out in practice as it is to draw in theory."
indextts,8230-279154-0026,8230,0.0,0.0,0.0,0.0,0.0,this distinction is vital to the understanding of memory but it is not so easy to carry out in practice as it is to draw in theory
cosyvoice3,8230-279154-0026,8230,0.0,0.0,0.0,0.0,0.0,"This distinction is vital to the understanding of memory, but it is not so easy to carry out in practice as it is to draw in theory."
real,8230-279154-0011,8230,0.0,0.0,0.0,0.0,0.0,"Some images, like some sensations, feel very familiar, while others feel strange."
f5tts,8230-279154-0011,8230,0.0,0.0,0.0,0.0,0.0,"Some images like some sensations feel very familiar, while others feel strange."
xtts,8230-279154-0011,8230,0.0,0.0,0.0,0.0,0.0,"Some images, like some sensations, feel very familiar, while others feel strange."
chatterbox,8230-279154-0011,8230,0.0,0.0,0.0,0.0,0.0,"Some images, like some sensations, feel very familiar while others feel strange."
indextts,8230-279154-0011,8230,0.0,0.0,0.0,0.0,0.0,"Some images, like some sensations, feel very familiar while others feel strange."
cosyvoice3,8230-279154-0011,8230,0.0,0.0,0.0,0.0,0.0,"Some images, like some sensations, feel very familiar while others feel strange."
real,8230-279154-0000,8230,0.0,0.0,0.0,0.0,0.0,"The analysis of knowledge will occupy us until the end of the thirteenth lecture, and is the most difficult part of our whole enterprise."
f5tts,8230-279154-0000,8230,0.0833333333333333,0.0,0.0,0.0833333333333333,0.074074074074074,the analysis of knowledge will occupy us until the end of the thirteenth lecture and is the most difficult part of our whole enterprise  Thank you.
xtts,8230-279154-0000,8230,0.0,0.0,0.0,0.0,0.0,The analysis of knowledge will occupy us until the end of the thirteenth lecture and is the  most difficult part of our whole enterprise.
chatterbox,8230-279154-0000,8230,0.0416666666666666,0.0416666666666666,0.0,0.0,0.0592592592592592,The analysis of knowledge will occupy us until the end of the 13th lecture  and is the most difficult part of our whole enterprise.
indextts,8230-279154-0000,8230,0.0,0.0,0.0,0.0,0.0,The analysis of knowledge will occupy us until the end of the thirteenth lecture and is the  most difficult part of our whole enterprise.
cosyvoice3,8230-279154-0000,8230,0.0416666666666666,0.0416666666666666,0.0,0.0,0.0592592592592592,The analysis of knowledge will occupy us until the end of the 13th lecture and is the most difficult part of our whole enterprise.
real,8230-279154-0021,8230,0.0,0.0,0.0,0.0,0.0,Remembering has to be a present occurrence in some way resembling or related to what is remembered.
f5tts,8230-279154-0021,8230,0.0,0.0,0.0,0.0,0.0,Remembering has to be a present occurrence in some way resembling or related to what is remembered.
xtts,8230-279154-0021,8230,0.0,0.0,0.0,0.0,0.0,Remembering has to be a present occurrence in some way resembling or related to what is remembered.
chatterbox,8230-279154-0021,8230,0.0,0.0,0.0,0.0,0.0,Remembering has to be a present occurrence in some way resembling or related to what is remembered.
indextts,8230-279154-0021,8230,0.0,0.0,0.0,0.0,0.0,remembering has to be a present occurrence in some way resembling or related to what is remembered
cosyvoice3,8230-279154-0021,8230,0.0,0.0,0.0,0.0,0.0,Remembering has to be a present occurrence in some way resembling or related to what is remembered.
real,8230-279154-0032,8230,0.0,0.0,0.0,0.0,0.0,It is this that is of interest to theory of knowledge.
f5tts,8230-279154-0032,8230,0.0,0.0,0.0,0.0,0.0,It is this that is of interest to theory of knowledge.
xtts,8230-279154-0032,8230,0.0,0.0,0.0,0.0,0.0,It is this that is of interest to theory of knowledge.
chatterbox,8230-279154-0032,8230,0.0,0.0,0.0,0.0,0.0,It is this that is of interest to theory of knowledge.
indextts,8230-279154-0032,8230,0.0,0.0,0.0,0.0,0.0,it is this that is of interest to theory of knowledge
cosyvoice3,8230-279154-0032,8230,0.0,0.0,0.0,0.0,0.0,it is this that is of interest to theory of knowledge
real,8230-279154-0039,8230,0.0,0.0,0.0,0.0,0.0,"This knowledge is memory in one sense, though in another it is not."
f5tts,8230-279154-0039,8230,0.0,0.0,0.0,0.0,0.0,"This knowledge is memory, in one sense though, in another it is not."
xtts,8230-279154-0039,8230,0.0,0.0,0.0,0.0,0.0,"This knowledge is memory, in one sense, though in another it is not."
chatterbox,8230-279154-0039,8230,0.0,0.0,0.0,0.0,0.0,"This knowledge is memory in one sense, though, in another it is not."
indextts,8230-279154-0039,8230,0.0,0.0,0.0,0.0,0.0,"This knowledge is memory in one sense, though, in another it is not."
cosyvoice3,8230-279154-0039,8230,0.0,0.0,0.0,0.0,0.0,"This knowledge is memory in one sense, though in another it is not."
real,8230-279154-0023,8230,0.0,0.0,0.0,0.0,0.0,"In this case, as in most others, what may be taken as certain in advance is rather vague."
f5tts,8230-279154-0023,8230,0.0,0.0,0.0,0.0,0.0,"In this case, as in most others, what may be taken as certain in advance is rather vague."
xtts,8230-279154-0023,8230,0.0,0.0,0.0,0.0,0.0,"In this case, as in most others, what may be taken as certain in advance is rather vague."
chatterbox,8230-279154-0023,8230,0.0,0.0,0.0,0.0,0.0,"In this case, as in most others, what may be taken as certain in advance is rather vague."
indextts,8230-279154-0023,8230,0.0,0.0,0.0,0.0,0.0,"In this case, as in most others, what may be taken as certain in advance is rather vague."
cosyvoice3,8230-279154-0023,8230,0.0,0.0,0.0,0.0,0.0,"In this case, as in most others, what may be taken as certain in advance is rather vague."
real,8230-279154-0036,8230,0.0,0.0,0.0,0.0,0.0,A further stage is recognition.
f5tts,8230-279154-0036,8230,0.0,0.0,0.0,0.0,0.0,A further stage is recognition.
xtts,8230-279154-0036,8230,0.0,0.0,0.0,0.0,0.0,A further stage is recognition.
chatterbox,8230-279154-0036,8230,0.0,0.0,0.0,0.0,0.0,A further stage is recognition.
indextts,8230-279154-0036,8230,0.0,0.0,0.0,0.0,0.0,A further stage is recognition.
cosyvoice3,8230-279154-0036,8230,0.0,0.0,0.0,0.0,0.0,A further stage is recognition.
real,8230-279154-0008,8230,0.0,0.0,0.0,0.0,0.0,But I do not think such an inference is warranted.
f5tts,8230-279154-0008,8230,0.0,0.0,0.0,0.0,0.0,But I do not think such an inference is warranted.
xtts,8230-279154-0008,8230,0.0,0.0,0.0,0.0,0.0,but I do not think such an inference is warranted.
chatterbox,8230-279154-0008,8230,0.0,0.0,0.0,0.0,0.0,But I do not think such an inference is warranted.
indextts,8230-279154-0008,8230,0.0,0.0,0.0,0.0,0.0,but I do not think such an inference is warranted.
cosyvoice3,8230-279154-0008,8230,0.0,0.0,0.0,0.0,0.0,But I do not think such an inference is warranted.
real,8230-279154-0012,8230,0.0,0.0,0.0,0.0,0.0,familiarity is a feeling capable of degrees
f5tts,8230-279154-0012,8230,0.0,0.0,0.0,0.0,0.0,Familiarity is a feeling capable of degrees.
xtts,8230-279154-0012,8230,0.0,0.0,0.0,0.0,0.0,Familiarity is a feeling capable of degrees.
chatterbox,8230-279154-0012,8230,0.0,0.0,0.0,0.0,0.0,Familiarity is a feeling capable of degrees.
indextts,8230-279154-0012,8230,0.0,0.0,0.0,0.0,0.0,Familiarity is a feeling capable of degrees.
cosyvoice3,8230-279154-0012,8230,0.0,0.0,0.0,0.0,0.0,"Familiarity is a feeling capable of degrees,"
real,1221-135766-0007,1221,0.0476190476190476,0.0,0.0,0.0476190476190476,0.0338983050847457,hester prynne nevertheless the loving mother of this one child ran little risk of erring on the side of undue severity  you
f5tts,1221-135766-0007,1221,0.0,0.0,0.0,0.0,0.0,hester prynne nevertheless the loving mother of this one child ran little risk of erring on the side of undue severity
xtts,1221-135766-0007,1221,0.0,0.0,0.0,0.0,0.0,"Hester Prynne, nevertheless, the loving mother of this one child,  ran little risk of erring on the side, of undue severity,"
chatterbox,1221-135766-0007,1221,0.0,0.0,0.0,0.0,0.0,hester prynne nevertheless the loving mother of this one child ran little risk of erring on the side of undue severity
indextts,1221-135766-0007,1221,0.0,0.0,0.0,0.0,0.0,"Hester Prynne, nevertheless, the loving mother of this one child, ran little risk of erring  on the side of undue severity."
cosyvoice3,1221-135766-0007,1221,0.0,0.0,0.0,0.0,0.0,"Hester Prynne, nevertheless, the loving mother of this one child,  ran little risk of erring on the side of undue severity."
real,1221-135766-0002,1221,0.0,0.0,0.0,0.0,0.0,Yet these thoughts affected Hester Prynne less with hope than apprehension.
f5tts,1221-135766-0002,1221,0.0,0.0,0.0,0.0,0.0,Yet these thoughts affected Hester Prynne less with hope than apprehension.
xtts,1221-135766-0002,1221,0.0,0.0,0.0,0.0,0.0,Yet these thoughts affected Hester Prynne less with hope than apprehension.
chatterbox,1221-135766-0002,1221,0.0,0.0,0.0,0.0,0.0,Yet these thoughts affected Hester Prynne less with hope than apprehension.
indextts,1221-135766-0002,1221,0.0,0.0,0.0,0.0,0.0,Yet these thoughts affected Hester Prynne less with hope than apprehension.
cosyvoice3,1221-135766-0002,1221,0.0,0.0,0.0,0.0,0.0,Yet these thoughts affected Hester Prynne less with hope than apprehension.
real,1221-135767-0008,1221,0.2222222222222222,0.2222222222222222,0.0,0.0,0.0465116279069767,"""'Come, therefore, and let us fling mud at them.'"
f5tts,1221-135767-0008,1221,0.0,0.0,0.0,0.0,0.0,"Come, therefore, and let us fling mud at them."
xtts,1221-135767-0008,1221,0.0,0.0,0.0,0.0,0.0,"Come therefore, and let us fling mud at them."
chatterbox,1221-135767-0008,1221,0.0,0.0,0.0,0.0,0.0,"Come, therefore, and let us fling mud at them."
indextts,1221-135767-0008,1221,0.0,0.0,0.0,0.0,0.0,"Come, therefore, and let us fling mud at them."
cosyvoice3,1221-135767-0008,1221,0.0,0.0,0.0,0.0,0.0,"Come, therefore, and let us fling mud at them."
real,1221-135766-0004,1221,0.0,0.0,0.0,0.0,0.0,"This outward mutability indicated, and did not more than fairly express, the various properties of her inner life."
f5tts,1221-135766-0004,1221,0.0,0.0,0.0,0.0,0.0,"This outward mutability indicated, and did not more than fairly express the various properties of her inner life."
xtts,1221-135766-0004,1221,0.0,0.0,0.0,0.0,0.0,"this outward mutability indicated, and did not more than fairly express the various properties  of her inner life."
chatterbox,1221-135766-0004,1221,0.0,0.0,0.0,0.0,0.0,"This outward mutability indicated, and did not more than fairly express, the various properties of her inner life."
indextts,1221-135766-0004,1221,0.0,0.0,0.0,0.0,0.0,"This outward mutability indicated, and did not more than fairly express, the various  properties of her inner life."
cosyvoice3,1221-135766-0004,1221,0.0,0.0,0.0,0.0,0.0,This outward mutability indicated and did not more than fairly express the various properties of her inner life.
real,1221-135767-0014,1221,0.05,0.05,0.0,0.0,0.0098039215686274,"Yea, his honorable worship is within, but he hath a godly minister or two with him, and likewise a leech."
f5tts,1221-135767-0014,1221,0.0,0.0,0.0,0.0,0.0,yea his honourable worship is within but he hath a godly minister or two with him and likewise a leech
xtts,1221-135767-0014,1221,0.0,0.0,0.0,0.0,0.0,"Yea, his honourable worship is within, but he hath a godly minister or two with him,  and likewise a leech."
chatterbox,1221-135767-0014,1221,0.05,0.05,0.0,0.0,0.0098039215686274,"Yea, his honorable worship is within, but he hath a godly minister or two with him,  and likewise a leech."
indextts,1221-135767-0014,1221,0.05,0.05,0.0,0.0,0.0098039215686274,"Yea, his honorable worship is within,  but he hath a godly minister or two with him,  and likewise a leech."
cosyvoice3,1221-135767-0014,1221,0.0,0.0,0.0,0.0,0.0,"Yea, his honourable worship is within, but he hath a godly minister or two with him,  and likewise a leech."
real,1221-135767-0019,1221,0.3333333333333333,0.3333333333333333,0.0,0.0,0.0975609756097561,"""'Mother,' cried she, ""'I see you here. Look, look!'"
f5tts,1221-135767-0019,1221,0.0,0.0,0.0,0.0,0.0,"Mother cried she, I see you here, look, look."
xtts,1221-135767-0019,1221,0.0,0.0,0.0,0.0,0.0,"Mother cried she, I see you here look look."
chatterbox,1221-135767-0019,1221,0.0,0.0,0.0,0.0,0.0,"Mother cried,  She, I see you here, look, look!"
indextts,1221-135767-0019,1221,0.0,0.0,0.0,0.0,0.0,"Mother cried, she, I see you here, look, look."
cosyvoice3,1221-135767-0019,1221,0.0,0.0,0.0,0.0,0.0,"Mother, cried she, I see you here, look, look."
real,1221-135767-0005,1221,0.0,0.0,0.0,0.0,0.0,"It was the scarlet letter in another form, the scarlet letter endowed with life."
f5tts,1221-135767-0005,1221,0.0,0.0,0.0,0.0,0.0,"It was the scarlet letter, in another form the scarlet letter endowed with life."
xtts,1221-135767-0005,1221,0.0,0.0,0.0,0.0,0.0,"It was the scarlet letter in another form, the scarlet letter endowed with life."
chatterbox,1221-135767-0005,1221,0.0,0.0,0.0,0.0,0.0,"It was the scarlet letter in another form, the scarlet letter endowed with life."
indextts,1221-135767-0005,1221,0.0,0.0,0.0,0.0,0.0,"It was the scarlet letter in another form, the scarlet letter endowed with life."
cosyvoice3,1221-135767-0005,1221,0.0,0.0,0.0,0.0,0.0,"It was the scarlet letter in another form, the scarlet letter endowed with life."
real,1221-135767-0010,1221,0.0,0.0,0.0,0.0,0.0,she screamed and shouted too with a terrific volume of sound which doubtless caused the hearts of the fugitives to quake within them
f5tts,1221-135767-0010,1221,0.0,0.0,0.0,0.0,0.0,She screamed and shouted too with a terrific volume of sound which doubtless caused the hearts of the fugitives to quake within them.
xtts,1221-135767-0010,1221,0.0,0.0,0.0,0.0,0.0,"She screamed and shouted, too, with a terrific volume of sound, which doubtless caused the  hearts of the fugitives to quake within them."
chatterbox,1221-135767-0010,1221,0.0,0.0,0.0,0.0,0.0,"She screamed and shouted, too, with a terrific volume of sound, which doubtless caused the  hearts of the fugitives to quake within them."
indextts,1221-135767-0010,1221,0.0,0.0,0.0,0.0,0.0,"She screamed and shouted, too, with a terrific volume of sound which doubtless caused the  hearts of the fugitives to quake within them."
cosyvoice3,1221-135767-0010,1221,0.0,0.0,0.0,0.0,0.0,she screamed and shouted too with a terrific volume of sound which doubtless caused the hearts of the fugitives to quake within them
real,1221-135767-0020,1221,0.0,0.0,0.0,0.0,0.0,"In truth, she seemed absolutely hidden behind it."
f5tts,1221-135767-0020,1221,0.0,0.0,0.0,0.0,0.0,"In truth, she seemed absolutely hidden behind it."
xtts,1221-135767-0020,1221,0.0,0.0,0.0,0.0,0.0,In truth she seemed absolutely hidden behind it.
chatterbox,1221-135767-0020,1221,0.0,0.0,0.0,0.0,0.0,"In truth, she seemed absolutely hidden behind it."
indextts,1221-135767-0020,1221,0.0,0.0,0.0,0.0,0.0,In truth she seemed absolutely hidden behind it.
cosyvoice3,1221-135767-0020,1221,0.0,0.0,0.0,0.0,0.0,"In truth, she seemed absolutely hidden behind it."
real,1221-135766-0014,1221,0.0,0.0,0.0,0.0,0.0,"Pearl saw and gazed intently, but never sought to make acquaintance."
f5tts,1221-135766-0014,1221,0.0,0.0,0.0,0.0,0.0,"Pearl saw and gazed intently, but never sought to make acquaintance."
xtts,1221-135766-0014,1221,0.0,0.0,0.0,0.0,0.0,"Pearl saw and gazed intently, but never sought to make acquaintance."
chatterbox,1221-135766-0014,1221,0.0,0.0,0.0,0.0,0.0,"Pearl saw and gazed intently, but never sought to make acquaintance."
indextts,1221-135766-0014,1221,0.0,0.0,0.0,0.0,0.0,"Pearl saw and gazed intently, but never sought to make acquaintance."
cosyvoice3,1221-135766-0014,1221,0.0,0.0,0.0,0.0,0.0,"Pearl saw and gazed intently, but never sought to make acquaintance."
real,7729-102255-0039,7729,0.0,0.0,0.0,0.0,0.0,the inmates being removed at the appointed hour a few cannon balls were fired through the stone walls
f5tts,7729-102255-0039,7729,0.1111111111111111,0.0555555555555555,0.0555555555555555,0.0,0.0099009900990099,"The inmates being removed at the appointed hour, a few cannonballs were fired through the stone walls."
xtts,7729-102255-0039,7729,0.1111111111111111,0.0555555555555555,0.0555555555555555,0.0,0.0099009900990099,"the inmates being removed at the appointed hour, a few cannonballs were fired through the stone walls."
chatterbox,7729-102255-0039,7729,0.1111111111111111,0.0555555555555555,0.0555555555555555,0.0,0.0099009900990099,"The inmates being removed at the appointed hour, a few cannonballs were fired through the stone walls."
indextts,7729-102255-0039,7729,0.1111111111111111,0.0555555555555555,0.0555555555555555,0.0,0.0099009900990099,"The inmates being removed at the appointed hour, a few cannonballs were fired through the stone walls."
cosyvoice3,7729-102255-0039,7729,0.1111111111111111,0.0555555555555555,0.0555555555555555,0.0,0.0099009900990099,"The inmates being removed at the appointed hour, a few cannonballs were fired through the stone walls."
real,7729-102255-0001,7729,0.3333333333333333,0.0,0.3333333333333333,0.0,0.4,"This was at the March election, 1855."
f5tts,7729-102255-0001,7729,0.3333333333333333,0.0,0.3333333333333333,0.0,0.4,"This was at the March election, 1855."
xtts,7729-102255-0001,7729,0.3333333333333333,0.1111111111111111,0.2222222222222222,0.0,0.36,"This was at the March election, 1855 star."
chatterbox,7729-102255-0001,7729,0.3333333333333333,0.0,0.3333333333333333,0.0,0.4,This was at the March election 1855.
indextts,7729-102255-0001,7729,0.3333333333333333,0.0,0.3333333333333333,0.0,0.4,"This was at the March election, 1855."
cosyvoice3,7729-102255-0001,7729,0.3333333333333333,0.0,0.3333333333333333,0.0,0.4,"This was at the March election, 1855."
real,7729-102255-0042,7729,0.0,0.0,0.0,0.0,0.0,relocated footnote governor robinson being on his way east the steamboat on which he was traveling stopped at lexington missouri
f5tts,7729-102255-0042,7729,0.0,0.0,0.0,0.0,0.0,"Relocated footnote Governor Robinson being on his way east the steamboat on  which he was traveling stopped at Lexington, Missouri."
xtts,7729-102255-0042,7729,0.0,0.0,0.0,0.0,0.0,"Relocated, footnote Governor Robinson, being on his way east the steamboat on which he was traveling, stopped at Lexington, Missouri."
chatterbox,7729-102255-0042,7729,0.0,0.0,0.0,0.0,0.0,"Relocated footnote. Governor Robinson being on his way east, the steamboat on which he was traveling stopped at Lexington, Missouri."
indextts,7729-102255-0042,7729,0.0,0.0,0.0,0.0,0.0,"Relocated footnote Governor Robinson, being on his way east the steamboat on which he was traveling, stopped at Lexington, Missouri."
cosyvoice3,7729-102255-0042,7729,0.1,0.1,0.0,0.0,0.0859375,relic footnote governor robinson being on his way east the steamboat on which he was traveling stopped at lexington mo
real,7729-102255-0021,7729,0.0,0.0,0.0,0.0,0.0,but the affair was magnified as a crowning proof that the free state men were insurrectionists and outlaws
f5tts,7729-102255-0021,7729,0.0,0.0,0.0,0.0,0.0,BUT THE AFFAIR WAS MAGNIFIED AS A CROWNING PROOF THAT THE FREE STATE MEN WERE INSURRECTIONISTS  AND OUTLAWS.
xtts,7729-102255-0021,7729,0.0,0.0,0.0,0.0,0.0,but the affair was magnified as a crowning proof  that the Free State men were insurrectionists and outlaws.
chatterbox,7729-102255-0021,7729,0.0,0.0,0.0,0.0,0.0,but the affair was magnified as a crowning proof that the free state men were insurrectionists and outlaws
indextts,7729-102255-0021,7729,0.0,0.0,0.0,0.0,0.0,but the affair was magnified as a crowning proof  that the Free State men were insurrectionists and outlaws.
cosyvoice3,7729-102255-0021,7729,0.0,0.0,0.0,0.0,0.0,but the affair was magnified as a crowning proof that the Free State men were insurrectionists and outlaws.
real,7729-102255-0038,7729,0.0,0.0,0.0,0.0,0.0,atchison who had been haranguing the mob planted his two guns before the building and trained them upon it
f5tts,7729-102255-0038,7729,0.0526315789473684,0.0526315789473684,0.0,0.0,0.0188679245283018,"Acheson, who had been haranguing the mob, planted his two guns before the building and  trained them upon it."
xtts,7729-102255-0038,7729,0.0,0.0,0.0,0.0,0.0,"Atchison, who had been haranguing the mob, planted his two guns before the building,  and trained them upon it."
chatterbox,7729-102255-0038,7729,0.0,0.0,0.0,0.0,0.0,atchison who had been haranguing the mob planted his two guns before the building and trained them upon it
indextts,7729-102255-0038,7729,0.0,0.0,0.0,0.0,0.0,"Atchison, who had been haranguing the mob, planted his two guns before the building and  trained them upon it."
cosyvoice3,7729-102255-0038,7729,0.0,0.0,0.0,0.0,0.0,"Atchison, who had been haranguing the mob, planted his two guns before the building and  trained them upon it."
real,7729-102255-0012,7729,0.0,0.0,0.0,0.0,0.0,Several hundred Free State men promptly responded to the summons.
f5tts,7729-102255-0012,7729,0.0,0.0,0.0,0.0,0.0,Several hundred Free State men promptly responded to the summons.
xtts,7729-102255-0012,7729,0.0,0.0,0.0,0.0,0.0,Several hundred Free State men promptly responded to the summons.
chatterbox,7729-102255-0012,7729,0.0,0.0,0.0,0.0,0.0,Several hundred Free State men promptly responded to the summons.
indextts,7729-102255-0012,7729,0.0,0.0,0.0,0.0,0.0,several hundred free state men promptly responded to the summons
cosyvoice3,7729-102255-0012,7729,0.0,0.0,0.0,0.0,0.0,Several hundred Free State men promptly responded to the summons.
real,7729-102255-0033,7729,0.0,0.0,0.0,0.0,0.0,"As he had promised to protect the hotel, the reassured citizens began to laugh at their own fears."
f5tts,7729-102255-0033,7729,0.0,0.0,0.0,0.0,0.0,"As he had promised to protect the hotel, the reassured citizens began to laugh at their own fears."
xtts,7729-102255-0033,7729,0.3333333333333333,0.0,0.0,0.3333333333333333,0.3333333333333333,"As he had promised to protect the hotel, the reassured citizens began to laugh at their  own fears.  It's in Sir Rod Cranston's mind."
chatterbox,7729-102255-0033,7729,0.0,0.0,0.0,0.0,0.0,as he had promised to protect the hotel the reassured citizens began to laugh at their own fears
indextts,7729-102255-0033,7729,0.0,0.0,0.0,0.0,0.0,"As he had promised to protect the hotel, the reassured citizens began to laugh at their own fears."
cosyvoice3,7729-102255-0033,7729,0.0,0.0,0.0,0.0,0.0,"As he had promised to protect the hotel, the reassured citizens began to laugh at their own fears."
real,7729-102255-0029,7729,0.0,0.0,0.0,0.0,0.0,"Ten days were consumed in these negotiations, but the spirit of vengeance refused to yield."
f5tts,7729-102255-0029,7729,0.0,0.0,0.0,0.0,0.0,"Ten days were consumed in these negotiations, but the spirit of vengeance refused to yield."
xtts,7729-102255-0029,7729,0.0,0.0,0.0,0.0,0.0,"Ten days were consumed in these negotiations, but the spirit of vengeance refused to yield."
chatterbox,7729-102255-0029,7729,0.0,0.0,0.0,0.0,0.0,"Ten days were consumed in these negotiations, but the spirit of vengeance refused to yield."
indextts,7729-102255-0029,7729,0.0,0.0,0.0,0.0,0.0,"Ten days were consumed in these negotiations, but the spirit of vengeance refused to yield."
cosyvoice3,7729-102255-0029,7729,0.0,0.0,0.0,0.0,0.0,"Ten days were consumed in these negotiations, but the spirit of vengeance refused to yield."
real,7729-102255-0005,7729,0.0769230769230769,0.0769230769230769,0.0,0.0,0.0256410256410256,This was a formable array of advantages.  Slavery was playing with loaded dice.
f5tts,7729-102255-0005,7729,0.0,0.0,0.0,0.0,0.0,This was a formidable array of advantages slavery was playing with loaded dice.
xtts,7729-102255-0005,7729,0.0,0.0,0.0,0.0,0.0,This was a formidable array of advantages.  Slavery was playing with loaded dice.
chatterbox,7729-102255-0005,7729,0.0,0.0,0.0,0.0,0.0,This was a formidable array of advantages slavery was playing with loaded dice.
indextts,7729-102255-0005,7729,0.0,0.0,0.0,0.0,0.0,This was a formidable array of advantages. Slavery was playing with loaded dice.
cosyvoice3,7729-102255-0005,7729,0.0,0.0,0.0,0.0,0.0,This was a formidable array of advantages.  Slavery was playing with loaded dice.
real,2300-131720-0041,2300,0.0,0.0,0.0,0.0,0.0,We had meters in which there were two bottles of liquid.
f5tts,2300-131720-0041,2300,0.0,0.0,0.0,0.0,0.0,We had meters in which there were two bottles of liquid.
xtts,2300-131720-0041,2300,0.0,0.0,0.0,0.0,0.0,We had meters in which there were two bottles of liquid.
chatterbox,2300-131720-0041,2300,0.0,0.0,0.0,0.0,0.0,we had meters in which there were two bottles of liquid
indextts,2300-131720-0041,2300,0.0,0.0,0.0,0.0,0.0,We had meters in which there were two bottles of liquid.
cosyvoice3,2300-131720-0041,2300,0.0,0.0,0.0,0.0,0.0,We had meters in which there were two bottles of liquid.
real,2300-131720-0006,2300,0.0,0.0,0.0,0.0,0.0,There seems no good reason for believing that it will change.
f5tts,2300-131720-0006,2300,0.0,0.0,0.0,0.0,0.0,There seems no good reason for believing that it will change.
xtts,2300-131720-0006,2300,0.0,0.0,0.0,0.0,0.0,There seems no good reason for believing that it will change.
chatterbox,2300-131720-0006,2300,0.0,0.0,0.0,0.0,0.0,There seems no good reason for believing that it will change.
indextts,2300-131720-0006,2300,0.0,0.0,0.0,0.0,0.0,There seems no good reason for believing that it will change.
cosyvoice3,2300-131720-0006,2300,0.0,0.0,0.0,0.0,0.0,There seems no good reason for believing that it will change.
real,2300-131720-0030,2300,0.0,0.0,0.0,0.0,0.0,the principle employed in the edison electrolytic meter is that which exemplifies the power of electricity to decompose a chemical substance
f5tts,2300-131720-0030,2300,0.0,0.0,0.0,0.0,0.0,The principle employed in the Edison electrolytic meter is that which exemplifies the power of electricity to decompose a chemical substance.
xtts,2300-131720-0030,2300,0.0,0.0,0.0,0.0,0.0,The principle employed in the Edison electrolytic meter is that which exemplifies the power  of electricity to decompose a chemical substance.
chatterbox,2300-131720-0030,2300,0.0,0.0,0.0,0.0,0.0,The principle employed in the Edison electrolytic meter is that which exemplifies the power of electricity to decompose a chemical substance.
indextts,2300-131720-0030,2300,0.0,0.0,0.0,0.0,0.0,The principle employed in the Edison electrolytic meter is that which exemplifies the power  of electricity to decompose a chemical substance.
cosyvoice3,2300-131720-0030,2300,0.0,0.0,0.0,0.0,0.0,The principle employed in the Edison electrolytic meter is that which exemplifies the power of electricity to decompose a chemical substance.
real,2300-131720-0037,2300,0.0,0.0,0.0,0.0,0.0,"He weighed and re-weighed the meter plates, and pursued every line of investigation imaginable, but all in vain."
f5tts,2300-131720-0037,2300,0.0,0.0,0.0,0.0,0.0,"He weighed and reweighed the meter plates and pursued every line of investigation imaginable, but all in vain."
xtts,2300-131720-0037,2300,0.0,0.0,0.0,0.0,0.0,"He weighed and reweighed the meter plates and pursued every line of investigation imaginable,  but all in vain."
chatterbox,2300-131720-0037,2300,0.0,0.0,0.0,0.0,0.0,"He weighed and reweighed the meter plates and pursued every line of investigation imaginable, but all in vain."
indextts,2300-131720-0037,2300,0.0,0.0,0.0,0.0,0.0,he weighed and reweighed the meter plates and pursued every line of investigation imaginable but all in vain
cosyvoice3,2300-131720-0037,2300,0.0,0.0,0.0,0.0,0.0,"He weighed and reweighed the meter plates and pursued every line of investigation imaginable, but all in vain."
real,2300-131720-0009,2300,0.0,0.0,0.0,0.0,0.0,"For some years, it was not found feasible to operate motors on alternating current circuits,  and that reason was often urged against it seriously."
f5tts,2300-131720-0009,2300,0.0,0.0,0.0,0.0,0.0,"For some years it was not found feasible to operate motors on alternating current circuits,  and that reason was often urged against it seriously."
xtts,2300-131720-0009,2300,0.0,0.0,0.0,0.0,0.0,"For some years it was not found feasible to operate motors on alternating current circuits,  and that reason was often urged against it seriously."
chatterbox,2300-131720-0009,2300,0.0,0.0,0.0,0.0,0.0,"For some years it was not found feasible to operate motors on alternating current circuits,  and that reason was often urged against it seriously."
indextts,2300-131720-0009,2300,0.0,0.0,0.0,0.0,0.0,for some years it was not found feasible to operate motors on alternating current circuits and that reason was often urged against it seriously
cosyvoice3,2300-131720-0009,2300,0.0,0.0,0.0,0.0,0.0,For some years it was not found feasible to operate motors on alternating current circuits and that reason was often urged against it seriously.
real,2300-131720-0027,2300,0.0,0.0,0.0,0.0,0.0,"Edison held that the electricity sold must be measured just like  gas or water, and he proceeded to develop a meter."
f5tts,2300-131720-0027,2300,0.0,0.0,0.0,0.0,0.0,"Edison held that the electricity sold must be measured just like gas or water,  and he proceeded to develop a meter."
xtts,2300-131720-0027,2300,0.0,0.0,0.0,0.0,0.0,"Edison held that the electricity sold must be measured just like gas or water, and he  proceeded to develop a meter."
chatterbox,2300-131720-0027,2300,0.0,0.0,0.0,0.0,0.0,edison held that the electricity sold must be measured just like gas or water and he proceeded to develop a meter
indextts,2300-131720-0027,2300,0.0,0.0,0.0,0.0,0.0,edison held that the electricity sold must be measured just like gas or water and he proceeded to develop a meter
cosyvoice3,2300-131720-0027,2300,0.0,0.0,0.0,0.0,0.0,"Edison held that the electricity sold must be measured just like gas or water,  and he proceeded to develop a meter."
real,2300-131720-0034,2300,0.0,0.0,0.0,0.0,0.0,"the others having been in operation too short a time to show definite results,  although they also went quickly to a dividend basis."
f5tts,2300-131720-0034,2300,0.0,0.0,0.0,0.0,0.0,"The others having been in operation too short a time to show definite results, although they also went quickly to a dividend basis."
xtts,2300-131720-0034,2300,0.0,0.0,0.0,0.0,0.0,"the others having been in operation too short a time to show definite results,  although they also went quickly to a dividend basis."
chatterbox,2300-131720-0034,2300,0.0,0.0,0.0,0.0,0.0,"the others having been in operation too short a time to show definite results,  although they also went quickly to a dividend basis."
indextts,2300-131720-0034,2300,0.0,0.0,0.0,0.0,0.0,the others having been in operation too short a time to show definite results although they also went quickly to a dividend basis
cosyvoice3,2300-131720-0034,2300,0.0,0.0,0.0,0.0,0.0,the others having been in operation too short a time to show definite results although they also went quickly to a dividend basis
real,2300-131720-0015,2300,0.0,0.0,0.0,0.0,0.0,"He obtained the desired speed and load with a friction brake, also regulator of speed, but waited for an indicator to verify it."
f5tts,2300-131720-0015,2300,0.0,0.0,0.0,0.0,0.0,"He obtained the desired speed and load with a friction brake, also regulator of speed, but waited for an indicator to verify it."
xtts,2300-131720-0015,2300,0.0,0.0,0.0,0.0,0.0,He obtained the desired speed and load with a friction brake also regulator of speed but waited for an indicator to verify it.
chatterbox,2300-131720-0015,2300,0.0,0.0,0.0,0.0,0.0,"He obtained the desired speed and load with a friction brake, also regulator of speed,  but waited for an indicator to verify it."
indextts,2300-131720-0015,2300,0.0,0.0,0.0,0.0,0.0,he obtained the desired speed and load with a friction brake also regulator of speed but waited for an indicator to verify it
cosyvoice3,2300-131720-0015,2300,0.0,0.0,0.0,0.0,0.0,He obtained the desired speed and load with a friction brake also regulator of speed but waited for an indicator to verify it
real,2300-131720-0024,2300,0.1333333333333333,0.0666666666666666,0.0666666666666666,0.0,0.0136986301369863,"But the plant ran, and it was the first three-wire station in this country."
f5tts,2300-131720-0024,2300,0.1333333333333333,0.0666666666666666,0.0666666666666666,0.0,0.0136986301369863,but the plant ran and it was the first three-wire station in this country.
xtts,2300-131720-0024,2300,0.1333333333333333,0.0666666666666666,0.0666666666666666,0.0,0.0136986301369863,"But the plant ran, and it was the first three-wire station in this country."
chatterbox,2300-131720-0024,2300,0.1333333333333333,0.0666666666666666,0.0666666666666666,0.0,0.0136986301369863,"But the plant ran, and it was the first three-wire station in this country."
indextts,2300-131720-0024,2300,0.1333333333333333,0.0666666666666666,0.0666666666666666,0.0,0.0136986301369863,"But the plant ran, and it was the first three-wire station in this country."
cosyvoice3,2300-131720-0024,2300,0.1333333333333333,0.0666666666666666,0.0666666666666666,0.0,0.0136986301369863,"But the plant ran, and it was the first three-wire station in this country."
real,2300-131720-0014,2300,0.1,0.1,0.0,0.0,0.0833333333333333,Mr. Edison was a leader far ahead of the time.
f5tts,2300-131720-0014,2300,0.1,0.1,0.0,0.0,0.0833333333333333,Mr. Edison was a leader far ahead of the time.
xtts,2300-131720-0014,2300,0.1,0.1,0.0,0.0,0.0833333333333333,Mr. Edison was a leader far ahead of the time.
chatterbox,2300-131720-0014,2300,0.1,0.1,0.0,0.0,0.0833333333333333,Mr. Edison was a leader far ahead of the time.
indextts,2300-131720-0014,2300,0.1,0.1,0.0,0.0,0.0833333333333333,Mr. Edison was a leader far ahead of the time.
cosyvoice3,2300-131720-0014,2300,0.1,0.1,0.0,0.0,0.0833333333333333,Mr. Edison was a leader far ahead of the time.
real,1284-1181-0015,1284,0.0,0.0,0.0,0.0,0.0,"Most people talk too much, so it is a relief to find one who talks too little."
f5tts,1284-1181-0015,1284,0.0,0.0,0.0,0.0,0.0,"Most people talk too much, so it is a relief to find one who talks too little."
xtts,1284-1181-0015,1284,0.0,0.0,0.0,0.0,0.0,"Most people talk too much, so it is a relief to find one who talks too little."
chatterbox,1284-1181-0015,1284,0.0,0.0,0.0,0.0,0.0,"Most people talk too much, so it is a relief to find one who talks too little."
indextts,1284-1181-0015,1284,0.0,0.0,0.0,0.0,0.0,"Most people talk too much, so it is a relief to find one who talks too little."
cosyvoice3,1284-1181-0015,1284,0.0,0.0,0.0,0.0,0.0,"Most people talk too much, so it is a relief to find one who talks too little."
real,1284-1180-0009,1284,0.0555555555555555,0.0555555555555555,0.0,0.0,0.0454545454545454,then they started on again and two hours later came in sight of the house of dr pipt
f5tts,1284-1180-0009,1284,0.0555555555555555,0.0555555555555555,0.0,0.0,0.0454545454545454,"Then they started on again, and two hours later came in sight of the house of Dr. Pipt."
xtts,1284-1180-0009,1284,0.1111111111111111,0.1111111111111111,0.0,0.0,0.0568181818181818,"Then they started on again, and two hours later came in sight of the house of Dr. Pip."
chatterbox,1284-1180-0009,1284,0.0555555555555555,0.0555555555555555,0.0,0.0,0.0454545454545454,then they started on again and two hours later came in sight of the house of dr pipt
indextts,1284-1180-0009,1284,0.0555555555555555,0.0555555555555555,0.0,0.0,0.0454545454545454,"Then they started on again, and two hours later came in sight of the house of Dr. Pipt."
cosyvoice3,1284-1180-0009,1284,0.0555555555555555,0.0555555555555555,0.0,0.0,0.0454545454545454,then they started on again and two hours later came in sight of the house of dr pipt
real,1284-1181-0014,1284,0.0,0.0,0.0,0.0,0.0,He selected a small gold bottle with a pepper box top so that the powder might be sprinkled on any object through the small holes.
f5tts,1284-1181-0014,1284,0.0,0.0,0.0,0.0,0.0,He selected a small gold bottle with a pepper box top so that the powder might be sprinkled on any object through the small holes.
xtts,1284-1181-0014,1284,0.0,0.0,0.0,0.0,0.0,He selected a small gold bottle with a pepper box top so that the powder might be sprinkled  on any object through the small holes.
chatterbox,1284-1181-0014,1284,0.0,0.0,0.0,0.0,0.0,He selected a small gold bottle with a pepper box top so that the powder might be sprinkled on any object through the small holes.
indextts,1284-1181-0014,1284,0.0,0.0,0.0,0.0,0.0,He selected a small gold bottle with a pepper box top so that the powder might be sprinkled on any object through the small holes.
cosyvoice3,1284-1181-0014,1284,0.0,0.0,0.0,0.0,0.0,He selected a small gold bottle with a pepper box top  so that the powder might be sprinkled on any object through the small holes.
real,1284-1180-0001,1284,0.0384615384615384,0.0384615384615384,0.0,0.0,0.0166666666666666,his hat had a peaked crown at a flat brim and around the brim was a row of tiny golden bells that tinkled when he moved
f5tts,1284-1180-0001,1284,0.0,0.0,0.0,0.0,0.0,"His hat had a peaked crown and a flat brim, and around the brim was a row of tiny golden bells that tinkled when he moved."
xtts,1284-1180-0001,1284,0.0,0.0,0.0,0.0,0.0,"His hat had a peaked crown and a flat brim,  and around the brim was a row of tiny golden bells that tinkled when he moved."
chatterbox,1284-1180-0001,1284,0.0384615384615384,0.0384615384615384,0.0,0.0,0.0166666666666666,his hat had a peeped crown and a flat brim and around the brim was a row of tiny golden bells that tinkled when he moved
indextts,1284-1180-0001,1284,0.0,0.0,0.0,0.0,0.0,"His hat had a peaked crown and a flat brim, and around the brim was a row of tiny golden  bells that tinkled when he moved."
cosyvoice3,1284-1180-0001,1284,0.0,0.0,0.0,0.0,0.0,his hat had a peaked crown and a flat brim and around the brim was a row of tiny golden bells that tinkled when he moved
real,1284-1180-0020,1284,0.0,0.0,0.0,0.0,0.0,the first lot we tested on our glass cat which not only began to live but has lived ever since
f5tts,1284-1180-0020,1284,0.0,0.0,0.0,0.0,0.0,"The first lot we tested on our glass cat, which not only began to live, but has lived ever since."
xtts,1284-1180-0020,1284,0.0,0.0,0.0,0.0,0.0,"The first lot we tested on our glass cat, which not only began to live, but has lived  ever since."
chatterbox,1284-1180-0020,1284,0.0,0.0,0.0,0.0,0.0,The first lot we tested on our glass cat which not only began to live but has lived ever since.
indextts,1284-1180-0020,1284,0.0,0.0,0.0,0.0,0.0,"The first lot we tested on our glass cat, which not only began to live, but has lived ever since."
cosyvoice3,1284-1180-0020,1284,0.0,0.0,0.0,0.0,0.0,the first lot we tested on our glass cat which not only began to live but has lived ever since
real,1284-1181-0003,1284,0.0,0.0,0.0,0.0,0.0,the hair was of brown yarn and hung down on her neck in several neat braids
f5tts,1284-1181-0003,1284,0.0,0.0,0.0,0.0,0.0,The hair was of brown yarn and hung down on her neck in several neat braids.
xtts,1284-1181-0003,1284,0.0,0.0,0.0,0.0,0.0,The hair was of brown yarn and hung down on her neck in several neat braids.
chatterbox,1284-1181-0003,1284,0.0,0.0,0.0,0.0,0.0,The hair was of brown yarn and hung down on her neck in several neat braids.
indextts,1284-1181-0003,1284,0.0,0.0,0.0,0.0,0.0,The hair was of brown yarn and hung down on her neck in several neat braids.
cosyvoice3,1284-1181-0003,1284,0.0,0.0,0.0,0.0,0.0,the hair was of brown yarn and hung down on her neck in several neat braids
real,1284-1180-0012,1284,0.0,0.0,0.0,0.0,0.0,We have come from a far lonelier place than this.  A lonelier place?
f5tts,1284-1180-0012,1284,0.0,0.0,0.0,0.0,0.0,We have come from a far lonelier place than this a lonelier place.
xtts,1284-1180-0012,1284,0.0,0.0,0.0,0.0,0.0,"We have come from a far lonelier place than this, a lonelier place."
chatterbox,1284-1180-0012,1284,0.0,0.0,0.0,0.0,0.0,"We have come from a far lonelier place than this, a lonelier place."
indextts,1284-1180-0012,1284,0.0,0.0,0.0,0.0,0.0,We have come from a far lonelier place than this a lonelier place.
cosyvoice3,1284-1180-0012,1284,0.0,0.0,0.0,0.0,0.0,we have come from a far lonelier place than this a lonelier place
real,1284-1181-0010,1284,0.0,0.0,0.0,0.0,0.0,"Their contents had all boiled away, leaving in the bottom of each kettle a few grains of fine white powder."
f5tts,1284-1181-0010,1284,0.0,0.0,0.0,0.0,0.0,"Their contents had all boiled away, leaving in the bottom of each kettle a few grains of fine white powder."
xtts,1284-1181-0010,1284,0.0,0.0,0.0,0.0,0.0,"Their contents had all boiled away, leaving in the bottom of each kettle a few grains of fine white powder."
chatterbox,1284-1181-0010,1284,0.0,0.0,0.0,0.0,0.0,their contents had all boiled away leaving in the bottom of each kettle a few grains of fine white powder
indextts,1284-1181-0010,1284,0.0,0.0,0.0,0.0,0.0,"Their contents had all boiled away, leaving in the bottom of each kettle a few grains of fine white powder."
cosyvoice3,1284-1181-0010,1284,0.0,0.0,0.0,0.0,0.0,their contents had all boiled away leaving in the bottom of each kettle a few grains of fine white powder
real,1284-1181-0007,1284,0.0,0.0,0.0,0.0,0.0,she poured into the dish a quantity from each of these bottles
f5tts,1284-1181-0007,1284,0.0,0.0,0.0,0.0,0.0,She poured into the dish a quantity from each of these bottles.
xtts,1284-1181-0007,1284,0.0,0.0,0.0,0.0,0.0,She poured into the dish a quantity from each of these bottles.
chatterbox,1284-1181-0007,1284,0.0,0.0,0.0,0.0,0.0,She poured into the dish a quantity from each of these bottles.
indextts,1284-1181-0007,1284,0.0,0.0,0.0,0.0,0.0,She poured into the dish a quantity from each of these bottles.
cosyvoice3,1284-1181-0007,1284,0.0,0.0,0.0,0.0,0.0,She poured into the dish a quantity from each of these bottles.
real,1284-1180-0032,1284,0.0,0.0,0.0,0.0,0.0,i will show you what a good job i did and she went to a tall cupboard and threw open the doors
f5tts,1284-1180-0032,1284,0.0,0.0,0.0,0.0,0.0,"I will show you what a good job I did, and she went to a tall cupboard and threw open the doors."
xtts,1284-1180-0032,1284,0.0,0.0,0.0,0.0,0.0,"I will show you what a good job I did, and she went to a tall cupboard and threw open  the doors."
chatterbox,1284-1180-0032,1284,0.0,0.0,0.0,0.0,0.0,"I will show you what a good job I did, and she went to a tall cupboard and threw open the doors."
indextts,1284-1180-0032,1284,0.0,0.0,0.0,0.0,0.0,"I will show you what a good job I did, and she went to a tall cupboard and threw open  the doors."
cosyvoice3,1284-1180-0032,1284,0.0,0.0,0.0,0.0,0.0,i will show you what a good job i did and she went to a tall cupboard and threw open the doors
real,8455-210777-0055,8455,0.125,0.0416666666666666,0.0,0.0833333333333333,0.0518518518518518,sir i have it in command to inform your excellency that you have been appointed governor of the crown colony which is called britain eula  you
f5tts,8455-210777-0055,8455,0.0,0.0,0.0,0.0,0.0,sir i have it in command to inform your excellency that you have been appointed governor of the crown colony which is called britannula
xtts,8455-210777-0055,8455,0.0,0.0,0.0,0.0,0.0,"Sir, I have it in command to inform your excellency that you have been appointed governor of the crown colony, which is called Britannula."
chatterbox,8455-210777-0055,8455,0.0,0.0,0.0,0.0,0.0,"Sir, I have it in command to inform Your Excellency that you have been appointed Governor of the Crown Colony, which is called Britannula."
indextts,8455-210777-0055,8455,0.0,0.0,0.0,0.0,0.0,"Sir, I have it in command to inform Your Excellency that you have been appointed Governor of the Crown Colony, which is called Britannula."
cosyvoice3,8455-210777-0055,8455,0.0416666666666666,0.0416666666666666,0.0,0.0,0.0074074074074074,"Sir, I have it in command to inform Your Excellency that you have been appointed Governor of the Crown Colony, which is called Britanyula."
real,8455-210777-0011,8455,0.0555555555555555,0.0555555555555555,0.0,0.0,0.0109890109890109,"I did not mean, said Captain Battleaxe, to touch upon public subjects at such a moment as this."
f5tts,8455-210777-0011,8455,0.0555555555555555,0.0555555555555555,0.0,0.0,0.0329670329670329,I did not mean said Captain Batleaks to touch upon public subjects at such a moment as this.
xtts,8455-210777-0011,8455,0.0555555555555555,0.0555555555555555,0.0,0.0,0.0109890109890109,"I did not mean, said Captain Battleaxe, to touch upon public subjects at such a moment as this."
chatterbox,8455-210777-0011,8455,0.0555555555555555,0.0555555555555555,0.0,0.0,0.0109890109890109,i did not mean said captain battleaxe to touch upon public subjects at such a moment as this
indextts,8455-210777-0011,8455,0.0555555555555555,0.0555555555555555,0.0,0.0,0.0109890109890109,"I did not mean, said Captain Battleaxe, to touch upon public subjects at such a moment as this."
cosyvoice3,8455-210777-0011,8455,0.0555555555555555,0.0555555555555555,0.0,0.0,0.0109890109890109,"I did not mean, said Captain Battleaxe, to touch upon public subjects at such a moment as this."
real,8455-210777-0043,8455,0.25,0.25,0.0,0.0,0.05,"""'But what is the delicate mission?' I asked."
f5tts,8455-210777-0043,8455,0.0,0.0,0.0,0.0,0.0,But what is the delicate mission I asked?
xtts,8455-210777-0043,8455,0.0,0.0,0.0,0.0,0.0,"But what is the delicate mission, I asked."
chatterbox,8455-210777-0043,8455,0.0,0.0,0.0,0.0,0.0,"But what is the delicate mission, I asked."
indextts,8455-210777-0043,8455,0.0,0.0,0.0,0.0,0.0,"But what is the delicate mission, I asked."
cosyvoice3,8455-210777-0043,8455,0.0,0.0,0.0,0.0,0.0,But what is the delicate mission? I asked.
real,8455-210777-0041,8455,0.0,0.0,0.0,0.0,0.0,"There came upon me a sudden shock when I heard these words, which exceeded anything which  I had yet felt."
f5tts,8455-210777-0041,8455,0.0,0.0,0.0,0.0,0.0,There came upon me a sudden shock when I heard these words which exceeded anything which I had yet felt.
xtts,8455-210777-0041,8455,0.0,0.0,0.0,0.0,0.0,There came upon me a sudden shock when I heard these words which exceeded anything which I had yet felt.
chatterbox,8455-210777-0041,8455,0.0,0.0,0.0,0.0,0.0,There came upon me a sudden shock when I heard these words which exceeded anything which I had yet felt.
indextts,8455-210777-0041,8455,0.0,0.0,0.0,0.0,0.0,"There came upon me a sudden shock when I heard these words, which exceeded anything which  I had yet felt."
cosyvoice3,8455-210777-0041,8455,0.0,0.0,0.0,0.0,0.0,there came upon me a sudden shock when i heard these words which exceeded anything which i had yet felt
real,8455-210777-0035,8455,0.2727272727272727,0.2727272727272727,0.0,0.0,0.0923076923076923,"""'That is all quite true, Mr. Neverbend,' said Sir Ferdinando Brown."
f5tts,8455-210777-0035,8455,0.0909090909090909,0.0909090909090909,0.0,0.0,0.0615384615384615,"That is all quite true, Mr. Neverbend, said Sir Ferdinando Brown."
xtts,8455-210777-0035,8455,0.1818181818181818,0.1818181818181818,0.0,0.0,0.0923076923076923,"That is all quite true, Mr. Neverbound, Said Sir Ferdinando Brown."
chatterbox,8455-210777-0035,8455,0.1818181818181818,0.1818181818181818,0.0,0.0,0.0769230769230769,"That is all quite true, Mr. Neverbends, said Sir Ferdinando Brown."
indextts,8455-210777-0035,8455,0.0909090909090909,0.0909090909090909,0.0,0.0,0.0615384615384615,"That is all quite true, Mr. Neverbend, said Sir Ferdinando Brown."
cosyvoice3,8455-210777-0035,8455,0.2727272727272727,0.2727272727272727,0.0,0.0,0.0923076923076923,"""'That is all quite true, Mr. Neverbend,' said Sir Ferdinando Brown."
real,8455-210777-0013,8455,0.0,0.0,0.0,0.0,0.0,"Jack had been standing in the far corner of the room talking to Eva, and was now reduced  to silence by his praises."
f5tts,8455-210777-0013,8455,0.0,0.0,0.0,0.0,0.0,Jack had been standing in the far corner of the room talking to Eva and was now reduced to silence by his praises.
xtts,8455-210777-0013,8455,0.0,0.0,0.0,0.0,0.0,"Jack had been standing in the far corner of the room talking to Eva, and was now reduced to silence by his praises."
chatterbox,8455-210777-0013,8455,0.0,0.0,0.0,0.0,0.0,"Jack had been standing in the far corner of the room talking to Eva, and was now reduced to silence by his praises."
indextts,8455-210777-0013,8455,0.0,0.0,0.0,0.0,0.0,"Jack had been standing in the far corner of the room talking to Eva, and was now reduced  to silence by his praises."
cosyvoice3,8455-210777-0013,8455,0.0,0.0,0.0,0.0,0.0,"Jack had been standing in the far corner of the room talking to Eva, and was now reduced to silence by his praises."
real,8455-210777-0065,8455,0.1666666666666666,0.1666666666666666,0.0,0.0,0.0338983050847457,"""'I shall be happy to take charge of them,' said Sir Ferdinando."
f5tts,8455-210777-0065,8455,0.0,0.0,0.0,0.0,0.0,"I shall be happy to take charge of them, said Sir Ferdinando."
xtts,8455-210777-0065,8455,0.0833333333333333,0.0833333333333333,0.0,0.0,0.0169491525423728,"I shall be happy to take charge of them, said Sir Ferdinand."
chatterbox,8455-210777-0065,8455,0.0,0.0,0.0,0.0,0.0,"I shall be happy to take charge of them, said Sir Ferdinando."
indextts,8455-210777-0065,8455,0.0,0.0,0.0,0.0,0.0,"I shall be happy to take charge of them, said Sir Ferdinando."
cosyvoice3,8455-210777-0065,8455,0.0,0.0,0.0,0.0,0.0,"I shall be happy to take charge of them, said Sir Ferdinando."
real,8455-210777-0053,8455,0.0,0.0,0.0,0.0,0.0,"Were I to comply with your orders without expressing my own opinion, I should seem to have done so willingly hereafter."
f5tts,8455-210777-0053,8455,0.0,0.0,0.0,0.0,0.0,"Were I to comply with your orders without expressing my own opinion, I should seem to have done so willingly hereafter."
xtts,8455-210777-0053,8455,0.0,0.0,0.0,0.0,0.0,"Were I to comply with your orders without expressing my own opinion, I should seem to  have done so willingly hereafter."
chatterbox,8455-210777-0053,8455,0.0,0.0,0.0,0.0,0.0,"Were I to comply with your orders without expressing my own opinion,  I should seem to have done so willingly hereafter."
indextts,8455-210777-0053,8455,0.0,0.0,0.0,0.0,0.0,"Were I to comply with your orders without expressing my own opinion, I should seem to  have done so willingly hereafter."
cosyvoice3,8455-210777-0053,8455,0.0,0.0,0.0,0.0,0.0,"Were I to comply with your orders without expressing my own opinion, I should seem to have done so willingly hereafter."
real,8455-210777-0049,8455,0.0,0.0,0.0,0.0,0.0,Lieutenant Crosstrees is a very gallant officer.
f5tts,8455-210777-0049,8455,0.1428571428571428,0.1428571428571428,0.0,0.0,0.0425531914893617,Lieutenant Crostres is a very gallant officer.
xtts,8455-210777-0049,8455,0.0,0.0,0.0,0.0,0.0,Lieutenant Cross-Trees is a very gallant officer.
chatterbox,8455-210777-0049,8455,0.0,0.0,0.0,0.0,0.0,Lieutenant Crosstrees is a very gallant officer.
indextts,8455-210777-0049,8455,0.1428571428571428,0.1428571428571428,0.0,0.0,0.0425531914893617,Lieutenant Crostres is a very gallant officer.
cosyvoice3,8455-210777-0049,8455,0.1428571428571428,0.1428571428571428,0.0,0.0,0.0425531914893617,Lieutenant Crostres is a very gallant officer.
real,8455-210777-0069,8455,0.1764705882352941,0.088235294117647,0.0588235294117647,0.0294117647058823,0.0632183908045977,if you will give us your promise to meet captain adelaix here at this time to-morrow we will stretch a point and delay the departure of the john bright for twenty-four hours  you
f5tts,8455-210777-0069,8455,0.1470588235294117,0.088235294117647,0.0588235294117647,0.0,0.028735632183908,if you will give us your promise to meet captain batleaks here at this time tomorrow we will stretch a point and delay the departure of the john bright for twenty-four hours
xtts,8455-210777-0069,8455,0.1470588235294117,0.088235294117647,0.0588235294117647,0.0,0.0172413793103448,"If you will give us your promise to meet Captain Battleaxe here at this time tomorrow,  we will stretch a point and delay the departure of the John Bright for twenty-four hours."
chatterbox,8455-210777-0069,8455,0.1470588235294117,0.0588235294117647,0.088235294117647,0.0,0.0804597701149425,"If you will give us your promise to meet Captain Battleaxe here at this time tomorrow,  we will stretch a point and delay the departure of the John Bright for 24 hours."
indextts,8455-210777-0069,8455,0.1470588235294117,0.088235294117647,0.0588235294117647,0.0,0.0172413793103448,"If you will give us your promise to meet Captain Battleaxe here at this time tomorrow,  we will stretch a point and delay the departure of the John Bright for twenty-four hours."
cosyvoice3,8455-210777-0069,8455,0.1470588235294117,0.0588235294117647,0.088235294117647,0.0,0.0804597701149425,"If you will give us your promise to meet Captain Battleaxe here at this time tomorrow,  we will stretch a point and delay the departure of the John Bright for 24 hours."
real,1580-141084-0018,1580,0.0,0.0,0.0,0.0,0.0,I think so. You have formed a conclusion.
f5tts,1580-141084-0018,1580,0.0,0.0,0.0,0.0,0.0,I think so. You have formed a conclusion.
xtts,1580-141084-0018,1580,0.0,0.0,0.0,0.0,0.0,I think so. You have formed a conclusion.
chatterbox,1580-141084-0018,1580,0.0,0.0,0.0,0.0,0.0,I think so. You have formed a conclusion.
indextts,1580-141084-0018,1580,0.0,0.0,0.0,0.0,0.0,"I think so, you have formed a conclusion."
cosyvoice3,1580-141084-0018,1580,0.0,0.0,0.0,0.0,0.0,I think so you have formed a conclusion.
real,1580-141083-0025,1580,0.0714285714285714,0.0714285714285714,0.0,0.0,0.0136986301369863,"The men entered and took the papers, sheet by sheet, from the central table."
f5tts,1580-141083-0025,1580,0.0,0.0,0.0,0.0,0.0,The man entered and took the papers sheet by sheet from the central table.
xtts,1580-141083-0025,1580,0.0714285714285714,0.0714285714285714,0.0,0.0,0.0136986301369863,The man entered and took the paper sheet by sheet from the central table.
chatterbox,1580-141083-0025,1580,0.0,0.0,0.0,0.0,0.0,The man entered and took the papers sheet by sheet from the central table.
indextts,1580-141083-0025,1580,0.0714285714285714,0.0714285714285714,0.0,0.0,0.0136986301369863,The man entered and took the paper sheet by sheet from the central table.
cosyvoice3,1580-141083-0025,1580,0.0,0.0,0.0,0.0,0.0,The man entered and took the papers sheet by sheet from the central table.
real,1580-141084-0039,1580,0.0,0.0,0.0,0.0,0.0,"I entered, and I took you into my confidence as to the suggestions of the side table."
f5tts,1580-141084-0039,1580,0.0,0.0,0.0,0.0,0.0,"I entered, and I took you into my confidence as to the suggestions of the side table."
xtts,1580-141084-0039,1580,0.0,0.0,0.0,0.0,0.0,I entered and I took you into my confidence as to the suggestions of the side table.
chatterbox,1580-141084-0039,1580,0.0,0.0,0.0,0.0,0.0,I entered and I took you into my confidence as to the suggestions of the side table.
indextts,1580-141084-0039,1580,0.0,0.0,0.0,0.0,0.0,"I entered, and I took you into my confidence as to the suggestions of the side table."
cosyvoice3,1580-141084-0039,1580,0.0,0.0,0.0,0.0,0.0,"I entered, and I took you into my confidence as to the suggestions of the side table."
real,1580-141083-0026,1580,0.0588235294117647,0.0588235294117647,0.0,0.0,0.0133333333333333,as a matter of fact he could not said solmes for i entered by the side door
f5tts,1580-141083-0026,1580,0.0588235294117647,0.0588235294117647,0.0,0.0,0.0266666666666666,"As a matter of fact he could not said sooms, for I entered by the side door."
xtts,1580-141083-0026,1580,0.0,0.0,0.0,0.0,0.0,"As a matter of fact, he could not said Soames, for I entered by the side door."
chatterbox,1580-141083-0026,1580,0.0588235294117647,0.0588235294117647,0.0,0.0,0.0533333333333333,"As a matter of fact, he could not said psalms for. I entered by the side door."
indextts,1580-141083-0026,1580,0.0,0.0,0.0,0.0,0.0,"As a matter of fact, he could not said Soames, for I entered by the side door."
cosyvoice3,1580-141083-0026,1580,0.0,0.0,0.0,0.0,0.0,as a matter of fact he could not said soames for i entered by the side door
real,1580-141084-0010,1580,0.2142857142857142,0.0714285714285714,0.1428571428571428,0.0,0.0441176470588235,will take the black clay with me also the pencil cuttings goodbye
f5tts,1580-141084-0010,1580,0.1428571428571428,0.0714285714285714,0.0714285714285714,0.0,0.0147058823529411,"I will take the black clay with me, also the pencil cuttings good-bye."
xtts,1580-141084-0010,1580,0.1428571428571428,0.0714285714285714,0.0714285714285714,0.0,0.0147058823529411,"I will take the black clay with me also.  The pencil cuttings, good-bye."
chatterbox,1580-141084-0010,1580,0.1428571428571428,0.0714285714285714,0.0714285714285714,0.0,0.0147058823529411,I will take the black clay with me also the pencil cuttings goodbye
indextts,1580-141084-0010,1580,0.1428571428571428,0.0714285714285714,0.0714285714285714,0.0,0.0147058823529411,"I will take the black clay with me also.  The pencil cuttings, goodbye."
cosyvoice3,1580-141084-0010,1580,0.2142857142857142,0.0714285714285714,0.1428571428571428,0.0,0.0441176470588235,will take the black clay with me also the pencil cuttings goodbye
real,1580-141084-0029,1580,0.0,0.0,0.0,0.0,0.0,"His troubled blue eyes glanced at each of us, and finally rested with an expression of blank dismay upon Bannister in the farther corner."
f5tts,1580-141084-0029,1580,0.0,0.0,0.0,0.0,0.0,"His troubled blue eyes glanced at each of us, and finally rested with an expression of blank dismay upon Bannister in the farther corner."
xtts,1580-141084-0029,1580,0.0,0.0,0.0,0.0,0.0,"His troubled blue eyes glanced at each of us, and finally rested with an expression of blank dismay upon Bannister in the farther corner."
chatterbox,1580-141084-0029,1580,0.0,0.0,0.0,0.0,0.0,his troubled blue eyes glanced at each of us and finally rested with an expression of blank dismay upon bannister in the farther corner
indextts,1580-141084-0029,1580,0.0,0.0,0.0,0.0,0.0,"His troubled blue eyes glanced at each of us, and finally rested with an expression of blank  dismay upon Bannister in the farther corner."
cosyvoice3,1580-141084-0029,1580,0.0,0.0,0.0,0.0,0.0,his troubled blue eyes glanced at each of us and finally rested with an expression of blank dismay upon bannister in the farther corner
real,1580-141084-0002,1580,0.0,0.0,0.0,0.0,0.0,this set of rooms is quite the oldest in the college and it is not unusual for visitors to go over them
f5tts,1580-141084-0002,1580,0.0,0.0,0.0,0.0,0.0,This set of rooms is quite the oldest in the college and it is not unusual for visitors to go over them
xtts,1580-141084-0002,1580,0.0,0.0,0.0,0.0,0.0,This set of rooms is quite the oldest in the college and it is not unusual for visitors  to go over them.
chatterbox,1580-141084-0002,1580,0.0,0.0,0.0,0.0,0.0,This set of rooms is quite the oldest in the college and it is not unusual for visitors to go over them.
indextts,1580-141084-0002,1580,0.0,0.0,0.0,0.0,0.0,"This set of rooms is quite the oldest in the college, and it is not unusual for visitors  to go over them."
cosyvoice3,1580-141084-0002,1580,0.0,0.0,0.0,0.0,0.0,"This set of rooms is quite the oldest in the college, and it is not unusual for visitors to go over them."
real,1580-141083-0016,1580,0.0,0.0,0.0,0.0,0.0,i was in such a hurry to come to you you left your door open
f5tts,1580-141083-0016,1580,0.0,0.0,0.0,0.0,0.0,"I was in such a hurry to come to you, you left your door open."
xtts,1580-141083-0016,1580,0.0,0.0,0.0,0.0,0.0,i was in such a hurry to come to you you left your door open
chatterbox,1580-141083-0016,1580,0.0,0.0,0.0,0.0,0.0,"I was in such a hurry to come to you, you left your door open."
indextts,1580-141083-0016,1580,0.0,0.0,0.0,0.0,0.0,"I was in such a hurry to come to you, you left your door open."
cosyvoice3,1580-141083-0016,1580,0.0,0.0,0.0,0.0,0.0,"I was in such a hurry to come to you, you left your door open."
real,1580-141083-0012,1580,0.0,0.0,0.0,0.0,0.0,not only this but on the table i found a small ball of black dough or clay with specks of something which looks like sawdust in it
f5tts,1580-141083-0012,1580,0.0,0.0,0.0,0.0,0.0,not only this but on the table i found a small ball of black dough or clay with specks of something which looks like sawdust in it
xtts,1580-141083-0012,1580,0.0,0.0,0.0,0.0,0.0,"Not only this, but on the table I found a small ball of black dough or clay with specks of something which looks like sawdust in it."
chatterbox,1580-141083-0012,1580,0.0,0.0,0.0,0.0,0.0,"Not only this, but on the table I found a small ball of black dough or clay with specks of something which looks like sawdust in it."
indextts,1580-141083-0012,1580,0.0,0.0,0.0,0.0,0.0,"Not only this, but on the table I found a small ball of black dough  or clay with specks of something which looks like sawdust in it."
cosyvoice3,1580-141083-0012,1580,0.0,0.0,0.0,0.0,0.0,not only this but on the table i found a small ball of black dough or clay with specks of something which looks like sawdust in it
real,6829-68769-0028,6829,0.0,0.0,0.0,0.0,0.0,He is supposed to sign all the checks of the concern.
f5tts,6829-68769-0028,6829,0.0,0.0,0.0,0.0,0.0,He is supposed to sign all the checks of the concern.
xtts,6829-68769-0028,6829,0.5454545454545454,0.0,0.0,0.5454545454545454,0.4230769230769231,"He is supposed to sign all the checks of the concern.  Ha ha ha, not too much."
chatterbox,6829-68769-0028,6829,0.0,0.0,0.0,0.0,0.0,He is supposed to sign all the checks of the concern.
indextts,6829-68769-0028,6829,0.0,0.0,0.0,0.0,0.0,he is supposed to sign all the checks of the concern
cosyvoice3,6829-68769-0028,6829,0.0,0.0,0.0,0.0,0.0,He is supposed to sign all the checks of the concern.
real,6829-68771-0005,6829,0.0,0.0,0.0,0.0,0.0,"The only thing necessary was to fix Seth Reynolds, and this Hopkins arranged personally."
f5tts,6829-68771-0005,6829,0.0714285714285714,0.0714285714285714,0.0,0.0,0.0232558139534883,The only thing necessary was to fix Seth Reynolds in this Hopkins arranged personally.
xtts,6829-68771-0005,6829,0.0,0.0,0.0,0.0,0.0,"The only thing necessary was to fix Seth Reynolds, and this Hopkins arranged personally."
chatterbox,6829-68771-0005,6829,0.0,0.0,0.0,0.0,0.0,"The only thing necessary was to fix Seth Reynolds, and this Hopkins arranged personally."
indextts,6829-68771-0005,6829,0.0,0.0,0.0,0.0,0.0,"The only thing necessary was to fix Seth Reynolds, and this Hopkins arranged personally."
cosyvoice3,6829-68771-0005,6829,0.0,0.0,0.0,0.0,0.0,The only thing necessary was to fix Seth Reynolds and this Hopkins arranged personally.
real,6829-68771-0028,6829,0.0,0.0,0.0,0.0,0.0,She even seemed mildly amused at the attention she attracted.
f5tts,6829-68771-0028,6829,0.0,0.0,0.0,0.0,0.0,She even seemed mildly amused at the attention she attracted.
xtts,6829-68771-0028,6829,0.0,0.0,0.0,0.0,0.0,She even seemed mildly amused at the attention she attracted.
chatterbox,6829-68771-0028,6829,0.0,0.0,0.0,0.0,0.0,She even seemed mildly amused at the attention she attracted.
indextts,6829-68771-0028,6829,0.0,0.0,0.0,0.0,0.0,She even seemed mildly amused at the attention she attracted.
cosyvoice3,6829-68771-0028,6829,0.0,0.0,0.0,0.0,0.0,she even seemed mildly amused at the attention she attracted
real,6829-68771-0018,6829,0.0,0.0,0.0,0.0,0.0,for a moment beth stood staring while the new maid regarded her with composure and a slight smile upon her beautiful face
f5tts,6829-68771-0018,6829,0.0,0.0,0.0,0.0,0.0,"For a moment Beth stood staring while the new maid regarded her with composure, and a slight smile upon her beautiful face."
xtts,6829-68771-0018,6829,0.0454545454545454,0.0454545454545454,0.0,0.0,0.0165289256198347,"For a moment, Bess stood staring, while the new maid regarded her  with composure, and a slight smile upon her beautiful face."
chatterbox,6829-68771-0018,6829,0.0,0.0,0.0,0.0,0.0,"For a moment, Beth stood staring while the new maid regarded her with composure and a slight smile upon her beautiful face."
indextts,6829-68771-0018,6829,0.0,0.0,0.0,0.0,0.0,For a moment Beth stood staring while the new maid regarded her with composure  and a slight smile upon her beautiful face.
cosyvoice3,6829-68771-0018,6829,0.0,0.0,0.0,0.0,0.0,"For a moment Beth stood staring, while the new maid regarded her with composure and a  slight smile upon her beautiful face."
real,6829-68769-0051,6829,0.0,0.0,0.0,0.0,0.0,there was a grim smile of amusement on his shrewd face
f5tts,6829-68769-0051,6829,0.0,0.0,0.0,0.0,0.0,There was a grim smile of amusement on his shrewd face.
xtts,6829-68769-0051,6829,0.0,0.0,0.0,0.0,0.0,There was a grim smile of amusement on his shrewd face.
chatterbox,6829-68769-0051,6829,0.0,0.0,0.0,0.0,0.0,There was a grim smile of amusement on his shrewd face.
indextts,6829-68769-0051,6829,0.0,0.0,0.0,0.0,0.0,There was a grim smile of amusement on his shrewd face.
cosyvoice3,6829-68769-0051,6829,0.0,0.0,0.0,0.0,0.0,There was a grim smile of amusement on his shrewd face.
real,6829-68771-0010,6829,0.0,0.0,0.0,0.0,0.0,the fairview band was engaged to discourse as much harmony as it could produce and the resources of the great house were taxed to entertain the guests
f5tts,6829-68771-0010,6829,0.0,0.0,0.0,0.0,0.0,"The Fairview band was engaged to discourse as much harmony as it could produce, and the resources of the great house were taxed to entertain the guests."
xtts,6829-68771-0010,6829,0.0,0.0,0.0,0.0,0.0,"The Fairview band was engaged to discourse as much harmony as it could produce,  and the resources of the great house were taxed to entertain the guests."
chatterbox,6829-68771-0010,6829,0.0,0.0,0.0,0.0,0.0,The Fairview band was engaged to discourse as much harmony as it could produce and the resources of the great house were taxed to entertain the guests.
indextts,6829-68771-0010,6829,0.0,0.0,0.0,0.0,0.0,the fairview band was engaged to discourse as much harmony as it could produce and the resources of the great house were taxed to entertain the guests
cosyvoice3,6829-68771-0010,6829,0.0,0.0,0.0,0.0,0.0,"The Fairview band was engaged to discourse as much harmony as it could produce,  and the resources of the great house were taxed to entertain the guests."
real,6829-68771-0032,6829,0.0,0.0,0.0,0.0,0.0,"However, her features and form might repress any evidence of nervousness.  These hands told a different story."
f5tts,6829-68771-0032,6829,0.0,0.0,0.0,0.0,0.0,"However, her features and form might repress any evidence of nervousness these hands told a different story."
xtts,6829-68771-0032,6829,0.0588235294117647,0.0588235294117647,0.0,0.0,0.0377358490566037,"However, her features and form don't repress any evidence of nervousness.  These hands told a different story."
chatterbox,6829-68771-0032,6829,0.0,0.0,0.0,0.0,0.0,"However her features and form might repress any evidence of nervousness, these hands told a different story."
indextts,6829-68771-0032,6829,0.0,0.0,0.0,0.0,0.0,however her features and form might repress any evidence of nervousness these hands told a different story
cosyvoice3,6829-68771-0032,6829,0.0588235294117647,0.0588235294117647,0.0,0.0,0.0283018867924528,however her features and form might repress any evidence of nervousness these hands told the different story
real,6829-68769-0005,6829,0.1052631578947368,0.0526315789473684,0.0526315789473684,0.0,0.0106382978723404,he was soft-hearted and impetuous said beth and being in love he didn't stop to count the cost
f5tts,6829-68769-0005,6829,0.1052631578947368,0.0526315789473684,0.0526315789473684,0.0,0.0106382978723404,"He was soft-hearted and impetuous, said Beth, and being in love he didn't stop to count the cost."
xtts,6829-68769-0005,6829,0.1052631578947368,0.0526315789473684,0.0526315789473684,0.0,0.0106382978723404,"He was soft-hearted and impetuous, said Beth, and being in love,  he didn't stop to count the cost."
chatterbox,6829-68769-0005,6829,0.1052631578947368,0.0526315789473684,0.0526315789473684,0.0,0.0106382978723404,"He was soft-hearted and impetuous, said Beth, and being in love he didn't stop to count the cost."
indextts,6829-68769-0005,6829,0.1052631578947368,0.0526315789473684,0.0526315789473684,0.0,0.0106382978723404,he was soft-hearted and impetuous said beth and being in love he didn't stop to count the cost
cosyvoice3,6829-68769-0005,6829,0.1052631578947368,0.0526315789473684,0.0526315789473684,0.0,0.0106382978723404,he was soft-hearted and impetuous said beth and being in love he didn't stop to count the cost
real,6829-68771-0003,6829,0.0,0.0,0.0,0.0,0.0,The Democratic Committee figured out a way to do this.
f5tts,6829-68771-0003,6829,0.0,0.0,0.0,0.0,0.0,The Democratic Committee figured out a way to do this.
xtts,6829-68771-0003,6829,0.1,0.1,0.0,0.0,0.0566037735849056,The Nocratic Committee figured out a way to do this.
chatterbox,6829-68771-0003,6829,0.0,0.0,0.0,0.0,0.0,The Democratic Committee figured out a way to do this.
indextts,6829-68771-0003,6829,0.0,0.0,0.0,0.0,0.0,the democratic committee figured out a way to do this
cosyvoice3,6829-68771-0003,6829,0.0,0.0,0.0,0.0,0.0,The Democratic Committee figured out a way to do this.
real,6829-68771-0011,6829,0.0,0.0,0.0,0.0,0.0,tables were spread on the lawn and a dainty but substantial repast was to be served
f5tts,6829-68771-0011,6829,0.0,0.0,0.0,0.0,0.0,"Tables were spread on the lawn and a dainty, but substantial repast was to be served."
xtts,6829-68771-0011,6829,0.0,0.0,0.0,0.0,0.0,"Tables were spread on the lawn, and a dainty, but substantial repast was to be served."
chatterbox,6829-68771-0011,6829,0.0,0.0,0.0,0.0,0.0,"Tables were spread on the lawn, and a dainty but substantial repast was to be served."
indextts,6829-68771-0011,6829,0.0,0.0,0.0,0.0,0.0,"Tables were spread on the lawn, and a dainty but substantial repast was to be served."
cosyvoice3,6829-68771-0011,6829,0.0,0.0,0.0,0.0,0.0,tables were spread on the lawn and a dainty but substantial repast was to be served
real,4446-2275-0035,4446,0.0,0.0,0.0,0.0,0.0,"Alexander rose and shook himself angrily.  Yes, I know I'm cowardly."
f5tts,4446-2275-0035,4446,0.0,0.0,0.0,0.0,0.0,"Alexander rose and shook himself angrily.  Yes, I know, I'm cowardly."
xtts,4446-2275-0035,4446,0.0,0.0,0.0,0.0,0.0,"Alexander rose and shook himself angrily.  Yes, I know I'm cowardly."
chatterbox,4446-2275-0035,4446,0.0,0.0,0.0,0.0,0.0,alexander rose and shook himself angrily yes i know i'm cowardly
indextts,4446-2275-0035,4446,0.0,0.0,0.0,0.0,0.0,"Alexander rose and shook himself angrily.  Yes, I know I'm cowardly."
cosyvoice3,4446-2275-0035,4446,0.0,0.0,0.0,0.0,0.0,"Alexander rose and shook himself angrily.  Yes, I know I'm cowardly."
real,4446-2275-0019,4446,0.1052631578947368,0.0526315789473684,0.0526315789473684,0.0,0.0133333333333333,"The world is all there, just as it used to be, but I can't get at it anymore."
f5tts,4446-2275-0019,4446,0.0,0.0,0.0,0.0,0.0,"The world is all there just as it used to be, but I can't get at it any more."
xtts,4446-2275-0019,4446,0.1052631578947368,0.0526315789473684,0.0526315789473684,0.0,0.0133333333333333,"The world is all there just as it used to be, but I can't get at it anymore."
chatterbox,4446-2275-0019,4446,0.1052631578947368,0.0526315789473684,0.0526315789473684,0.0,0.0133333333333333,"The world is all there, just as it used to be, but I can't get at it anymore."
indextts,4446-2275-0019,4446,0.0,0.0,0.0,0.0,0.0,"The world is all there just as it used to be, but I can't get at it any more."
cosyvoice3,4446-2275-0019,4446,0.0,0.0,0.0,0.0,0.0,"The world is all there just as it used to be, but I can't get at it any more."
real,4446-2273-0028,4446,0.0,0.0,0.0,0.0,0.0,"Nonsense! Of course I can't really sing, except the way my mother and grandmother did before me."
f5tts,4446-2273-0028,4446,0.0,0.0,0.0,0.0,0.0,"Nonsense, of course. I can't really sing except the way my mother and grandmother did before me."
xtts,4446-2273-0028,4446,0.0,0.0,0.0,0.0,0.0,Nonsense. Of course I can't really sing except the way my mother and grandmother did before me.
chatterbox,4446-2273-0028,4446,0.0,0.0,0.0,0.0,0.0,"Nonsense, of course. I can't really sing except the way my mother and grandmother did before me."
indextts,4446-2273-0028,4446,0.0,0.0,0.0,0.0,0.0,"Nonsense, of course. I can't really sing except the way my mother and grandmother did before me."
cosyvoice3,4446-2273-0028,4446,0.0,0.0,0.0,0.0,0.0,"Nonsense. Of course I can't really sing, except the way my mother and grandmother did before me."
real,4446-2275-0005,4446,0.0,0.0,0.0,0.0,0.0,I felt it in my bones when I woke this morning that something splendid was going to turn up.
f5tts,4446-2275-0005,4446,0.0,0.0,0.0,0.0,0.0,I felt it in my bones when I woke this morning that something splendid was going to turn up.
xtts,4446-2275-0005,4446,0.0,0.0,0.0,0.0,0.0,I felt it in my bones when I woke this morning that something splendid was going to turn up.
chatterbox,4446-2275-0005,4446,0.0,0.0,0.0,0.0,0.0,I felt it in my bones when I woke this morning that something splendid was going to turn up.
indextts,4446-2275-0005,4446,0.0,0.0,0.0,0.0,0.0,I felt it in my bones when I woke this morning  that something splendid was going to turn up.
cosyvoice3,4446-2275-0005,4446,0.0,0.0,0.0,0.0,0.0,I felt it in my bones when I woke this morning  that something splendid was going to turn up.
real,4446-2271-0011,4446,0.1111111111111111,0.1111111111111111,0.0,0.0,0.064516129032258,"Sir Harry Towne, Mr. Bartley Alexander, the American Engineer."
f5tts,4446-2271-0011,4446,0.2222222222222222,0.2222222222222222,0.0,0.0,0.0806451612903225,sir harry town mr bartley alexander the american engineer
xtts,4446-2271-0011,4446,0.1111111111111111,0.1111111111111111,0.0,0.0,0.064516129032258,"Sir Harry Towne, Mr. Bartley, Alexander the American Engineer."
chatterbox,4446-2271-0011,4446,0.2222222222222222,0.2222222222222222,0.0,0.0,0.0806451612903225,sir harry town mr bartley alexander the american engineer
indextts,4446-2271-0011,4446,0.2222222222222222,0.2222222222222222,0.0,0.0,0.0806451612903225,sir harry town mr bartley alexander the american engineer
cosyvoice3,4446-2271-0011,4446,0.2222222222222222,0.2222222222222222,0.0,0.0,0.0806451612903225,sir harry town mr bartley alexander the american engineer
real,4446-2273-0027,4446,0.0,0.0,0.0,0.0,0.0,"When she finished, Alexander shook himself out of a reverie."
f5tts,4446-2273-0027,4446,0.0,0.0,0.0,0.0,0.0,"When she finished, Alexander shook himself out of a reverie."
xtts,4446-2273-0027,4446,0.0,0.0,0.0,0.0,0.0,"When she finished, Alexander shook himself out of a reverie."
chatterbox,4446-2273-0027,4446,0.0,0.0,0.0,0.0,0.0,when she finished alexander shook himself out of a reverie
indextts,4446-2273-0027,4446,0.0,0.0,0.0,0.0,0.0,"When she finished, Alexander shook himself out of a reverie."
cosyvoice3,4446-2273-0027,4446,0.0,0.0,0.0,0.0,0.0,when she finished alexander shook himself out of a reverie
real,4446-2275-0007,4446,0.0,0.0,0.0,0.0,0.0,"She pushed him toward the big chair by the fire and sat down on a stool at the opposite side of the hearth, her knees drawn up to her chin, laughing like a happy little girl."
f5tts,4446-2275-0007,4446,0.0,0.0,0.0,0.0,0.0,she pushed him toward the big chair by the fire and sat down on a stool at the opposite side of the hearth her knees drawn up to her chin laughing like a happy little girl
xtts,4446-2275-0007,4446,0.0,0.0,0.0,0.0,0.0,"She pushed him toward the big chair by the fire  and sat down on a stool at the opposite side of the hearth,  her knees drawn up to her chin,  laughing like a happy little girl."
chatterbox,4446-2275-0007,4446,0.0,0.0,0.0,0.0,0.0,she pushed him toward the big chair by the fire and sat down on a stool at the opposite side of the hearth her knees drawn up to her chin laughing like a happy little girl
indextts,4446-2275-0007,4446,0.0,0.0,0.0,0.0,0.0,she pushed him toward the big chair by the fire and sat down on a stool at the opposite side of the hearth her knees drawn up to her chin laughing like a happy little girl
cosyvoice3,4446-2275-0007,4446,0.0,0.0,0.0,0.0,0.0,"She pushed him toward the big chair by the fire, and sat down on a stool at the opposite side of the hearth, her knees drawn up to her chin, laughing like a happy little girl."
real,4446-2273-0019,4446,0.0,0.0,0.0,0.0,0.0,"Come, we'll have our coffee in the other room, and you can smoke."
f5tts,4446-2273-0019,4446,0.0,0.0,0.0,0.0,0.0,come we'll have our coffee in the other room and you can smoke
xtts,4446-2273-0019,4446,0.0769230769230769,0.0769230769230769,0.0,0.0,0.032258064516129,"Come, I'll have our coffee in the other room.  And you can smoke."
chatterbox,4446-2273-0019,4446,0.0,0.0,0.0,0.0,0.0,"Come, we'll have our coffee in the other room and you can smoke."
indextts,4446-2273-0019,4446,0.0,0.0,0.0,0.0,0.0,"Come, we'll have our coffee in the other room and you can smoke."
cosyvoice3,4446-2273-0019,4446,0.0,0.0,0.0,0.0,0.0,"Come, we'll have our coffee in the other room, and you can smoke."
real,4446-2271-0018,4446,0.0555555555555555,0.0,0.0,0.0555555555555555,0.05,she considered for a moment and then said no i think not though i am glad you ask me
f5tts,4446-2271-0018,4446,0.0,0.0,0.0,0.0,0.0,"She considered a moment, and then said,  No, I think not, though I am glad you ask me."
xtts,4446-2271-0018,4446,0.0,0.0,0.0,0.0,0.0,"She considered a moment, and then said no.  I think not, though I am glad you ask me."
chatterbox,4446-2271-0018,4446,0.0555555555555555,0.0555555555555555,0.0,0.0,0.025,she considered a moment and then said no i think not though i am glad you asked me
indextts,4446-2271-0018,4446,0.0,0.0,0.0,0.0,0.0,"She considered a moment, and then said no, I think not, though I am glad you ask me."
cosyvoice3,4446-2271-0018,4446,0.0,0.0,0.0,0.0,0.0,she considered a moment and then said no i think not though i am glad you ask me
real,4446-2271-0005,4446,0.0,0.0,0.0,0.0,0.0,"She saves her hand, too. She's at her best in the second act."
f5tts,4446-2271-0005,4446,0.0,0.0,0.0,0.0,0.0,"She saves her hand, too. She's at her best in the second act."
xtts,4446-2271-0005,4446,0.0,0.0,0.0,0.0,0.0,"She saves her hand, too.  She's at her best in the second act."
chatterbox,4446-2271-0005,4446,0.0,0.0,0.0,0.0,0.0,"She saves her hand, too. She's at her best in the second act."
indextts,4446-2271-0005,4446,0.1538461538461538,0.0769230769230769,0.0,0.0769230769230769,0.0344827586206896,"She saves her hand, too. She is at her best in the second act."
cosyvoice3,4446-2271-0005,4446,0.0,0.0,0.0,0.0,0.0,"She saves her hand, too. She's at her best in the second act."
real,260-123440-0020,260,0.1538461538461538,0.0769230769230769,0.0769230769230769,0.0,0.0161290322580645,"We won't talk about her anymore if you'd rather not.  We, indeed."
f5tts,260-123440-0020,260,0.0,0.0,0.0,0.0,0.0,We won't talk about her any more if you'd rather not we indeed.
xtts,260-123440-0020,260,0.0,0.0,0.0,0.0,0.0,"We won't talk about her any more, if you'd rather not, we indeed."
chatterbox,260-123440-0020,260,0.1538461538461538,0.0769230769230769,0.0769230769230769,0.0,0.0161290322580645,"We won't talk about her anymore, if you'd rather not.  We, indeed."
indextts,260-123440-0020,260,0.1538461538461538,0.0769230769230769,0.0769230769230769,0.0,0.0161290322580645,"We won't talk about her anymore, if you'd rather not.  We indeed."
cosyvoice3,260-123440-0020,260,0.1538461538461538,0.0769230769230769,0.0769230769230769,0.0,0.0161290322580645,"We won't talk about her anymore. If you'd rather not, we indeed."
real,260-123288-0002,260,0.0588235294117647,0.0588235294117647,0.0,0.0,0.0087719298245614,The atmosphere is charged with vapors pervaded with the electricity generated by the evaporation of saline waters
f5tts,260-123288-0002,260,0.0588235294117647,0.0588235294117647,0.0,0.0,0.0087719298245614,The atmosphere is charged with vapors pervaded with the electricity generated by the evaporation of saline waters.
xtts,260-123288-0002,260,0.0,0.0,0.0,0.0,0.0,The atmosphere is charged with vapours pervaded with the electricity generated by the evaporation  of saline waters.
chatterbox,260-123288-0002,260,0.0588235294117647,0.0588235294117647,0.0,0.0,0.0087719298245614,The atmosphere is charged with vapors pervaded with the electricity generated by the evaporation of saline waters.
indextts,260-123288-0002,260,0.0588235294117647,0.0588235294117647,0.0,0.0,0.0087719298245614,the atmosphere is charged with vapors pervaded with the electricity generated by the evaporation of saline waters
cosyvoice3,260-123288-0002,260,0.0588235294117647,0.0588235294117647,0.0,0.0,0.0087719298245614,"The atmosphere is charged with vapors,  pervaded with the electricity generated by the evaporation of saline waters."
real,260-123440-0009,260,0.1111111111111111,0.0,0.1111111111111111,0.0,0.175,I shall never get to 20 at that rate.
f5tts,260-123440-0009,260,0.0,0.0,0.0,0.0,0.0,I shall never get to twenty at that rate.
xtts,260-123440-0009,260,0.0,0.0,0.0,0.0,0.0,I shall never get to twenty at that rate.
chatterbox,260-123440-0009,260,0.1111111111111111,0.0,0.1111111111111111,0.0,0.175,I shall never get to 20 at that rate.
indextts,260-123440-0009,260,0.0,0.0,0.0,0.0,0.0,I shall never get to twenty at that rate.
cosyvoice3,260-123440-0009,260,0.1111111111111111,0.0,0.1111111111111111,0.0,0.175,I shall never get to 20 at that rate.
real,260-123288-0003,260,0.0714285714285714,0.0714285714285714,0.0,0.0,0.0251572327044025,The electric light can scarcely penetrate through the dense curtain which is dropped  over the theater on which the battle of the elements is about to be waged.
f5tts,260-123288-0003,260,0.0,0.0,0.0,0.0,0.0,The electric light can scarcely penetrate through the dense curtain which has dropped  over the theatre on which the battle of the elements is about to be waged.
xtts,260-123288-0003,260,0.0,0.0,0.0,0.0,0.0,The electric light can scarcely penetrate through the dense curtain which has dropped  over the theatre on which the battle of the elements is about to be waged.
chatterbox,260-123288-0003,260,0.0,0.0,0.0,0.0,0.0,The electric light can scarcely penetrate through the dense curtain which has dropped  over the theatre on which the battle of the elements is about to be waged.
indextts,260-123288-0003,260,0.0,0.0,0.0,0.0,0.0,the electric light can scarcely penetrate through the dense curtain which has dropped over the theatre on which the battle of the elements is about to be waged
cosyvoice3,260-123288-0003,260,0.0357142857142857,0.0357142857142857,0.0,0.0,0.0125786163522012,The electric light can scarcely penetrate through the dense curtain which has dropped over the theater on which the battle of the elements is about to be waged.
real,260-123286-0030,260,0.0,0.0,0.0,0.0,0.0,"Suddenly, the ichthyosaurus and the plesiosaurus disappear below, leaving a whirlpool eddying  in the water."
f5tts,260-123286-0030,260,0.0,0.0,0.0,0.0,0.0,Suddenly the ichthyosaurus and the plesiosaurus disappear below leaving a whirlpool eddying in the water.
xtts,260-123286-0030,260,0.1333333333333333,0.1333333333333333,0.0,0.0,0.0384615384615384,"Suddenly, the Ichiosaurus and the Plasiosaurus disappear below, leaving a whirlpool eddying in the water."
chatterbox,260-123286-0030,260,0.0,0.0,0.0,0.0,0.0,"Suddenly, the ichthyosaurus and the plesiosaurus disappear below, leaving a whirlpool eddying in the water."
indextts,260-123286-0030,260,0.0,0.0,0.0,0.0,0.0,"Suddenly, the ichthyosaurus and the plesiosaurus disappear below leaving a whirlpool eddying in the water."
cosyvoice3,260-123286-0030,260,0.0,0.0,0.0,0.0,0.0,"Suddenly, the ichthyosaurus and the plesiosaurus disappear below,  leaving a whirlpool eddying in the water."
real,260-123286-0023,260,0.0,0.0,0.0,0.0,0.0,The raft was heaved up on a watery mountain and pitched down again at a distance of twenty fathoms.
f5tts,260-123286-0023,260,0.0526315789473684,0.0526315789473684,0.0,0.0,0.0204081632653061,"The raft was hived up on a watery mountain, and pitched down again at a distance of twenty fathoms."
xtts,260-123286-0023,260,0.0,0.0,0.0,0.0,0.0,"The raft was heaved up on a watery mountain, and pitched down again at a distance of twenty fathoms."
chatterbox,260-123286-0023,260,0.0,0.0,0.0,0.0,0.0,The raft was heaved up on a watery mountain and pitched down again at a distance of twenty fathoms.
indextts,260-123286-0023,260,0.0,0.0,0.0,0.0,0.0,"The raft was heaved up on a watery mountain, and pitched down again at a distance of twenty fathoms."
cosyvoice3,260-123286-0023,260,0.0,0.0,0.0,0.0,0.0,The raft was heaved up on a watery mountain and pitched down again at a distance of twenty fathoms.
real,260-123286-0031,260,0.0909090909090909,0.0909090909090909,0.0,0.0,0.0625,"As for the Ithiasaurus, has he returned to his submarine cavern?"
f5tts,260-123286-0031,260,0.0,0.0,0.0,0.0,0.0,"As for the ichthyosaurus, has he returned to his submarine cavern?"
xtts,260-123286-0031,260,0.0,0.0,0.0,0.0,0.0,"As for the ichthyosaurus has, he returned to his submarine cavern."
chatterbox,260-123286-0031,260,0.0,0.0,0.0,0.0,0.0,"As for the Ichthyosaurus, has he returned to his submarine cavern?"
indextts,260-123286-0031,260,0.0,0.0,0.0,0.0,0.0,"As for the ichthyosaurus, has he returned to his submarine cavern?"
cosyvoice3,260-123286-0031,260,0.0,0.0,0.0,0.0,0.0,"As for the ichthyosaurus, has he returned to his submarine cavern?"
real,260-123288-0027,260,0.0,0.0,0.0,0.0,0.0,"A suffocating smell of nitrogen fills the air, it enters the throat, it fills the lungs."
f5tts,260-123288-0027,260,0.0,0.0,0.0,0.0,0.0,A suffocating smell of nitrogen fills the air it enters the throat it fills the lungs.
xtts,260-123288-0027,260,0.0,0.0,0.0,0.0,0.0,"A suffocating smell of nitrogen fills the air, it enters the throat, it fills the lungs."
chatterbox,260-123288-0027,260,0.0,0.0,0.0,0.0,0.0,A suffocating smell of nitrogen fills the air it enters the throat. It fills the lungs.
indextts,260-123288-0027,260,0.0,0.0,0.0,0.0,0.0,a suffocating smell of nitrogen fills the air it enters the throat it fills the lungs
cosyvoice3,260-123288-0027,260,0.0,0.0,0.0,0.0,0.0,"A suffocating smell of nitrogen fills the air, it enters the throat, it fills the lungs."
real,7021-79740-0001,7021,0.0,0.0,0.0,0.0,0.0,della had a young sister named maria and a cousin whose name was jane
f5tts,7021-79740-0001,7021,0.0,0.0,0.0,0.0,0.0,Della had a young sister named Maria and a cousin whose name was Jane.
xtts,7021-79740-0001,7021,0.0714285714285714,0.0714285714285714,0.0,0.0,0.0289855072463768,Stella had a young sister named Maria and a cousin whose name was Jane.
chatterbox,7021-79740-0001,7021,0.0,0.0,0.0,0.0,0.0,Della had a young sister named Maria and a cousin whose name was Jane.
indextts,7021-79740-0001,7021,0.0,0.0,0.0,0.0,0.0,Della had a young sister named Maria and a cousin whose name was Jane.
cosyvoice3,7021-79740-0001,7021,0.0,0.0,0.0,0.0,0.0,Della had a young sister named Maria and a cousin whose name was Jane.
real,7021-85628-0005,7021,0.0,0.0,0.0,0.0,0.0,"Seeing that I am so fine, I may as well go and visit the king."
f5tts,7021-85628-0005,7021,0.0,0.0,0.0,0.0,0.0,"Seeing that I am so fine, I may as well go and visit the king."
xtts,7021-85628-0005,7021,0.0666666666666666,0.0,0.0666666666666666,0.0,0.0666666666666666,"Seeing that I am so fine, I may as well go and visit King."
chatterbox,7021-85628-0005,7021,0.0,0.0,0.0,0.0,0.0,"Seeing that I am so fine, I may as well go and visit the king."
indextts,7021-85628-0005,7021,0.0,0.0,0.0,0.0,0.0,"Seeing that I am so fine, I may as well go and visit the king."
cosyvoice3,7021-85628-0005,7021,0.0,0.0,0.0,0.0,0.0,"Seeing that I am so fine, I may as well go and visit the king."
real,7021-85628-0006,7021,0.0,0.0,0.0,0.0,0.0,"I am going to the court ball, answered Anders."
f5tts,7021-85628-0006,7021,0.2222222222222222,0.2222222222222222,0.0,0.0,0.0454545454545454,"""'I am going to the court ball,' answered Anders."
xtts,7021-85628-0006,7021,0.0,0.0,0.0,0.0,0.0,"I am going to the court, Ball answered Anders."
chatterbox,7021-85628-0006,7021,0.0,0.0,0.0,0.0,0.0,"I am going to the court ball, answered Anders."
indextts,7021-85628-0006,7021,0.0,0.0,0.0,0.0,0.0,i am going to the court ball answered anders
cosyvoice3,7021-85628-0006,7021,0.0,0.0,0.0,0.0,0.0,i am going to the court ball answered anders
real,7021-79740-0012,7021,0.0,0.0,0.0,0.0,0.0,"said she, pointing to the playthings.  See?"
f5tts,7021-79740-0012,7021,0.2857142857142857,0.2857142857142857,0.0,0.0,0.0512820512820512,"said she, pointing to the plaything's sea."
xtts,7021-79740-0012,7021,0.5714285714285714,0.1428571428571428,0.0,0.4285714285714285,0.282051282051282,"said she, pointing to the playthings.  Si, men are you."
chatterbox,7021-79740-0012,7021,0.0,0.0,0.0,0.0,0.0,"said she, pointing to the playthings, see."
indextts,7021-79740-0012,7021,0.2857142857142857,0.2857142857142857,0.0,0.0,0.0512820512820512,"said she, pointing to the plaything sea."
cosyvoice3,7021-79740-0012,7021,0.0,0.0,0.0,0.0,0.0,"said she, pointing to the playthings.  See?"
real,7021-79759-0000,7021,0.0,0.0,0.0,0.0,0.0,Nature of the Effect Produced by Early Impressions
f5tts,7021-79759-0000,7021,0.0,0.0,0.0,0.0,0.0,Nature of the effect produced by early impressions.
xtts,7021-79759-0000,7021,0.0,0.0,0.0,0.0,0.0,nature of the effect produced by early impressions.
chatterbox,7021-79759-0000,7021,0.0,0.0,0.0,0.0,0.0,Nature of the effect produced by early impressions
indextts,7021-79759-0000,7021,0.0,0.0,0.0,0.0,0.0,Nature of the effect produced by early impressions
cosyvoice3,7021-79759-0000,7021,0.0,0.0,0.0,0.0,0.0,Nature of the effect produced by early impressions
real,7021-79740-0007,7021,0.0,0.0,0.0,0.0,0.0,then turning to jane she asked in a somewhat altered tone has she been a good girl jane
f5tts,7021-79740-0007,7021,0.0,0.0,0.0,0.0,0.0,"Then turning to Jane, she asked in a somewhat altered tone,  Has she been a good girl, Jane?"
xtts,7021-79740-0007,7021,0.0,0.0,0.0,0.0,0.0,"Then, turning to Jane, she asked in a somewhat altered tone,  Has she been a good girl, Jane?"
chatterbox,7021-79740-0007,7021,0.0,0.0,0.0,0.0,0.0,"Then turning to Jane, she asked in a somewhat altered tone,  Has she been a good girl, Jane?"
indextts,7021-79740-0007,7021,0.0,0.0,0.0,0.0,0.0,then turning to jane she asked in a somewhat altered tone has she been a good girl jane
cosyvoice3,7021-79740-0007,7021,0.0,0.0,0.0,0.0,0.0,"Then turning to Jane, she asked in a somewhat altered tone,  Has she been a good girl, Jane?"
real,7021-85628-0010,7021,0.0,0.0,0.0,0.0,0.0,on huge silver platters were pyramids of tarts and cakes and red wine sparkled in glittering decanters
f5tts,7021-85628-0010,7021,0.0,0.0,0.0,0.0,0.0,"On huge silver platters were pyramids of tarts and cakes, and red wine sparkled in glittering decanters."
xtts,7021-85628-0010,7021,0.0,0.0,0.0,0.0,0.0,"On huge silver platters were pyramids of tarts and cakes and red wine,  sparkled in glittering decanters."
chatterbox,7021-85628-0010,7021,0.0,0.0,0.0,0.0,0.0,"On huge silver platters were pyramids of tarts and cakes,  and red wine sparkled in glittering decanters."
indextts,7021-85628-0010,7021,0.0,0.0,0.0,0.0,0.0,on huge silver platters were pyramids of tarts and cakes and red wine sparkled in glittering decanters
cosyvoice3,7021-85628-0010,7021,0.0,0.0,0.0,0.0,0.0,on huge silver platters were pyramids of tarts and cakes and red wine sparkled in glittering decanters
real,7021-79740-0004,7021,0.125,0.125,0.0,0.0,0.0246913580246913,"You have come, Andela, Andela was the name of Jane's doll, to make Rosalie a visit."
f5tts,7021-79740-0004,7021,0.25,0.125,0.0,0.125,0.0493827160493827,"You have come in Della and Della, was the name of Jane's doll, to make Rosalie a visit."
xtts,7021-79740-0004,7021,0.125,0.125,0.0,0.0,0.0246913580246913,"You have come, Andela, Andela, was the name of Jane's doll, to make Rosalie a visit."
chatterbox,7021-79740-0004,7021,0.125,0.125,0.0,0.0,0.0246913580246913,you have come andela andela was the name of jane's doll to make rosalie a visit
indextts,7021-79740-0004,7021,0.125,0.125,0.0,0.0,0.0246913580246913,"You have come, Andela, Andela was the name of Jane's doll to make Rosalie a visit."
cosyvoice3,7021-79740-0004,7021,0.0,0.0,0.0,0.0,0.0,"You have come, Andella. Andella was the name of Jane's doll to make Rosalie a visit."
real,7021-85628-0018,7021,0.0,0.0,0.0,0.0,0.0,"And it is made of mother's best yarn, and she knitted it herself, and everybody wants  to get it away from me."
f5tts,7021-85628-0018,7021,0.0,0.0,0.0,0.0,0.0,And it is made of mother's best yarn and she knitted it herself and everybody wants to get it away from me
xtts,7021-85628-0018,7021,0.0,0.0,0.0,0.0,0.0,"And it is made of mother's best yarn, and she knitted it herself, and everybody wants to get it away from me."
chatterbox,7021-85628-0018,7021,0.0,0.0,0.0,0.0,0.0,and it is made of mother's best yarn and she knitted it herself  and everybody wants to get it away from me.
indextts,7021-85628-0018,7021,0.0,0.0,0.0,0.0,0.0,"and it is made of mother's best yarn, and she knitted it herself, and everybody wants to get  it away from me."
cosyvoice3,7021-85628-0018,7021,0.0,0.0,0.0,0.0,0.0,"And it is made of mother's best yarn, and she knitted it herself.  And everybody wants to get it away from me."
real,4507-16021-0005,4507,0.0,0.0,0.0,0.0,0.0,We have never understood this sort of objections.
f5tts,4507-16021-0005,4507,0.0,0.0,0.0,0.0,0.0,We have never understood this sort of objections.
xtts,4507-16021-0005,4507,0.25,0.0,0.0,0.25,0.2291666666666666,"We have never understood this sort of objections.  Watch, girl."
chatterbox,4507-16021-0005,4507,0.0,0.0,0.0,0.0,0.0,we have never understood this sort of objections
indextts,4507-16021-0005,4507,0.0,0.0,0.0,0.0,0.0,We have never understood this sort of objections.
cosyvoice3,4507-16021-0005,4507,0.0,0.0,0.0,0.0,0.0,We have never understood this sort of objections.
real,4507-16021-0003,4507,0.0,0.0,0.0,0.0,0.0,"She has a son, theft, and a daughter, hunger."
f5tts,4507-16021-0003,4507,0.0,0.0,0.0,0.0,0.0,She has a son theft and a daughter hunger.
xtts,4507-16021-0003,4507,0.1111111111111111,0.0,0.0,0.1111111111111111,0.073170731707317,She has a son in theft and a daughter hunger.
chatterbox,4507-16021-0003,4507,0.0,0.0,0.0,0.0,0.0,She has a son theft and a daughter hunger.
indextts,4507-16021-0003,4507,0.0,0.0,0.0,0.0,0.0,She has a son theft and a daughter hunger.
cosyvoice3,4507-16021-0003,4507,0.0,0.0,0.0,0.0,0.0,she has a son theft and a daughter hunger
real,4507-16021-0015,4507,0.0,0.0,0.0,0.0,0.0,since when has malady banished medicine
f5tts,4507-16021-0015,4507,0.0,0.0,0.0,0.0,0.0,Since when has malady banished medicine?
xtts,4507-16021-0015,4507,0.0,0.0,0.0,0.0,0.0,since when has malady banished medicine?
chatterbox,4507-16021-0015,4507,0.0,0.0,0.0,0.0,0.0,Since when has malady banished medicine?
indextts,4507-16021-0015,4507,0.0,0.0,0.0,0.0,0.0,Since when has malady banished medicine?
cosyvoice3,4507-16021-0015,4507,0.0,0.0,0.0,0.0,0.0,since when has malady banished medicine
real,4507-16021-0052,4507,0.0,0.0,0.0,0.0,0.0,"The real human division is this, the luminous and the shady."
f5tts,4507-16021-0052,4507,0.0,0.0,0.0,0.0,0.0,The real human division is this the luminous and the shady.
xtts,4507-16021-0052,4507,0.0,0.0,0.0,0.0,0.0,"The real human division is this, the luminous and the shady."
chatterbox,4507-16021-0052,4507,0.0,0.0,0.0,0.0,0.0,"The real human division is this, the luminous and the shady."
indextts,4507-16021-0052,4507,0.0,0.0,0.0,0.0,0.0,the real human division is this the luminous and the shady
cosyvoice3,4507-16021-0052,4507,0.0,0.0,0.0,0.0,0.0,"The real human division is this, the luminous and the shady."
real,4507-16021-0053,4507,0.0555555555555555,0.0,0.0,0.0555555555555555,0.0434782608695652,to diminish the number of the shady to augment the number of the luminous that is the object  you
f5tts,4507-16021-0053,4507,0.0555555555555555,0.0,0.0,0.0555555555555555,0.0434782608695652,to diminish the number of the shady to augment the number of the luminous that is the object  you
xtts,4507-16021-0053,4507,0.0555555555555555,0.0,0.0555555555555555,0.0,0.0326086956521739,2. Diminish the number of the shady to augment the number of the luminous that is the object.
chatterbox,4507-16021-0053,4507,0.0,0.0,0.0,0.0,0.0,to diminish the number of the shady to augment the number of the luminous that is the object
indextts,4507-16021-0053,4507,0.0555555555555555,0.0,0.0,0.0555555555555555,0.0434782608695652,to diminish the number of the shady to augment the number of the luminous that is the object  you
cosyvoice3,4507-16021-0053,4507,0.0,0.0,0.0,0.0,0.0,"To diminish the number of the shady, to augment the number of the luminous, that is the object."
real,4507-16021-0008,4507,0.0,0.0,0.0,0.0,0.0,Who denies that? Of course it does.
f5tts,4507-16021-0008,4507,0.0,0.0,0.0,0.0,0.0,"Who denies that, of course, it does?"
xtts,4507-16021-0008,4507,0.0,0.0,0.0,0.0,0.0,Who denies that?  Of course it does.
chatterbox,4507-16021-0008,4507,0.0,0.0,0.0,0.0,0.0,who denies that of course it does.
indextts,4507-16021-0008,4507,0.0,0.0,0.0,0.0,0.0,"Who denies that, of course, it does?"
cosyvoice3,4507-16021-0008,4507,0.0,0.0,0.0,0.0,0.0,Who denies that? Of course it does.
real,4507-16021-0056,4507,0.0,0.0,0.0,0.0,0.0,however he who says light does not necessarily say joy
f5tts,4507-16021-0056,4507,0.0,0.0,0.0,0.0,0.0,"However, he who says light does not necessarily say joy."
xtts,4507-16021-0056,4507,0.0,0.0,0.0,0.0,0.0,"However, he who says light does not necessarily say joy."
chatterbox,4507-16021-0056,4507,0.0,0.0,0.0,0.0,0.0,"However, he who says light does not necessarily say joy."
indextts,4507-16021-0056,4507,0.0,0.0,0.0,0.0,0.0,"However, he who says light does not necessarily say joy."
cosyvoice3,4507-16021-0056,4507,0.0,0.0,0.0,0.0,0.0,"However, he who says light does not necessarily say joy."
real,4507-16021-0035,4507,0.0,0.0,0.0,0.0,0.0,"True history being a mixture of all things, the true historian mingles in everything."
f5tts,4507-16021-0035,4507,0.0,0.0,0.0,0.0,0.0,true history being a mixture of all things the true historian mingles in everything
xtts,4507-16021-0035,4507,0.0,0.0,0.0,0.0,0.0,"True history being a mixture of all things, the true historian mingles in everything."
chatterbox,4507-16021-0035,4507,0.0,0.0,0.0,0.0,0.0,"True history being a mixture of all things, the true historian mingles in everything."
indextts,4507-16021-0035,4507,0.0,0.0,0.0,0.0,0.0,true history being a mixture of all things the true historian mingles in everything
cosyvoice3,4507-16021-0035,4507,0.0,0.0,0.0,0.0,0.0,"True history being a mixture of all things, the true historian mingles in everything."
real,4507-16021-0011,4507,0.0,0.0,0.0,0.0,0.0,Why should one not explore everything and study everything?
f5tts,4507-16021-0011,4507,0.0,0.0,0.0,0.0,0.0,Why should one not explore everything and study everything?
xtts,4507-16021-0011,4507,0.0,0.0,0.0,0.0,0.0,Why should one not explore everything and study everything?
chatterbox,4507-16021-0011,4507,0.0,0.0,0.0,0.0,0.0,Why should one not explore everything and study everything?
indextts,4507-16021-0011,4507,0.0,0.0,0.0,0.0,0.0,why should one not explore everything and study everything
cosyvoice3,4507-16021-0011,4507,0.0,0.0,0.0,0.0,0.0,Why should one not explore everything and study everything?
real,4507-16021-0033,4507,0.0,0.0,0.0,0.0,0.0,do we really know the mountain well when we are not acquainted with the cavern
f5tts,4507-16021-0033,4507,0.0,0.0,0.0,0.0,0.0,Do we really know the mountain well when we are not acquainted with the cavern?
xtts,4507-16021-0033,4507,0.0,0.0,0.0,0.0,0.0,Do we really know the mountain well  when we are not acquainted with the cavern?
chatterbox,4507-16021-0033,4507,0.0,0.0,0.0,0.0,0.0,Do we really know the mountain well when we are not acquainted with the cavern?
indextts,4507-16021-0033,4507,0.0,0.0,0.0,0.0,0.0,"Do we really know the mountain well, when we are not acquainted with the cavern?"
cosyvoice3,4507-16021-0033,4507,0.0,0.0,0.0,0.0,0.0,Do we really know the mountain well when we are not acquainted with the cavern?
real,5683-32879-0023,5683,0.0,0.0,0.0,0.0,0.0,"You resemble me, Rachel. You are fearless and inflexible and generous."
f5tts,5683-32879-0023,5683,0.0,0.0,0.0,0.0,0.0,"You resemble me, Rachel. You are fearless and inflexible and generous."
xtts,5683-32879-0023,5683,0.0,0.0,0.0,0.0,0.0,"You resemble me, Rachel. You are fearless and inflexible and generous."
chatterbox,5683-32879-0023,5683,0.0,0.0,0.0,0.0,0.0,"You resemble me, Rachel. You are fearless and inflexible and generous."
indextts,5683-32879-0023,5683,0.0,0.0,0.0,0.0,0.0,"You resemble me, Rachel. You are fearless and inflexible and generous."
cosyvoice3,5683-32879-0023,5683,0.0,0.0,0.0,0.0,0.0,"You resemble me, Rachel. You are fearless and inflexible and generous."
real,5683-32866-0027,5683,0.0,0.0,0.0,0.0,0.0,A cold bright moon was shining with clear sharp lights and shadows.
f5tts,5683-32866-0027,5683,0.0,0.0,0.0,0.0,0.0,A cold bright moon was shining with clear sharp lights and shadows.
xtts,5683-32866-0027,5683,0.0,0.0,0.0,0.0,0.0,"A cold, bright moon was shining with clear, sharp lights and shadows."
chatterbox,5683-32866-0027,5683,0.0,0.0,0.0,0.0,0.0,"A cold, bright moon was shining with clear, sharp lights and shadows."
indextts,5683-32866-0027,5683,0.0,0.0,0.0,0.0,0.0,a cold bright moon was shining with clear sharp lights and shadows
cosyvoice3,5683-32866-0027,5683,0.0,0.0,0.0,0.0,0.0,a cold bright moon was shining with clear sharp lights and shadows
real,5683-32865-0013,5683,0.0,0.0,0.0,0.0,0.0,"do you know? Lake? Oh, I really can't tell, but he'll soon tire of country life."
f5tts,5683-32865-0013,5683,0.0625,0.0625,0.0,0.0,0.0133333333333333,"Do you know Lake O? I really can't tell, but he'll soon tire of country life."
xtts,5683-32865-0013,5683,0.0,0.0,0.0,0.0,0.0,"Do you know Lake? Oh, I really can't tell, but he'll soon tire of country life."
chatterbox,5683-32865-0013,5683,0.0625,0.0,0.0625,0.0,0.04,"Do you know Lake?  I really can't tell, but he'll soon tire of country life."
indextts,5683-32865-0013,5683,0.0,0.0,0.0,0.0,0.0,"Do you know Lake? Oh, I really can't tell, but he'll soon tire of country life."
cosyvoice3,5683-32865-0013,5683,0.0,0.0,0.0,0.0,0.0,"Do you know Lake? Oh, I really can't tell, but he'll soon tire of country life."
real,5683-32866-0001,5683,0.0,0.0,0.0,0.0,0.0,and he added something still less complimentary.
f5tts,5683-32866-0001,5683,0.0,0.0,0.0,0.0,0.0,And he added something still less complimentary.
xtts,5683-32866-0001,5683,0.0,0.0,0.0,0.0,0.0,and he added something still less complimentary.
chatterbox,5683-32866-0001,5683,0.0,0.0,0.0,0.0,0.0,And he added something still less complimentary.
indextts,5683-32866-0001,5683,0.0,0.0,0.0,0.0,0.0,and he added something still less complimentary.
cosyvoice3,5683-32866-0001,5683,0.0,0.0,0.0,0.0,0.0,and he added something still less complimentary.
real,5683-32866-0011,5683,0.0,0.0,0.0,0.0,0.0,their walk continued silent for the greater part neither was quite satisfied with the other but rachel at last said
f5tts,5683-32866-0011,5683,0.0,0.0,0.0,0.0,0.0,"Their walk continued silent, for the greater part neither was quite satisfied with the other, but Rachel at last said,"
xtts,5683-32866-0011,5683,0.0,0.0,0.0,0.0,0.0,"Their walk continued silent for the greater part.  Neither was quite satisfied with the other.  But Rachel at last said,"
chatterbox,5683-32866-0011,5683,0.0,0.0,0.0,0.0,0.0,their walk continued silent for the greater part neither was quite satisfied with the other but rachel at last said
indextts,5683-32866-0011,5683,0.0,0.0,0.0,0.0,0.0,their walk continued silent for the greater part neither was quite satisfied with the other but rachel at last said
cosyvoice3,5683-32866-0011,5683,0.0,0.0,0.0,0.0,0.0,their walk continued silent for the greater part neither was quite satisfied with the other but rachel at last said
real,5683-32866-0020,5683,0.0,0.0,0.0,0.0,0.0,"The floor, more than anything else, showed the great age of the room."
f5tts,5683-32866-0020,5683,0.0,0.0,0.0,0.0,0.0,The floor more than anything else showed the great age of the room.
xtts,5683-32866-0020,5683,0.0,0.0,0.0,0.0,0.0,"The floor, more than anything else, showed the great age of the room."
chatterbox,5683-32866-0020,5683,0.0,0.0,0.0,0.0,0.0,"The floor, more than anything else, showed the great age of the room."
indextts,5683-32866-0020,5683,0.0,0.0,0.0,0.0,0.0,"The floor, more than anything else, showed the great age of the room."
cosyvoice3,5683-32866-0020,5683,0.0,0.0,0.0,0.0,0.0,"The floor, more than anything else, showed the great age of the room."
real,5683-32879-0020,5683,0.0,0.0,0.0,0.0,0.0,"And she threw her arms round her cousin's neck, and brave Rachel at last burst into tears."
f5tts,5683-32879-0020,5683,0.0,0.0,0.0,0.0,0.0,And she threw her arms round her cousin's neck and brave Rachel at last burst into tears.
xtts,5683-32879-0020,5683,0.0588235294117647,0.0588235294117647,0.0,0.0,0.0113636363636363,and she threw her arms around her cousin's neck and brave Rachel at last burst into tears.
chatterbox,5683-32879-0020,5683,0.0,0.0,0.0,0.0,0.0,"And she threw her arms round her cousin's neck, and brave Rachel at last burst into tears."
indextts,5683-32879-0020,5683,0.0,0.0,0.0,0.0,0.0,"and she threw her arms round her cousin's neck, and brave Rachel at last burst into tears."
cosyvoice3,5683-32879-0020,5683,0.0,0.0,0.0,0.0,0.0,"and she threw her arms round her cousin's neck, and brave Rachel at last burst into tears."
real,5683-32865-0015,5683,0.0,0.0,0.0,0.0,0.0,I had a horrid dream about him last night.  That?
f5tts,5683-32865-0015,5683,0.0,0.0,0.0,0.0,0.0,I had a horrid dream about him last night that
xtts,5683-32865-0015,5683,0.0,0.0,0.0,0.0,0.0,I had a horrid dream about him last night that...
chatterbox,5683-32865-0015,5683,0.0,0.0,0.0,0.0,0.0,I had a horrid dream about him last night that...
indextts,5683-32865-0015,5683,0.0,0.0,0.0,0.0,0.0,I had a horrid dream about him last night that...
cosyvoice3,5683-32865-0015,5683,0.0,0.0,0.0,0.0,0.0,I had a horrid dream about him last night that
real,5683-32865-0010,5683,0.1875,0.1875,0.0,0.0,0.0348837209302325,"""'I was thinking it's very like the Ace of Hearts,'  ""'answered the captain softly, smiling on."
f5tts,5683-32865-0010,5683,0.0,0.0,0.0,0.0,0.0,"I was thinking it's very like the Ace of Hearts, answered the captain, softly smiling on."
xtts,5683-32865-0010,5683,0.0,0.0,0.0,0.0,0.0,"I was thinking it's very like the Ace of Hearts, answered the captain, softly smiling on."
chatterbox,5683-32865-0010,5683,0.0,0.0,0.0,0.0,0.0,"I was thinking it's very like the Ace of Hearts, answered the captain, softly smiling on."
indextts,5683-32865-0010,5683,0.125,0.0625,0.0,0.0625,0.0232558139534883,"I was thinking it is very like the Ace of Hearts, answered the captain softly, smiling on."
cosyvoice3,5683-32865-0010,5683,0.0,0.0,0.0,0.0,0.0,i was thinking it's very like the ace of hearts answered the captain softly smiling on
real,5683-32879-0007,5683,0.0,0.0,0.0,0.0,0.0,Rachel's pale and sharpened features and dilated eye struck her with a painful surprise.
f5tts,5683-32879-0007,5683,0.0,0.0,0.0,0.0,0.0,Rachel's pale and sharpened features and dilated eye struck her with a painful surprise.
xtts,5683-32879-0007,5683,0.0,0.0,0.0,0.0,0.0,Rachel's pale and sharpened features and dilated eye struck her with a painful surprise.
chatterbox,5683-32879-0007,5683,0.0,0.0,0.0,0.0,0.0,Rachel's pale and sharpened features and dilated eye struck her with a painful surprise.
indextts,5683-32879-0007,5683,0.0,0.0,0.0,0.0,0.0,Rachel's pale and sharpened features and dilated eye struck her with a painful surprise.
cosyvoice3,5683-32879-0007,5683,0.0,0.0,0.0,0.0,0.0,Rachel's pale and sharpened features and dilated eye struck her with a painful surprise.
real,7127-75946-0010,7127,0.0,0.0,0.0,0.0,0.0,"Your Majesty's plan, then, in this affair is..."
f5tts,7127-75946-0010,7127,0.0,0.0,0.0,0.0,0.0,"Your Majesty's plan, then, in this affair is—"
xtts,7127-75946-0010,7127,0.0,0.0,0.0,0.0,0.0,"Your Majesty's plan, then, in this affair is?"
chatterbox,7127-75946-0010,7127,0.0,0.0,0.0,0.0,0.0,"Your Majesty's plan, then, in this affair is—"
indextts,7127-75946-0010,7127,0.0,0.0,0.0,0.0,0.0,"Your Majesty's plan, then, in this affair, is—"
cosyvoice3,7127-75946-0010,7127,0.0,0.0,0.0,0.0,0.0,"Your Majesty's plan, then, in this affair is—"
real,7127-75947-0010,7127,0.0,0.0,0.0,0.0,0.0,when she perceived the young man she rose like a woman surprised in the midst of ideas she was desirous of concealing from herself
f5tts,7127-75947-0010,7127,0.0,0.0,0.0,0.0,0.0,When she perceived the young man she rose like a woman surprised in the midst of ideas  she was desirous of concealing from herself.
xtts,7127-75947-0010,7127,0.0,0.0,0.0,0.0,0.0,"When she perceived the young man, she rose like a woman, surprised in the midst of ideas.  She was desirous of concealing from herself."
chatterbox,7127-75947-0010,7127,0.0,0.0,0.0,0.0,0.0,when she perceived the young man she rose like a woman surprised in the midst of ideas she was desirous of concealing from herself
indextts,7127-75947-0010,7127,0.0,0.0,0.0,0.0,0.0,when she perceived the young man she rose like a woman surprised in the midst of ideas she was desirous of concealing from herself
cosyvoice3,7127-75947-0010,7127,0.0,0.0,0.0,0.0,0.0,when she perceived the young man she rose like a woman surprised in the midst of ideas she was desirous of concealing from herself
real,7127-75946-0011,7127,0.0,0.0,0.0,0.0,0.0,You will take them from my private treasure.
f5tts,7127-75946-0011,7127,0.0,0.0,0.0,0.0,0.0,You will take them from my private treasure.
xtts,7127-75946-0011,7127,0.0,0.0,0.0,0.0,0.0,You will take them from my private treasure.
chatterbox,7127-75946-0011,7127,0.0,0.0,0.0,0.0,0.0,You will take them from my private treasure.
indextts,7127-75946-0011,7127,0.0,0.0,0.0,0.0,0.0,You will take them from my private treasure.
cosyvoice3,7127-75946-0011,7127,0.0,0.0,0.0,0.0,0.0,You will take them from my private treasure.
real,7127-75947-0011,7127,0.0,0.0,0.0,0.0,0.0,remain i implore you the evening is most lovely
f5tts,7127-75947-0011,7127,0.0,0.0,0.0,0.0,0.0,"Remain, I implore you, the evening is most lovely."
xtts,7127-75947-0011,7127,0.0,0.0,0.0,0.0,0.0,"Remain. I implore you, the evening is most lovely."
chatterbox,7127-75947-0011,7127,0.0,0.0,0.0,0.0,0.0,"Remain, I implore you, the evening is most lovely."
indextts,7127-75947-0011,7127,0.0,0.0,0.0,0.0,0.0,"Remain, I implore you, the evening is most lovely."
cosyvoice3,7127-75947-0011,7127,0.0,0.0,0.0,0.0,0.0,"Remain, I implore you. The evening is most lovely."
real,7127-75946-0004,7127,0.2727272727272727,0.2727272727272727,0.0,0.0,0.0769230769230769,"""'Certainly, sire, but I must have money to do that.'  ""'What?'"
f5tts,7127-75946-0004,7127,0.0909090909090909,0.0,0.0909090909090909,0.0,0.0961538461538461,"Certainly, sire, but I must have money to do that."
xtts,7127-75946-0004,7127,0.0909090909090909,0.0,0.0,0.0909090909090909,0.0961538461538461,"Certainly, sire.  But I must have money to do that, what?  What?"
chatterbox,7127-75946-0004,7127,0.1818181818181818,0.1818181818181818,0.0,0.0,0.0384615384615384,"""'Certainly, sire. But I must have money to do that. What?'"
indextts,7127-75946-0004,7127,0.0,0.0,0.0,0.0,0.0,"Certainly, sire, but I must have money to do that what?"
cosyvoice3,7127-75946-0004,7127,0.0,0.0,0.0,0.0,0.0,certainly sire but i must have money to do that what
real,7127-75946-0006,7127,0.0,0.0,0.0,0.0,0.0,he has given them with too much grace not to have others still to give if they are required which is the case at the present moment
f5tts,7127-75946-0006,7127,0.0,0.0,0.0,0.0,0.0,"He has given them with too much grace not to have others still to give if they are required,  which is the case at the present moment."
xtts,7127-75946-0006,7127,0.0,0.0,0.0,0.0,0.0,"He has given them with too much grace not to have others still to give,  if they are required, which is the case at the present moment."
chatterbox,7127-75946-0006,7127,0.0,0.0,0.0,0.0,0.0,he has given them with too much grace not to have others still to give if they are required which is the case at the present moment
indextts,7127-75946-0006,7127,0.0,0.0,0.0,0.0,0.0,he has given them with too much grace not to have others still to give if they are required which is the case at the present moment
cosyvoice3,7127-75946-0006,7127,0.0,0.0,0.0,0.0,0.0,he has given them with too much grace not to have others still to give if they are required which is the case at the present moment
real,7127-75947-0015,7127,0.0,0.0,0.0,0.0,0.0,"There cannot be a doubt he received you kindly, for in fact you returned without his permission."
f5tts,7127-75947-0015,7127,0.0,0.0,0.0,0.0,0.0,"There cannot be a doubt he received you kindly, for in fact you returned without his permission."
xtts,7127-75947-0015,7127,0.0,0.0,0.0,0.0,0.0,"There cannot be a doubt he received you kindly, for, in fact, you returned without his permission."
chatterbox,7127-75947-0015,7127,0.0,0.0,0.0,0.0,0.0,"There cannot be a doubt he received you kindly, for in fact you returned without his permission."
indextts,7127-75947-0015,7127,0.0,0.0,0.0,0.0,0.0,there cannot be a doubt he received you kindly for in fact you returned without his permission
cosyvoice3,7127-75947-0015,7127,0.0,0.0,0.0,0.0,0.0,"There cannot be a doubt he received you kindly, for in fact you returned without his permission."
real,7127-75947-0007,7127,0.0,0.0,0.0,0.0,0.0,she then rose humming the air to which she was presently going to dance
f5tts,7127-75947-0007,7127,0.0,0.0,0.0,0.0,0.0,She then rose humming the air to which she was presently going to dance.
xtts,7127-75947-0007,7127,0.0,0.0,0.0,0.0,0.0,"She then rose, humming the air to which she was presently going to dance."
chatterbox,7127-75947-0007,7127,0.0,0.0,0.0,0.0,0.0,She then rose humming the air to which she was presently going to dance.
indextts,7127-75947-0007,7127,0.0,0.0,0.0,0.0,0.0,"She then rose, humming the air to which she was presently going to dance."
cosyvoice3,7127-75947-0007,7127,0.0,0.0,0.0,0.0,0.0,"She then rose, humming the air, to which she was presently going to dance."
real,7127-75946-0023,7127,0.2222222222222222,0.1111111111111111,0.1111111111111111,0.0,0.0196078431372549,The king seemed only pleased with everyone present.
f5tts,7127-75946-0023,7127,0.0,0.0,0.0,0.0,0.0,The king seemed only pleased with every one present.
xtts,7127-75946-0023,7127,0.2222222222222222,0.1111111111111111,0.1111111111111111,0.0,0.0196078431372549,The king seemed only pleased with everyone present.
chatterbox,7127-75946-0023,7127,0.2222222222222222,0.1111111111111111,0.1111111111111111,0.0,0.0196078431372549,The king seemed only pleased with everyone present.
indextts,7127-75946-0023,7127,0.2222222222222222,0.1111111111111111,0.1111111111111111,0.0,0.0196078431372549,The king seemed only pleased with everyone present.
cosyvoice3,7127-75946-0023,7127,0.2222222222222222,0.1111111111111111,0.1111111111111111,0.0,0.0196078431372549,The king seemed only pleased with everyone present.
real,7176-88083-0016,7176,0.0,0.0,0.0,0.0,0.0,"Straightway, the hawk glided from his perch and darted after him."
f5tts,7176-88083-0016,7176,0.0,0.0,0.0,0.0,0.0,Straightway the hawk glided from his perch and darted after him.
xtts,7176-88083-0016,7176,0.0,0.0,0.0,0.0,0.0,Straightway the hawk glided from his perch and darted after him.
chatterbox,7176-88083-0016,7176,0.0,0.0,0.0,0.0,0.0,Straightway the hawk glided from his perch and darted after him.
indextts,7176-88083-0016,7176,0.1818181818181818,0.0909090909090909,0.0,0.0909090909090909,0.0158730158730158,straight way. The hawk glided from his perch and darted after him.
cosyvoice3,7176-88083-0016,7176,0.0,0.0,0.0,0.0,0.0,Straightway the hawk glided from his perch and darted after him.
real,7176-92135-0016,7176,0.0,0.0,0.0,0.0,0.0,"This would be an easy way of doing it, but it would not be the best way,  for the reason that it is too easy to call attention to itself."
f5tts,7176-92135-0016,7176,0.0,0.0,0.0,0.0,0.0,"This would be an easy way of doing it, but it would not be the best way for the reason that it is too easy to call attention to itself."
xtts,7176-92135-0016,7176,0.0,0.0,0.0,0.0,0.0,"This would be an easy way of doing it, but it would not be the best way for the reason that it is too easy to call attention to itself."
chatterbox,7176-92135-0016,7176,0.0,0.0,0.0,0.0,0.0,"This would be an easy way of doing it, but it would not be the best way for the reason that it is too easy to call attention to itself."
indextts,7176-92135-0016,7176,0.0,0.0,0.0,0.0,0.0,"This would be an easy way of doing it, but it would not be the best way for the reason that it is too easy to call attention to itself."
cosyvoice3,7176-92135-0016,7176,0.0,0.0,0.0,0.0,0.0,"This would be an easy way of doing it, but it would not be the best way for the reason that it is too easy to call attention to itself."
real,7176-92135-0013,7176,0.0,0.0,0.0,0.0,0.0,"We moderns, however, see the absurdity of it."
f5tts,7176-92135-0013,7176,0.0,0.0,0.0,0.0,0.0,"We moderns, however, see the absurdity of it."
xtts,7176-92135-0013,7176,0.0,0.0,0.0,0.0,0.0,"We moderns, however, see the absurdity of it."
chatterbox,7176-92135-0013,7176,0.0,0.0,0.0,0.0,0.0,"We moderns, however, see the absurdity of it."
indextts,7176-92135-0013,7176,0.0,0.0,0.0,0.0,0.0,"We moderns, however, see the absurdity of it."
cosyvoice3,7176-92135-0013,7176,0.0,0.0,0.0,0.0,0.0,"We moderns, however, see the absurdity of it."
real,7176-92135-0035,7176,0.1428571428571428,0.1428571428571428,0.0,0.0,0.048780487804878,"Then, Lord Tupany, well, what about auction?"
f5tts,7176-92135-0035,7176,0.2857142857142857,0.1428571428571428,0.1428571428571428,0.0,0.073170731707317,"Then, Lord Tupanywell, what about auction?"
xtts,7176-92135-0035,7176,0.1428571428571428,0.1428571428571428,0.0,0.0,0.048780487804878,"Then, Lord Tupany, well, what about auction?"
chatterbox,7176-92135-0035,7176,0.1428571428571428,0.1428571428571428,0.0,0.0,0.073170731707317,then lord twopenny well what about auction
indextts,7176-92135-0035,7176,0.1428571428571428,0.1428571428571428,0.0,0.0,0.048780487804878,"Then Lord Tupany, well, what about auction?"
cosyvoice3,7176-92135-0035,7176,0.1428571428571428,0.1428571428571428,0.0,0.0,0.048780487804878,"Then, Lord Tupany, well, what about auction?"
real,7176-92135-0018,7176,0.074074074074074,0.037037037037037,0.037037037037037,0.0,0.0068027210884353,"In the modern, well-constructed play, he simply rings up an imaginary confederate and tells him what he is going to do.  Could anything be more natural?"
f5tts,7176-92135-0018,7176,0.074074074074074,0.037037037037037,0.037037037037037,0.0,0.0068027210884353,"In the modern well-constructed play, he simply rings up an imaginary confederate  and tells him what he is going to do could anything be more natural."
xtts,7176-92135-0018,7176,0.074074074074074,0.037037037037037,0.037037037037037,0.0,0.0068027210884353,"In the modern, well-constructed play, he simply rings up an imaginary confederate  and tells him what he is going to do, could anything be more natural."
chatterbox,7176-92135-0018,7176,0.074074074074074,0.037037037037037,0.037037037037037,0.0,0.0068027210884353,"In the modern well-constructed play, he simply rings up an imaginary confederate  and tells him what he is going to do, could anything be more natural."
indextts,7176-92135-0018,7176,0.074074074074074,0.037037037037037,0.037037037037037,0.0,0.0068027210884353,"In the modern, well-constructed play, he simply rings up an imaginary confederate  and tells him what he is going to do, could anything be more natural."
cosyvoice3,7176-92135-0018,7176,0.074074074074074,0.037037037037037,0.037037037037037,0.0,0.0068027210884353,"In the modern well-constructed play, he simply rings up an imaginary confederate  and tells him what he is going to do. Could anything be more natural?"
real,7176-88083-0024,7176,0.0869565217391304,0.0434782608695652,0.0434782608695652,0.0,0.0084033613445378,"The last dropfly, as luck would have it, caught just in the corner of the hawk's angrily open beak, hooking itself firmly."
f5tts,7176-88083-0024,7176,0.0869565217391304,0.0434782608695652,0.0434782608695652,0.0,0.0084033613445378,The last dropfly as luck would have it caught just in the corner of the hawk's angrily open beak hooking itself firmly.
xtts,7176-88083-0024,7176,0.0,0.0,0.0,0.0,0.0,"The last drop fly as luck would have it caught just in the corner of the hawk's angrily  open beak, hooking itself firmly."
chatterbox,7176-88083-0024,7176,0.0,0.0,0.0,0.0,0.0,"The last drop fly, as luck would have it, caught just in the corner of the hawk's angrily open beak, hooking itself firmly."
indextts,7176-88083-0024,7176,0.0869565217391304,0.0434782608695652,0.0434782608695652,0.0,0.0084033613445378,the last drop-fly as luck would have it caught just in the corner of the hawk's angrily open beak hooking itself firmly
cosyvoice3,7176-88083-0024,7176,0.0,0.0,0.0,0.0,0.0,"The last drop fly, as luck would have it, caught just in the corner of the hawk's angrily  open beak, hooking itself firmly."
real,7176-92135-0041,7176,0.2142857142857142,0.1428571428571428,0.0714285714285714,0.0,0.0657894736842105,"Reinsher Butler and Three Footmen, who removed the tea things.  Hostess to guest."
f5tts,7176-92135-0041,7176,0.1428571428571428,0.0714285714285714,0.0714285714285714,0.0,0.0131578947368421,Re-enter Butler and three footmen who remove the tea things hostess to guest
xtts,7176-92135-0041,7176,0.2857142857142857,0.1428571428571428,0.1428571428571428,0.0,0.0263157894736842,"re-enter Butler, and three footmen, who remove the tea-things, hostess to guest."
chatterbox,7176-92135-0041,7176,0.2857142857142857,0.1428571428571428,0.1428571428571428,0.0,0.0394736842105263,"Re-enter Butler, and three footmen who remove the tea-thing's hostess to guest."
indextts,7176-92135-0041,7176,0.2857142857142857,0.1428571428571428,0.1428571428571428,0.0,0.0263157894736842,Re-enter Butler and three footmen who remove the tea-things hostess to guest.
cosyvoice3,7176-92135-0041,7176,0.2857142857142857,0.1428571428571428,0.1428571428571428,0.0,0.0263157894736842,Re-enter Butler and three footmen who remove the tea-things hostess to guest.
real,7176-88083-0005,7176,0.0,0.0,0.0,0.0,0.0,"Once fairly a wing, however, he wheeled and made back hurriedly for his perch."
f5tts,7176-88083-0005,7176,0.0,0.0,0.0,0.0,0.0,"Once fairly a wing, however, he wheeled, and made back hurriedly for his perch."
xtts,7176-88083-0005,7176,0.0,0.0,0.0,0.0,0.0,"Once fairly a wing, however, he wheeled and made back hurriedly for his perch."
chatterbox,7176-88083-0005,7176,0.0,0.0,0.0,0.0,0.0,"Once fairly a wing, however, he wheeled and made back hurriedly for his perch."
indextts,7176-88083-0005,7176,0.0,0.0,0.0,0.0,0.0,"Once fairly a wing, however, he wheeled, and made back hurriedly for his perch."
cosyvoice3,7176-88083-0005,7176,0.0,0.0,0.0,0.0,0.0,"Once fairly a wing, however, he wheeled and made back hurriedly for his perch."
real,7176-92135-0022,7176,0.0,0.0,0.0,0.0,0.0,to be or not to be that is the question whether tis nobler in the mind to suffer the slings and arrows what no hamlet speaking
f5tts,7176-92135-0022,7176,0.0,0.0,0.0,0.0,0.0,To be or not to be that is the question whether tis nobler in the mind to suffer the slings and arrows what no hamlet speaking
xtts,7176-92135-0022,7176,0.0,0.0,0.0,0.0,0.0,"To be or not to be, that is the question, whether tis nobler in the mind,  to suffer the slings and arrows, what no Hamlet speaking."
chatterbox,7176-92135-0022,7176,0.0,0.0,0.0,0.0,0.0,to be or not to be that is the question whether tis nobler in the mind to suffer the slings and arrows what no hamlet speaking
indextts,7176-92135-0022,7176,0.0,0.0,0.0,0.0,0.0,to be or not to be that is the question whether tis nobler in the mind to suffer the slings and arrows what no hamlet speaking
cosyvoice3,7176-92135-0022,7176,0.0,0.0,0.0,0.0,0.0,"to be or not to be. That is the question, whether tis nobler in the mind to suffer  the slings and arrows, what no Hamlet speaking."
real,7176-88083-0008,7176,0.0,0.0,0.0,0.0,0.0,"In despair, he hurled himself downward too soon."
f5tts,7176-88083-0008,7176,0.0,0.0,0.0,0.0,0.0,"In despair, he hurled himself downward too soon."
xtts,7176-88083-0008,7176,0.0,0.0,0.0,0.0,0.0,"In despair, he hurled himself downward too soon."
chatterbox,7176-88083-0008,7176,0.0,0.0,0.0,0.0,0.0,"In despair, he hurled himself downward too soon."
indextts,7176-88083-0008,7176,0.0,0.0,0.0,0.0,0.0,"In despair, he hurled himself downward too soon."
cosyvoice3,7176-88083-0008,7176,0.0,0.0,0.0,0.0,0.0,in despair he hurled himself downward too soon
real,3729-6852-0038,3729,0.0,0.0,0.0,0.0,0.0,"What, sir, I said to him, am I fortunate enough to see you?"
f5tts,3729-6852-0038,3729,0.0,0.0,0.0,0.0,0.0,what sir I said to him am I fortunate enough to see you
xtts,3729-6852-0038,3729,0.0769230769230769,0.0,0.0,0.0769230769230769,0.0363636363636363,"What, sir, I, I said to him, am I fortunate enough to see you?"
chatterbox,3729-6852-0038,3729,0.0,0.0,0.0,0.0,0.0,"What, sir? I said to him. Am I fortunate enough to see you?"
indextts,3729-6852-0038,3729,0.0,0.0,0.0,0.0,0.0,"What, sir, I said to him, am I fortunate enough to see you?"
cosyvoice3,3729-6852-0038,3729,0.0,0.0,0.0,0.0,0.0,"What, sir, I said to him, am I fortunate enough to see you?"
real,3729-6852-0018,3729,0.0666666666666666,0.0666666666666666,0.0,0.0,0.0133333333333333,I sit down at a small table.  A waiter comes immediately to inquire my wishes.
f5tts,3729-6852-0018,3729,0.0666666666666666,0.0666666666666666,0.0,0.0,0.0133333333333333,I sit down at a small table a waiter comes immediately to inquire my wishes
xtts,3729-6852-0018,3729,0.0666666666666666,0.0666666666666666,0.0,0.0,0.0133333333333333,I sit down at a small table.  A waiter comes immediately to inquire my wishes.
chatterbox,3729-6852-0018,3729,0.0,0.0,0.0,0.0,0.0,I sit down at a small table. A waiter comes immediately to enquire my wishes.
indextts,3729-6852-0018,3729,0.0666666666666666,0.0666666666666666,0.0,0.0,0.0133333333333333,I sit down at a small table. A waiter comes immediately to inquire my wishes.
cosyvoice3,3729-6852-0018,3729,0.0666666666666666,0.0666666666666666,0.0,0.0,0.0133333333333333,I sit down at a small table.  A waiter comes immediately to inquire my wishes.
real,3729-6852-0024,3729,0.0,0.0,0.0,0.0,0.0,"I see a crowd in one corner of the garden, everybody standing still and looking up."
f5tts,3729-6852-0024,3729,0.0,0.0,0.0,0.0,0.0,I see a crowd in one corner of the garden everybody standing still and looking up
xtts,3729-6852-0024,3729,0.0625,0.0625,0.0,0.0,0.0246913580246913,I see a crowd in one corner of the garden.  Everybody's standing still and looking up.
chatterbox,3729-6852-0024,3729,0.0,0.0,0.0,0.0,0.0,"I see a crowd in one corner of the garden, everybody standing still and looking up."
indextts,3729-6852-0024,3729,0.0,0.0,0.0,0.0,0.0,"I see a crowd in one corner of the garden, everybody standing still and looking up."
cosyvoice3,3729-6852-0024,3729,0.0,0.0,0.0,0.0,0.0,"I see a crowd in one corner of the garden, everybody standing still and looking up."
real,3729-6852-0011,3729,0.0,0.0,0.0,0.0,0.0,i had a name i believe in my young days but i have forgotten it since i have been in service
f5tts,3729-6852-0011,3729,0.0,0.0,0.0,0.0,0.0,"I had a name I believe in my young days, but I have forgotten it since I have been in service."
xtts,3729-6852-0011,3729,0.0,0.0,0.0,0.0,0.0,"I had a name, I believe, in my young days,  but I have forgotten it since I have been in service."
chatterbox,3729-6852-0011,3729,0.0,0.0,0.0,0.0,0.0,"I had a name. I believe in my young days, but I have forgotten it, since I have been in service."
indextts,3729-6852-0011,3729,0.0,0.0,0.0,0.0,0.0,"I had a name, I believe, in my young days, but I have forgotten it since I have been in service."
cosyvoice3,3729-6852-0011,3729,0.0,0.0,0.0,0.0,0.0,"I had a name, I believe, in my young days, but I have forgotten it since I have been in service."
real,3729-6852-0016,3729,0.1428571428571428,0.1428571428571428,0.0,0.0,0.0208333333333333,madame quinson besides can answer your inquiries
f5tts,3729-6852-0016,3729,0.2857142857142857,0.2857142857142857,0.0,0.0,0.0416666666666666,"Madam Quinson, besides, can answer your inquiries."
xtts,3729-6852-0016,3729,0.1428571428571428,0.1428571428571428,0.0,0.0,0.0208333333333333,"Madame Quinson, besides, can answer your inquiries."
chatterbox,3729-6852-0016,3729,0.2857142857142857,0.2857142857142857,0.0,0.0,0.0416666666666666,"Madam Quinson, besides, can answer your inquiries."
indextts,3729-6852-0016,3729,0.1428571428571428,0.1428571428571428,0.0,0.0,0.0208333333333333,"Madame Quinson, besides, can answer your inquiries."
cosyvoice3,3729-6852-0016,3729,0.1428571428571428,0.1428571428571428,0.0,0.0,0.0208333333333333,"Madame Quinson, besides, can answer your inquiries."
real,3729-6852-0022,3729,0.0,0.0,0.0,0.0,0.0,i address him in italian and he answers very wittily but his way of speaking makes me smile and i tell him why
f5tts,3729-6852-0022,3729,0.0,0.0,0.0,0.0,0.0,"I address him in Italian, and he answers very wittily,  but his way of speaking makes me smile, and I tell him why."
xtts,3729-6852-0022,3729,0.0,0.0,0.0,0.0,0.0,"I address him in Italian, and he answers very wittily.  But his way of speaking makes me smile, and I tell him why."
chatterbox,3729-6852-0022,3729,0.0,0.0,0.0,0.0,0.0,"I address him in Italian, and he answers very wittily,  but his way of speaking makes me smile, and I tell him why."
indextts,3729-6852-0022,3729,0.0,0.0,0.0,0.0,0.0,"I address him in Italian, and he answers very wittily,  but his way of speaking makes me smile, and I tell him why."
cosyvoice3,3729-6852-0022,3729,0.0,0.0,0.0,0.0,0.0,i address him in italian and he answers very wittily but his way of speaking makes me smile and i tell him why
real,3729-6852-0039,3729,0.0,0.0,0.0,0.0,0.0,he himself recited the same passage in french and politely pointed out the parts in which he thought that i had improved on the original
f5tts,3729-6852-0039,3729,0.0,0.0,0.0,0.0,0.0,He himself recited the same passage in French and politely pointed out the parts in which he thought that I had improved on the original.
xtts,3729-6852-0039,3729,0.0,0.0,0.0,0.0,0.0,"He himself recited the same passage in French, and politely pointed out the parts in which  he thought that I had improved on the original."
chatterbox,3729-6852-0039,3729,0.0,0.0,0.0,0.0,0.0,He himself recited the same passage in French  and politely pointed out the parts in which he thought  that I had improved on the original.
indextts,3729-6852-0039,3729,0.0,0.0,0.0,0.0,0.0,He himself recited the same passage in French  and politely pointed out the parts  in which he thought that I had improved on the original.
cosyvoice3,3729-6852-0039,3729,0.0,0.0,0.0,0.0,0.0,he himself recited the same passage in french and politely pointed out the parts in which he thought that i had improved on the original
real,3729-6852-0029,3729,0.0454545454545454,0.0454545454545454,0.0,0.0,0.0373831775700934,"It is sold everywhere, but for the last three weeks nobody will use any snuff but that sold at the Savette Cat."
f5tts,3729-6852-0029,3729,0.0,0.0,0.0,0.0,0.0,it is sold everywhere but for the last three weeks nobody will use any snuff  but that sold at the civet cat
xtts,3729-6852-0029,3729,0.0909090909090909,0.0909090909090909,0.0,0.0,0.0467289719626168,"It is sold everywhere, but for the last three weeks, nobody will use any snuff but that's sold at the Cibbit Cat."
chatterbox,3729-6852-0029,3729,0.0,0.0,0.0,0.0,0.0,"It is sold everywhere, but for the last three weeks nobody will use any snuff but that sold  at the civet cat."
indextts,3729-6852-0029,3729,0.0454545454545454,0.0454545454545454,0.0,0.0,0.0186915887850467,"It is sold everywhere, but for the last three weeks, nobody will use any snuff.  But that's sold at the civet cat."
cosyvoice3,3729-6852-0029,3729,0.0,0.0,0.0,0.0,0.0,"It is sold everywhere, but for the last three weeks nobody will use any snuff but that sold at the Civet Cat."
real,3729-6852-0026,3729,0.0,0.0,0.0,0.0,0.0,"Yes, but the meridian of the Palais Royal is the most exact."
f5tts,3729-6852-0026,3729,0.0833333333333333,0.0833333333333333,0.0,0.0,0.0344827586206896,"Yes, but the meridian of the Palaeus Royal is the most exact."
xtts,3729-6852-0026,3729,0.0,0.0,0.0,0.0,0.0,"Yes, but the meridian of the Palais Royal is the most exact."
chatterbox,3729-6852-0026,3729,0.0,0.0,0.0,0.0,0.0,"Yes, but the meridian of the Palais Royal is the most exact."
indextts,3729-6852-0026,3729,0.0,0.0,0.0,0.0,0.0,"Yes, but the meridian of the Palais Royal is the most exact."
cosyvoice3,3729-6852-0026,3729,0.0,0.0,0.0,0.0,0.0,"Yes, but the meridian of the Palais Royal is the most exact."
real,121-121726-0009,121,0.0,0.0,0.0,0.0,0.0,hotel a place where a guest often gives up good dollars for poor quarters
f5tts,121-121726-0009,121,0.0,0.0,0.0,0.0,0.0,"Hotel, a place where a guest often gives up good dollars for poor quarters."
xtts,121-121726-0009,121,0.2142857142857142,0.0714285714285714,0.0,0.1428571428571428,0.0821917808219178,"Ho, ho, pal, a place where a guest often gives up good dollars for poor quarters."
chatterbox,121-121726-0009,121,0.0,0.0,0.0,0.0,0.0,Hotel. A place where a guest often gives up good dollars for poor quarters.
indextts,121-121726-0009,121,0.0,0.0,0.0,0.0,0.0,"Hotel, a place where a guest often gives up good dollars for poor quarters."
cosyvoice3,121-121726-0009,121,0.0,0.0,0.0,0.0,0.0,"Hotel, a place where a guest often gives up good dollars for poor quarters."
real,121-121726-0007,121,0.0714285714285714,0.0,0.0,0.0714285714285714,0.056338028169014,horse sense a degree of wisdom that keeps one from betting on the races  you
f5tts,121-121726-0007,121,0.0,0.0,0.0,0.0,0.0,"Horse, sense a degree of wisdom That keeps one from betting on the races."
xtts,121-121726-0007,121,0.0,0.0,0.0,0.0,0.0,"Horse, sense a degree of wisdom that keeps one from betting on the races."
chatterbox,121-121726-0007,121,0.0,0.0,0.0,0.0,0.0,Horse. Sense a degree of wisdom that keeps one from betting on the races.
indextts,121-121726-0007,121,0.0,0.0,0.0,0.0,0.0,"Horse, sense a degree of wisdom that keeps one from betting on the races."
cosyvoice3,121-121726-0007,121,0.0714285714285714,0.0714285714285714,0.0,0.0,0.0422535211267605,Horse scent. A degree of wisdom that keeps one from betting on the races.
real,121-121726-0008,121,0.0,0.0,0.0,0.0,0.0,hose man's excuse for wetting the walk
f5tts,121-121726-0008,121,0.1428571428571428,0.1428571428571428,0.0,0.0,0.0526315789473684,Ho's Man's Excuse for Wetting the Walk
xtts,121-121726-0008,121,0.2857142857142857,0.1428571428571428,0.0,0.1428571428571428,0.0789473684210526,Pose a man's excuse for wetting the walk.
chatterbox,121-121726-0008,121,0.2857142857142857,0.1428571428571428,0.1428571428571428,0.0,0.0526315789473684,"""'Hoseman's excuse for wetting the walk."
indextts,121-121726-0008,121,0.2857142857142857,0.1428571428571428,0.1428571428571428,0.0,0.0526315789473684,"""'Hoseman's excuse for wetting the walk."
cosyvoice3,121-121726-0008,121,0.1428571428571428,0.1428571428571428,0.0,0.0,0.0526315789473684,Ho's Man's Excuse for Wetting the Walk
real,121-127105-0034,121,0.0555555555555555,0.0555555555555555,0.0,0.0,0.0212765957446808,"It sounded dull, but sounded strange, and all the more so because of his main condition, which was—"
f5tts,121-127105-0034,121,0.0,0.0,0.0,0.0,0.0,it sounded dull it sounded strange and all the more so because of his main condition which was
xtts,121-127105-0034,121,0.0,0.0,0.0,0.0,0.0,"It sounded dull, it sounded strange, and all the more so because of his main condition, which was"
chatterbox,121-127105-0034,121,0.0,0.0,0.0,0.0,0.0,it sounded dull it sounded strange and all the more so because of his main condition which was
indextts,121-127105-0034,121,0.0,0.0,0.0,0.0,0.0,it sounded dull it sounded strange and all the more so because of his main condition which was
cosyvoice3,121-127105-0034,121,0.0,0.0,0.0,0.0,0.0,"It sounded dull, it sounded strange, and all the more so because of his main condition which was"
real,121-127105-0036,121,0.1818181818181818,0.1818181818181818,0.0,0.0,0.0392156862745098,"""'But was that all her reward?' one of the ladies asked."
f5tts,121-127105-0036,121,0.0,0.0,0.0,0.0,0.0,but was that all her reward one of the ladies asked
xtts,121-127105-0036,121,0.0,0.0,0.0,0.0,0.0,"But was that all her reward, one of the ladies asked."
chatterbox,121-127105-0036,121,0.0,0.0,0.0,0.0,0.0,But was that all her reward? one of the ladies asked.
indextts,121-127105-0036,121,0.0,0.0,0.0,0.0,0.0,"But was that all her reward, one of the ladies asked?"
cosyvoice3,121-127105-0036,121,0.1818181818181818,0.1818181818181818,0.0,0.0,0.0392156862745098,"""'But was that all her reward?' one of the ladies asked."
real,121-127105-0007,121,0.0,0.0,0.0,0.0,0.0,to this his answer was prompt oh thank god no and is the record yours
f5tts,121-127105-0007,121,0.0,0.0,0.0,0.0,0.0,to this his answer was prompt oh thank god no and is the record yours
xtts,121-127105-0007,121,0.0,0.0,0.0,0.0,0.0,"To this his answer was prompt,  Oh, thank God, no, and is the record yours."
chatterbox,121-127105-0007,121,0.0,0.0,0.0,0.0,0.0,"To this his answer was prompt,  Oh, thank God no, and is the record yours."
indextts,121-127105-0007,121,0.0666666666666666,0.0666666666666666,0.0,0.0,0.0144927536231884,"To this his answer was prompt,  O thank God no, and is the record yours?"
cosyvoice3,121-127105-0007,121,0.0666666666666666,0.0666666666666666,0.0,0.0,0.0144927536231884,"To this his answer was prompt,  O thank God no, and is the record yours?"
real,61-70970-0028,61,0.04,0.04,0.0,0.0,0.0076923076923076,"Stutley was by his side in a flash, and then they both began feeling about them to ascertain the shape and character of this vault."
f5tts,61-70970-0028,61,0.12,0.08,0.0,0.04,0.0384615384615384,"Stootley was by his side in a flash, and then they both began feeling about them to assert in the shape and character of this vault."
xtts,61-70970-0028,61,0.04,0.04,0.0,0.0,0.023076923076923,"Stutli was by his side in a flash, and then they both began feeling about them to ascertain the shape and character of this vault."
chatterbox,61-70970-0028,61,0.04,0.04,0.0,0.0,0.0076923076923076,"Stutely was by his side in a flash, and then they both began feeling about them to ascertain the shape and character of this vault."
indextts,61-70970-0028,61,0.04,0.04,0.0,0.0,0.0076923076923076,"Stutely was by his side in a flash, and then they both began feeling about them to ascertain the shape and character of this vault."
cosyvoice3,61-70970-0028,61,0.04,0.04,0.0,0.0,0.0076923076923076,"Stutley was by his side in a flash, and then they both began feeling about them to ascertain the shape and character of this vault."
real,61-70970-0039,61,0.0,0.0,0.0,0.0,0.0,"He implores us to be discreet as the grave in this matter, for in sooth his life is in the hollow of our hands."
f5tts,61-70970-0039,61,0.0416666666666666,0.0416666666666666,0.0,0.0,0.018348623853211,He implores us to be discreet as the grave in this matter for and sooth his life is in the hollow of our hands
xtts,61-70970-0039,61,0.0,0.0,0.0,0.0,0.0,"He implores us to be discreet as the grave in this matter, for in sooth his life is in  the hollow of our hands."
chatterbox,61-70970-0039,61,0.0,0.0,0.0,0.0,0.0,"He implores us to be discreet as the grave in this matter, for in sooth his life is in  the hollow of our hands."
indextts,61-70970-0039,61,0.0,0.0,0.0,0.0,0.0,"He implores us to be discreet as the grave in this matter,  for in sooth his life is in the hollow of our hands."
cosyvoice3,61-70970-0039,61,0.0,0.0,0.0,0.0,0.0,he implores us to be discreet as the grave in this matter for in sooth his life is in the hollow of our hands
real,61-70968-0043,61,0.0,0.0,0.0,0.0,0.0,"Friends, said Montfichet faintly to the wrestlers, bear us escort so far as the sheriff's house."
f5tts,61-70968-0043,61,0.1875,0.125,0.0625,0.0,0.043010752688172,Friends said Montfichet faintly to the wrestler's barris escort so far as the sheriff's house.
xtts,61-70968-0043,61,0.0,0.0,0.0,0.0,0.0,"Friends, said Montfichet faintly to the wrestlers, bear us escort so far as the sheriff's house."
chatterbox,61-70968-0043,61,0.1875,0.125,0.0625,0.0,0.032258064516129,friends said monfichet faintly to the wrestlers bearers escort so far as the sheriff's house
indextts,61-70968-0043,61,0.0,0.0,0.0,0.0,0.0,"Friends, said Montfichet faintly to the wrestlers, bear us escort so far as the sheriff's house."
cosyvoice3,61-70968-0043,61,0.0,0.0,0.0,0.0,0.0,"Friends, said Montfichet faintly to the wrestlers, bear us escort so far as the sheriff's house."
real,61-70970-0002,61,0.0,0.0,0.0,0.0,0.0,Most of all Robin thought of his father. What would he counsel?
f5tts,61-70970-0002,61,0.0,0.0,0.0,0.0,0.0,"Most of all, Robin thought of his father. What would he counsel?"
xtts,61-70970-0002,61,0.0,0.0,0.0,0.0,0.0,"Most of all, Robin thought of his father.  What would he counsel?"
chatterbox,61-70970-0002,61,0.0,0.0,0.0,0.0,0.0,"Most of all, Robin thought of his father. What would he counsel?"
indextts,61-70970-0002,61,0.0,0.0,0.0,0.0,0.0,"Most of all, Robin thought of his father. What would he counsel?"
cosyvoice3,61-70970-0002,61,0.0,0.0,0.0,0.0,0.0,"Most of all, Robin thought of his father.  What would he counsel?"
real,61-70970-0007,61,0.0,0.0,0.0,0.0,0.0,"He was in deep converse with the clerk, and entered the hall holding him by the arm."
f5tts,61-70970-0007,61,0.0,0.0,0.0,0.0,0.0,"He was in deep converse with the clerk, and entered the hall holding him by the arm."
xtts,61-70970-0007,61,0.0,0.0,0.0,0.0,0.0,"He was in deep converse with the clerk, and entered the hall, holding him by the arm."
chatterbox,61-70970-0007,61,0.0588235294117647,0.0588235294117647,0.0,0.0,0.0365853658536585,He was in deep condors with the clerk and entered the hall holding him by the arm.
indextts,61-70970-0007,61,0.0,0.0,0.0,0.0,0.0,"He was in deep converse with the clerk, and entered the hall holding him by the arm."
cosyvoice3,61-70970-0007,61,0.0,0.0,0.0,0.0,0.0,"He was in deep converse with the clerk, and entered the hall holding him by the arm."
real,61-70968-0048,61,0.0,0.0,0.0,0.0,0.0,and Henry might return to England at any moment.
f5tts,61-70968-0048,61,0.0,0.0,0.0,0.0,0.0,and Henry might return to England at any moment.
xtts,61-70968-0048,61,0.0,0.0,0.0,0.0,0.0,and Henry might return to England at any moment.
chatterbox,61-70968-0048,61,0.0,0.0,0.0,0.0,0.0,and Henry might return to England at any moment.
indextts,61-70968-0048,61,0.0,0.0,0.0,0.0,0.0,and Henry might return to England at any moment.
cosyvoice3,61-70968-0048,61,0.0,0.0,0.0,0.0,0.0,and Henry might return to England at any moment.
real,61-70968-0033,61,0.0,0.0,0.0,0.0,0.0,thrusting open the proper entrance of the tent robin suddenly rushed forth with his burden with a great shout
f5tts,61-70968-0033,61,0.0,0.0,0.0,0.0,0.0,thrusting open the proper entrance of the tent robin suddenly rushed forth with his burden with a great shout
xtts,61-70968-0033,61,0.1052631578947368,0.1052631578947368,0.0,0.0,0.0275229357798165,"Trusting opened the proper entrance of the tent, Robin suddenly rushed forth with his burden with a great shout."
chatterbox,61-70968-0033,61,0.0,0.0,0.0,0.0,0.0,thrusting open the proper entrance of the tent robin suddenly rushed forth with his burden with a great shout
indextts,61-70968-0033,61,0.0,0.0,0.0,0.0,0.0,thrusting open the proper entrance of the tent robin suddenly rushed forth with his burden with a great shout
cosyvoice3,61-70968-0033,61,0.0,0.0,0.0,0.0,0.0,thrusting open the proper entrance of the tent robin suddenly rushed forth with his burden with a great shout
real,61-70968-0039,61,0.1111111111111111,0.1111111111111111,0.0,0.0,0.0217391304347826,And mine is Will Stutley. Shall we be comrades?
f5tts,61-70968-0039,61,0.2222222222222222,0.2222222222222222,0.0,0.0,0.0434782608695652,"And mine, as will stutely, shall we be comrades."
xtts,61-70968-0039,61,0.1111111111111111,0.1111111111111111,0.0,0.0,0.0217391304347826,"And mine is, Will Stutley, Shall We Be Comrades?"
chatterbox,61-70968-0039,61,0.1111111111111111,0.1111111111111111,0.0,0.0,0.0652173913043478,"And mine is, Will Stootley, Shall We Be Comrades?"
indextts,61-70968-0039,61,0.1111111111111111,0.1111111111111111,0.0,0.0,0.0652173913043478,"And mine is Will Stootley, shall we be comrades."
cosyvoice3,61-70968-0039,61,0.1111111111111111,0.1111111111111111,0.0,0.0,0.0652173913043478,And mine is Will Stootley. Shall we be comrades?
real,61-70970-0032,61,0.25,0.25,0.0,0.0,0.0408163265306122,"inquired Robin, with his suspicion still upon him."
f5tts,61-70970-0032,61,0.125,0.125,0.0,0.0,0.0204081632653061,"inquired Robin, with his suspicions still upon him."
xtts,61-70970-0032,61,0.125,0.125,0.0,0.0,0.0204081632653061,"inquired Robin, with his suspicions still upon him."
chatterbox,61-70970-0032,61,0.125,0.125,0.0,0.0,0.0204081632653061,"inquired Robin, with his suspicions still upon him."
indextts,61-70970-0032,61,0.125,0.125,0.0,0.0,0.0204081632653061,"inquired Robin, with his suspicions still upon him."
cosyvoice3,61-70970-0032,61,0.25,0.25,0.0,0.0,0.0408163265306122,"inquired Robin, with his suspicion still upon him."
real,5639-40744-0017,5639,0.0555555555555555,0.0555555555555555,0.0,0.0,0.010752688172043,choking with emotion leocadia made a sign to her parents that she wished to be alone with them
f5tts,5639-40744-0017,5639,0.0555555555555555,0.0555555555555555,0.0,0.0,0.032258064516129,choking with emotion leocotti made a sign to her parents that she wished to be alone with them
xtts,5639-40744-0017,5639,0.0555555555555555,0.0555555555555555,0.0,0.0,0.043010752688172,"Choking with emotion, Ryokari made a sign to her parents that she wished to be alone with them."
chatterbox,5639-40744-0017,5639,0.1111111111111111,0.0555555555555555,0.0,0.0555555555555555,0.021505376344086,"Choking with emotion, Leo Cady made a sign to her parents that she wished to be alone with them."
indextts,5639-40744-0017,5639,0.0555555555555555,0.0555555555555555,0.0,0.0,0.032258064516129,choking with emotion lyokady made a sign to her parents that she wished to be alone with them
cosyvoice3,5639-40744-0017,5639,0.0555555555555555,0.0555555555555555,0.0,0.0,0.032258064516129,choking with emotion leocotti made a sign to her parents that she wished to be alone with them
real,5639-40744-0005,5639,0.0,0.0,0.0,0.0,0.0,"Finally, the one party went off exulting, and the other was left in desolation and woe."
f5tts,5639-40744-0005,5639,0.0,0.0,0.0,0.0,0.0,"Finally, the one party went off exulting, and the other was left in desolation and woe."
xtts,5639-40744-0005,5639,0.0,0.0,0.0,0.0,0.0,"finally, the one party went off exulting, and the other was left in desolation and woe."
chatterbox,5639-40744-0005,5639,0.0,0.0,0.0,0.0,0.0,finally the one party went off exulting and the other was left in desolation and woe
indextts,5639-40744-0005,5639,0.0,0.0,0.0,0.0,0.0,finally the one party went off exulting and the other was left in desolation and woe
cosyvoice3,5639-40744-0005,5639,0.0,0.0,0.0,0.0,0.0,"Finally, the one party went off exulting, and the other was left in desolation and woe."
real,5639-40744-0012,5639,0.0769230769230769,0.0769230769230769,0.0,0.0,0.0135135135135135,she succeeded in opening the window and the moonlight shone in so brightly that she could distinguish the color of some damask hanging in the room
f5tts,5639-40744-0012,5639,0.0384615384615384,0.0384615384615384,0.0,0.0,0.0067567567567567,"She succeeded in opening the window, and the moonlight shone in so brightly that she could distinguish the color of some damask hangings in the room."
xtts,5639-40744-0012,5639,0.0384615384615384,0.0384615384615384,0.0,0.0,0.0067567567567567,"She succeeded in opening the window, and the moonlight shone in so brightly that she could  distinguish the color of some damask hangings in the room."
chatterbox,5639-40744-0012,5639,0.0384615384615384,0.0384615384615384,0.0,0.0,0.0067567567567567,she succeeded in opening the window and the moonlight shone in so brightly that she could distinguish the color of some damask hangings in the room
indextts,5639-40744-0012,5639,0.0384615384615384,0.0384615384615384,0.0,0.0,0.0067567567567567,"She succeeded in opening the window, and the moonlight shone in so brightly that she could  distinguish the color of some damask hangings in the room."
cosyvoice3,5639-40744-0012,5639,0.0769230769230769,0.0769230769230769,0.0,0.0,0.027027027027027,she succeeded in opening the window and a moonlight shone in so brightly that she could distinguish the color of some damask hangings in the room
real,5639-40744-0007,5639,0.0,0.0,0.0,0.0,0.0,"Meanwhile, Rodolfo had Leocadia safe in his custody, and in his own apartment,"
f5tts,5639-40744-0007,5639,0.0,0.0,0.0,0.0,0.0,"Meanwhile, Rodolfo had Leocadia safe in his custody and in his own apartment."
xtts,5639-40744-0007,5639,0.0,0.0,0.0,0.0,0.0,"Meanwhile, Rodolfo had Leocadia safe in his custody, and in his own apartment."
chatterbox,5639-40744-0007,5639,0.0,0.0,0.0,0.0,0.0,"Meanwhile, Rodolfo had Leocadia safe in his custody and in his own apartment."
indextts,5639-40744-0007,5639,0.0,0.0,0.0,0.0,0.0,"Meanwhile, Rodolfo had Leocadia safe in his custody and in his own apartment."
cosyvoice3,5639-40744-0007,5639,0.0,0.0,0.0,0.0,0.0,"Meanwhile, Rodolfo had Leocadia safe in his custody and in his own apartment."
real,5639-40744-0016,5639,0.0606060606060606,0.0303030303030303,0.0303030303030303,0.0,0.006060606060606,on the contrary he resolved to tell them that repenting of his violence and moved by her tears he had only carried her half-way towards his house and then let her go
f5tts,5639-40744-0016,5639,0.0,0.0,0.0,0.0,0.0,on the contrary he resolved to tell them that repenting of his violence and moved by her tears he had only carried her half way towards his house and then let her go
xtts,5639-40744-0016,5639,0.0606060606060606,0.0303030303030303,0.0303030303030303,0.0,0.006060606060606,"On the contrary, he resolved to tell them that repenting of his violence,  and moved by her tears he had only carried her halfway towards his house,  and then let her go."
chatterbox,5639-40744-0016,5639,0.0606060606060606,0.0303030303030303,0.0303030303030303,0.0,0.006060606060606,on the contrary he resolved to tell them that repenting of his violence and moved by her tears he had only carried her half-way towards his house and then let her go
indextts,5639-40744-0016,5639,0.0606060606060606,0.0303030303030303,0.0303030303030303,0.0,0.006060606060606,on the contrary he resolved to tell them that repenting of his violence and moved by her tears he had only carried her half-way towards his house and then let her go
cosyvoice3,5639-40744-0016,5639,0.0606060606060606,0.0303030303030303,0.0303030303030303,0.0,0.006060606060606,on the contrary he resolved to tell them that repenting of his violence and moved by her tears he had only carried her half-way towards his house and then let her go
real,5639-40744-0014,5639,0.0,0.0,0.0,0.0,0.0,among other things on which she cast her eyes was a small crucifix of solid silver standing on a cabinet near the window
f5tts,5639-40744-0014,5639,0.0,0.0,0.0,0.0,0.0,Among other things on which she cast her eyes was a small crucifix of solid silver standing on a cabinet near the window.
xtts,5639-40744-0014,5639,0.0,0.0,0.0,0.0,0.0,Among other things on which she cast her eyes was a small crucifix of solid silver standing on a cabinet near the window.
chatterbox,5639-40744-0014,5639,0.0,0.0,0.0,0.0,0.0,among other things on which she cast her eyes was a small crucifix of solid silver standing on a cabinet near the window
indextts,5639-40744-0014,5639,0.0,0.0,0.0,0.0,0.0,among other things on which she cast her eyes was a small crucifix of solid silver standing on a cabinet near the window
cosyvoice3,5639-40744-0014,5639,0.0,0.0,0.0,0.0,0.0,among other things on which she cast her eyes was a small crucifix of solid silver standing on a cabinet near the window
real,5639-40744-0006,5639,0.1111111111111111,0.0555555555555555,0.0555555555555555,0.0,0.0082644628099173,"Rodolfo arrived at his own house without any impediment,  and Leocadia's parents reached theirs, heartbroken and despairing."
f5tts,5639-40744-0006,5639,0.1111111111111111,0.0555555555555555,0.0555555555555555,0.0,0.0082644628099173,rodolfo arrived at his own house without any impediment and leocadia's parents reached theirs heart-broken and despairing
xtts,5639-40744-0006,5639,0.0,0.0,0.0,0.0,0.0,"Rodolfo arrived at his own house without any impediment,  and Leocadia's parents reached theirs heart broken and despairing."
chatterbox,5639-40744-0006,5639,0.1666666666666666,0.1111111111111111,0.0555555555555555,0.0,0.024793388429752,rodolpho arrived at his own house without any impediment and leocadia's parents reached theirs heart-broken and despairing
indextts,5639-40744-0006,5639,0.1111111111111111,0.0555555555555555,0.0555555555555555,0.0,0.0082644628099173,"Rodolfo arrived at his own house without any impediment,  and Leocadia's parents reached theirs, heartbroken and despairing."
cosyvoice3,5639-40744-0006,5639,0.1111111111111111,0.0555555555555555,0.0555555555555555,0.0,0.0082644628099173,"Rodolfo arrived at his own house without any impediment, and Leocadia's parents reached theirs heartbroken and despairing."
real,5639-40744-0024,5639,0.0,0.0,0.0,0.0,0.0,one day when the boy was sent by his grandfather with a message to a relation he passed along a street in which there was a great concourse of horsemen
f5tts,5639-40744-0024,5639,0.0,0.0,0.0,0.0,0.0,one day when the boy was sent by his grandfather with a message to a relation he passed along a street in which there was a great concourse of horsemen
xtts,5639-40744-0024,5639,0.0,0.0,0.0,0.0,0.0,"One day, when the boy was sent by his grandfather with a message to a relation,  he passed along a street, in which there was a great concourse of horsemen."
chatterbox,5639-40744-0024,5639,0.0,0.0,0.0,0.0,0.0,one day when the boy was sent by his grandfather with a message to a relation he passed along a street in which there was a great concourse of horsemen
indextts,5639-40744-0024,5639,0.0,0.0,0.0,0.0,0.0,one day when the boy was sent by his grandfather with a message to a relation he passed along a street in which there was a great concourse of horsemen
cosyvoice3,5639-40744-0024,5639,0.0,0.0,0.0,0.0,0.0,one day when the boy was sent by his grandfather with a message to a relation he passed along a street in which there was a great concourse of horsemen
real,5639-40744-0029,5639,0.0,0.0,0.0,0.0,0.0,"This truth, which I have learned from her lips, is confirmed by his face, in which we  have both beheld that of our son."
f5tts,5639-40744-0029,5639,0.0,0.0,0.0,0.0,0.0,this truth which i have learned from her lips is confirmed by his face in which we have both beheld that of our son
xtts,5639-40744-0029,5639,0.0,0.0,0.0,0.0,0.0,"This truth which I have learned from her lips is confirmed by his face,  in which we have both beheld that of our son."
chatterbox,5639-40744-0029,5639,0.0,0.0,0.0,0.0,0.0,this truth which i have learned from her lips is confirmed by his face in which we have both beheld that of our son
indextts,5639-40744-0029,5639,0.0,0.0,0.0,0.0,0.0,This truth which I have learned from her lips is confirmed by his face in which we have  both beheld that of our son.
cosyvoice3,5639-40744-0029,5639,0.0,0.0,0.0,0.0,0.0,this truth which i have learned from her lips is confirmed by his face in which we have both beheld that of our son
real,5639-40744-0010,5639,0.0,0.0,0.0,0.0,0.0,it is the only amends i ask of you for the wrong you have done me
f5tts,5639-40744-0010,5639,0.0,0.0,0.0,0.0,0.0,It is the only amends I ask of you for the wrong you have done me.
xtts,5639-40744-0010,5639,0.0,0.0,0.0,0.0,0.0,"It is the only amends I ask of you, for the wrong you have done me."
chatterbox,5639-40744-0010,5639,0.0,0.0,0.0,0.0,0.0,It is the only amends I ask of you for the wrong you have done me.
indextts,5639-40744-0010,5639,0.0,0.0,0.0,0.0,0.0,it is the only amends i ask of you for the wrong you have done me
cosyvoice3,5639-40744-0010,5639,0.0,0.0,0.0,0.0,0.0,It is the only amends I ask of you for the wrong you have done me.
