layer,probe,real,f5tts,xtts,cosyvoice3,chatterbox,indextts,dP_real,dP_f5tts,dP_xtts,dP_cosyvoice3,dP_chatterbox,dP_indextts,margin,top_class,target_aligned,margin_ci_lo,margin_ci_hi,S_cosyvoice3,S_f5tts,S_indextts,delta_target,delta_ci_lo,delta_ci_hi,S_target,S_ci_lo,S_ci_hi,dP_f5tts_lo,dP_f5tts_hi,S_f5tts_lo,S_f5tts_hi,dP_cosyvoice3_lo,dP_cosyvoice3_hi,S_cosyvoice3_lo,S_cosyvoice3_hi
0,clean_real,0.6407506702412868,0.021447721179624665,0.09919571045576407,0.09115281501340483,0.11528150134048257,0.032171581769437,,,,,,,,,,,,,,,,,,,,,,,,,,,,
0,resynth_vocos,0.0938337801608579,0.5093833780160858,0.04825737265415549,0.10187667560321716,0.1581769436997319,0.08847184986595175,-0.546916890080429,0.4879356568364611,-0.05093833780160858,0.010723860589812326,0.04289544235924933,0.05630026809651475,0.4316353887399464,f5tts,True,0.259793825113966,0.5686826145552561,-0.4772117962466488,0.4316353887399464,-0.4316353887399464,0.4879356568364611,0.3875165810868635,0.6054813546423136,0.4316353887399464,0.2560614896628239,0.5695952647921337,,,,,,,,
0,resynth_bigvgan,0.08310991957104558,0.03753351206434316,0.032171581769437,0.4450402144772118,0.2868632707774799,0.11528150134048257,-0.5576407506702412,0.016085790884718495,-0.06702412868632707,0.353887399463807,0.17158176943699735,0.08310991957104558,0.18230563002680963,cosyvoice3,False,0.06162194891466407,0.28687254007187263,0.18230563002680963,-0.3378016085790885,-0.2707774798927614,0.08310991957104558,0.029173869529615135,0.14364065040650406,-0.2707774798927614,-0.374713840130315,-0.166655672823219,-0.013477088948787058,0.045101880877742945,-0.42588370661240793,-0.25405190905190905,0.2782042869641295,0.43561988214586367,0.06661725067385443,0.28767945205479456
0,resynth_griffinlim,0.10991957104557641,0.6380697050938338,0.05630026809651475,0.10187667560321716,0.02680965147453083,0.06702412868632708,-0.5308310991957105,0.6166219839142091,-0.042895442359249324,0.010723860589812326,-0.08847184986595173,0.03485254691689008,0.581769436997319,f5tts,True,0.4459386016451233,0.6948312334552116,-0.6058981233243967,0.581769436997319,-0.581769436997319,0.6166219839142091,0.507936507936508,0.7180851063829787,0.581769436997319,0.4428908248081841,0.6986932975871314,,,,,,,,
0,resynth_glvocos,0.11528150134048257,0.6568364611260054,0.05093833780160858,0.08579088471849866,0.029490616621983913,0.06166219839142091,-0.5254691689008043,0.6353887399463807,-0.04825737265415549,-0.00536193029490617,-0.08579088471849866,0.029490616621983913,0.6058981233243967,f5tts,True,0.4760255048200331,0.7290519276160503,-0.6407506702412868,0.6058981233243967,-0.6058981233243967,0.6353887399463807,0.5240447586257417,0.7346198391420912,0.6058981233243967,0.47311827956989255,0.722670652173913,,,,,,,,
0,resynth_encodec,0.0938337801608579,0.257372654155496,0.02680965147453083,0.3190348525469169,0.24932975871313673,0.05361930294906166,-0.546916890080429,0.2359249329758713,-0.07238605898123324,0.22788203753351205,0.13404825737265416,0.021447721179624665,0.008042895442359255,f5tts,False,0.0026593981037304473,0.1828080166942005,-0.008042895442359255,0.008042895442359255,-0.21447721179624663,,,,,,,0.15258400238966033,0.31452359617682196,-0.15041572475381956,0.17539974529503324,0.13569162897964554,0.331572471646001,-0.17371547340937202,0.1436567327309822
0,resynth_dac,0.09651474530831099,0.064343163538874,0.029490616621983913,0.43967828418230565,0.2734584450402145,0.09651474530831099,-0.5442359249329759,0.04289544235924933,-0.06970509383378015,0.3485254691689008,0.15817694369973193,0.06434316353887398,0.1903485254691689,cosyvoice3,False,0.08510201107548815,0.3110171581769437,0.1903485254691689,-0.30563002680965146,-0.28418230563002683,,,,,,,0.018917644059153495,0.07377319520740516,-0.4037238657221521,-0.21618645847920465,0.2660758064516129,0.4297773712049851,0.08601940524193552,0.30163815036733715
0,resynth_hift3,0.09919571045576407,0.021447721179624665,0.029490616621983913,0.5254691689008043,0.19839142091152814,0.1260053619302949,-0.5415549597855228,0.0,-0.06970509383378015,0.4343163538873995,0.08310991957104558,0.09383378016085792,0.34048257372654156,cosyvoice3,True,0.21446287508422815,0.44088368322239285,0.34048257372654156,-0.4343163538873995,-0.34048257372654156,0.4343163538873995,0.34562596670002727,0.5215082824760244,0.34048257372654156,0.21191367338567915,0.4373375,,,,,,,,
0,resynth_s3vc3,0.08310991957104558,0.029490616621983913,0.03485254691689008,0.5764075067024129,0.2037533512064343,0.07238605898123325,-0.5576407506702412,0.008042895442359248,-0.06434316353887398,0.4852546916890081,0.08847184986595175,0.04021447721179625,0.39678284182305634,cosyvoice3,True,0.21883158424381824,0.5526455767077267,0.39678284182305634,-0.47721179624664883,-0.4450402144772118,0.4852546916890081,0.3819604964001516,0.5978260869565217,0.39678284182305634,0.23881069120977294,0.5603463704699359,,,,,,,,
1,clean_real,0.5924932975871313,0.021447721179624665,0.05630026809651475,0.13672922252010725,0.14209115281501342,0.05093833780160858,,,,,,,,,,,,,,,,,,,,,,,,,,,,
1,resynth_vocos,0.10187667560321716,0.5040214477211796,0.01876675603217158,0.13672922252010725,0.13941018766756033,0.09919571045576407,-0.49061662198391415,0.48257372654155495,-0.03753351206434317,0.0,-0.002680965147453085,0.04825737265415549,0.4343163538873995,f5tts,True,0.2821721222866038,0.5645453169592667,-0.48257372654155495,0.4343163538873995,-0.4343163538873995,0.48257372654155495,0.365852053915276,0.6005894548704199,0.4343163538873995,0.278790566760368,0.5834282841823055,,,,,,,,
1,resynth_bigvgan,0.11528150134048257,0.01876675603217158,0.029490616621983913,0.4101876675603217,0.30831099195710454,0.11796246648793565,-0.4772117962466488,-0.002680965147453085,-0.026809651474530835,0.27345844504021444,0.16621983914209112,0.06702412868632707,0.10723860589812331,cosyvoice3,False,0.010839375961327185,0.21220569150908417,0.10723860589812331,-0.2761394101876675,-0.20643431635388737,0.06702412868632707,0.021502501293772642,0.12868632707774796,-0.20643431635388737,-0.3024133381857884,-0.11227712449821983,-0.043175838475122796,0.02617801047120419,-0.35946479858605196,-0.20642051726856966,0.20810540540540542,0.3484199107090234,-6.510416666671616e-05,0.21703609728073536
1,resynth_griffinlim,0.15013404825737264,0.7801608579088471,0.04289544235924933,0.02680965147453083,0.0,0.0,-0.4423592493297587,0.7587131367292225,-0.013404825737265418,-0.10991957104557641,-0.14209115281501342,-0.05093833780160858,0.7721179624664879,f5tts,True,0.6684129677182685,0.8647341760386653,-0.8686327077747988,0.7721179624664879,-0.8096514745308311,0.7587131367292225,0.6603380238276153,0.8502872909318465,0.7721179624664879,0.6692685542685544,0.8675675675675676,,,,,,,,
1,resynth_glvocos,0.1447721179624665,0.7828418230563002,0.03485254691689008,0.024128686327077747,0.0,0.013404825737265416,-0.44772117962466484,0.7613941018766756,-0.021447721179624665,-0.1126005361930295,-0.14209115281501342,-0.03753351206434316,0.7828418230563002,f5tts,True,0.673024523160763,0.8659784809765558,-0.873994638069705,0.7828418230563002,-0.7989276139410187,0.7613941018766756,0.6728711123898277,0.844808260624824,0.7828418230563002,0.6799836956521739,0.8712328767123289,,,,,,,,
1,resynth_encodec,0.10723860589812333,0.28150134048257375,0.021447721179624665,0.2520107238605898,0.2386058981233244,0.09919571045576407,-0.485254691689008,0.26005361930294907,-0.03485254691689008,0.11528150134048257,0.09651474530831097,0.04825737265415549,0.1447721179624665,f5tts,False,0.008174386920980964,0.28761921356385434,-0.1447721179624665,0.1447721179624665,-0.21179624664879357,,,,,,,0.1689144384631857,0.3532627694021796,-0.0189309857733831,0.29270712349980643,0.01861702127659573,0.21027107575657963,-0.3306251902422055,0.013587882063736529
1,resynth_dac,0.128686327077748,0.04289544235924933,0.02680965147453083,0.38605898123324395,0.30563002680965146,0.10991957104557641,-0.46380697050938335,0.021447721179624665,-0.029490616621983917,0.2493297587131367,0.16353887399463804,0.05898123324396783,0.08579088471849866,cosyvoice3,False,0.0053468824667197564,0.18868829154820366,0.08579088471849866,-0.22788203753351205,-0.19034852546916886,,,,,,,0.005419323735016326,0.04043126684636118,-0.30496770516717325,-0.1613756613756614,0.17706058153065574,0.32624257278669044,-0.026179728188426708,0.1838087544065805
1,resynth_hift3,0.08847184986595175,0.010723860589812333,0.01876675603217158,0.5335120643431636,0.19839142091152814,0.15013404825737264,-0.5040214477211795,-0.010723860589812333,-0.03753351206434317,0.39678284182305634,0.05630026809651473,0.09919571045576406,0.2975871313672923,cosyvoice3,True,0.1573021164021164,0.4070231014883393,0.2975871313672923,-0.4075067024128687,-0.2975871313672923,0.39678284182305634,0.3156463212244145,0.47957493188010897,0.2975871313672923,0.16530120221414982,0.4202479873490511,,,,,,,,
1,resynth_s3vc3,0.07506702412868632,0.013404825737265416,0.029490616621983913,0.6058981233243967,0.19839142091152814,0.0777479892761394,-0.5174262734584449,-0.00804289544235925,-0.026809651474530835,0.4691689008042895,0.05630026809651473,0.026809651474530828,0.4128686327077748,cosyvoice3,True,0.2513506363506363,0.5430718475073313,0.4128686327077748,-0.4772117962466488,-0.4423592493297587,0.4691689008042895,0.37499175461741424,0.5552784063882843,0.4128686327077748,0.26131595744680847,0.5454848484848485,,,,,,,,
2,clean_real,0.4959785522788204,0.02680965147453083,0.06166219839142091,0.1876675603217158,0.17158176943699732,0.05630026809651475,,,,,,,,,,,,,,,,,,,,,,,,,,,,
2,resynth_vocos,0.10723860589812333,0.5388739946380697,0.01876675603217158,0.128686327077748,0.1447721179624665,0.06166219839142091,-0.38873994638069703,0.5120643431635389,-0.04289544235924933,-0.05898123324396781,-0.02680965147453082,0.005361930294906163,0.5067024128686327,f5tts,True,0.3613830937353904,0.6334298470674719,-0.5710455764075066,0.5067024128686327,-0.5067024128686327,0.5120643431635389,0.40207774798927615,0.6160211956521738,0.5067024128686327,0.36728358903883274,0.6254345745392103,,,,,,,,
2,resynth_bigvgan,0.12332439678284182,0.021447721179624665,0.032171581769437,0.3941018766756032,0.32171581769436997,0.10723860589812333,-0.3726541554959786,-0.005361930294906166,-0.029490616621983913,0.2064343163538874,0.15013404825737264,0.05093833780160858,0.056300268096514755,cosyvoice3,False,0.0026807859385528003,0.15365963228365434,0.056300268096514755,-0.21179624664879357,-0.1554959785522788,0.05093833780160858,0.010638297872340427,0.10513178388296625,-0.1554959785522788,-0.24262047202682271,-0.07287516798566532,-0.04032258064516129,0.01866916890080429,-0.3021653487313688,-0.13858695652173914,0.13508122484186316,0.2799210487661574,-0.03819080091599508,0.14854659447135934
2,resynth_griffinlim,0.16621983914209115,0.7828418230563002,0.021447721179624665,0.005361930294906166,0.0,0.024128686327077747,-0.3297587131367292,0.7560321715817694,-0.040214477211796246,-0.18230563002680963,-0.17158176943699732,-0.032171581769437005,0.7882037533512064,f5tts,True,0.671044215795328,0.8780712451861362,-0.938337801608579,0.7882037533512064,-0.7882037533512064,0.7560321715817694,0.6701409544872379,0.8342498188405797,0.7882037533512064,0.6738530060394656,0.8767196542377848,,,,,,,,
2,resynth_glvocos,0.1447721179624665,0.8016085790884718,0.0160857908847185,0.010723860589812333,0.0,0.02680965147453083,-0.3512064343163539,0.774798927613941,-0.045576407506702415,-0.17694369973190346,-0.17158176943699732,-0.029490616621983917,0.8042895442359249,f5tts,True,0.7053854464220318,0.8859002454417951,-0.9517426273458445,0.8042895442359249,-0.8042895442359249,0.774798927613941,0.6943494335380092,0.8489672517123288,0.8042895442359249,0.7027009246088194,0.8783846181273622,,,,,,,,
2,resynth_encodec,0.13941018766756033,0.2761394101876676,0.032171581769437,0.2546916890080429,0.21447721179624665,0.08310991957104558,-0.35656836461126007,0.24932975871313676,-0.029490616621983913,0.0670241286863271,0.04289544235924933,0.026809651474530828,0.18230563002680966,f5tts,False,0.024519837841430213,0.3097271246266631,-0.18230563002680966,0.18230563002680966,-0.22252010723860594,,,,,,,0.15925546023457252,0.34301180614995014,0.022150126460315504,0.32012949039264826,-0.01600214477211795,0.15308072588046343,-0.33867224367224363,-0.02964168912848158
2,resynth_dac,0.13136729222520108,0.03753351206434316,0.05361930294906166,0.35656836461126007,0.3297587131367292,0.09115281501340483,-0.3646112600536193,0.01072386058981233,-0.008042895442359248,0.16890080428954427,0.1581769436997319,0.03485254691689008,0.010723860589812367,cosyvoice3,False,0.00263834884043881,0.10570545623712366,0.010723860589812367,-0.15817694369973193,-0.1340482573726542,,,,,,,-0.007978723404255319,0.029411764705882346,-0.2330868361875108,-0.11935228331780054,0.10482870799292514,0.2372001796945193,-0.07918212859622144,0.09191067088887249
2,resynth_hift3,0.10187667560321716,0.00804289544235925,0.03485254691689008,0.5308310991957105,0.24128686327077747,0.08310991957104558,-0.3941018766756032,-0.01876675603217158,-0.026809651474530828,0.34316353887399464,0.06970509383378015,0.026809651474530828,0.2734584450402145,cosyvoice3,True,0.18010752688172046,0.3576369670500734,0.2734584450402145,-0.36193029490616624,-0.3163538873994638,0.34316353887399464,0.27149280968616135,0.41910881630424895,0.2734584450402145,0.17941773259148788,0.35924932975871304,,,,,,,,
2,resynth_s3vc3,0.03753351206434316,0.002680965147453083,0.021447721179624665,0.707774798927614,0.17962466487935658,0.05093833780160858,-0.4584450402144772,-0.02412868632707775,-0.040214477211796246,0.5201072386058981,0.008042895442359255,-0.00536193029490617,0.5120643431635389,cosyvoice3,True,0.35354767751176597,0.612314559254787,0.5120643431635389,-0.5442359249329759,-0.5254691689008043,0.5201072386058981,0.42853281853281855,0.6016172215208726,0.5120643431635389,0.3561033590789857,0.6137765798143158,,,,,,,,
3,clean_real,0.4477211796246649,0.03753351206434316,0.06166219839142091,0.1742627345844504,0.21715817694369974,0.06166219839142091,,,,,,,,,,,,,,,,,,,,,,,,,,,,
3,resynth_vocos,0.10187667560321716,0.5040214477211796,0.032171581769437,0.09919571045576407,0.17158176943699732,0.09115281501340483,-0.34584450402144773,0.46648793565683644,-0.029490616621983913,-0.07506702412868634,-0.045576407506702415,0.02949061662198392,0.4369973190348525,f5tts,True,0.29647603106976206,0.565485353819712,-0.5415549597855228,0.4369973190348525,-0.4369973190348525,0.46648793565683644,0.35518534238822863,0.5653598915989159,0.4369973190348525,0.3093077747989276,0.5643389415465158,,,,,,,,
3,resynth_bigvgan,0.13136729222520108,0.024128686327077747,0.04289544235924933,0.2975871313672922,0.36193029490616624,0.14209115281501342,-0.3163538873994638,-0.013404825737265414,-0.01876675603217158,0.1233243967828418,0.1447721179624665,0.0804289544235925,0.021447721179624707,chatterbox,False,2.7755575615628914e-17,0.11345646437994719,-0.021447721179624707,-0.15817694369973193,-0.064343163538874,0.0804289544235925,0.03783783783783784,0.1357942096752742,-0.064343163538874,-0.14481755684822847,6.9388939039009175e-19,-0.05851846057571965,0.016129032258064516,-0.24202127659574466,-0.10961836007130127,0.06399574468085106,0.17725294418842807,-0.11781631040192689,0.0620157821866761
3,resynth_griffinlim,0.2707774798927614,0.6407506702412868,0.029490616621983913,0.010723860589812333,0.0,0.04825737265415549,-0.1769436997319035,0.6032171581769437,-0.032171581769437,-0.16353887399463807,-0.21715817694369974,-0.013404825737265418,0.6166219839142091,f5tts,True,0.48809279501891645,0.7239147599985309,-0.7667560321715817,0.6166219839142091,-0.6166219839142091,0.6032171581769437,0.4999668435013262,0.7091524684096687,0.6166219839142091,0.48812664907651715,0.720497311827957,,,,,,,,
3,resynth_glvocos,0.225201072386059,0.6943699731903485,0.013404825737265416,0.010723860589812333,0.002680965147453083,0.05361930294906166,-0.2225201072386059,0.6568364611260054,-0.04825737265415549,-0.16353887399463807,-0.21447721179624665,-0.008042895442359248,0.6648793565683646,f5tts,True,0.5290450588837686,0.7915087025201802,-0.8203753351206434,0.6648793565683646,-0.6648793565683646,0.6568364611260054,0.556706302980969,0.7480465556559528,0.6648793565683646,0.5328078611075255,0.7893547683923704,,,,,,,,
3,resynth_encodec,0.1742627345844504,0.30831099195710454,0.064343163538874,0.1742627345844504,0.2037533512064343,0.07506702412868632,-0.2734584450402145,0.27077747989276135,0.002680965147453085,0.0,-0.013404825737265424,0.01340482573726541,0.25737265415549593,f5tts,False,0.12126947691598078,0.3556726863621752,-0.27077747989276135,0.25737265415549593,-0.25737265415549593,,,,,,,0.18426939134256207,0.3643742811960897,0.11647114704842704,0.3525074310934967,-0.07550798258345426,0.08269497206703907,-0.40275080847352934,-0.1408836286754289
3,resynth_dac,0.16353887399463807,0.03753351206434316,0.05093833780160858,0.2546916890080429,0.35656836461126007,0.13672922252010725,-0.28418230563002683,0.0,-0.010723860589812333,0.08042895442359249,0.13941018766756033,0.07506702412868634,0.05898123324396784,chatterbox,False,0.002680965147453057,0.1236559139784946,-0.05898123324396784,-0.13941018766756033,-0.064343163538874,,,,,,,-0.00806560592850916,0.00797872340425532,-0.1868585526315789,-0.10262643637395374,0.0317016997534709,0.12998500749625186,-0.13831636136079195,0.013334224598930484
3,resynth_hift3,0.09919571045576407,0.005361930294906166,0.045576407506702415,0.4128686327077748,0.32439678284182305,0.1126005361930295,-0.3485254691689008,-0.03217158176943699,-0.016085790884718495,0.2386058981233244,0.10723860589812331,0.050938337801608585,0.13136729222520108,cosyvoice3,True,0.024185526653546657,0.24314736477637094,0.13136729222520108,-0.27077747989276135,-0.1876675603217158,0.2386058981233244,0.16167923067370835,0.3149920195786337,0.13136729222520108,0.016155163427890733,0.24999999999999997,,,,,,,,
3,resynth_s3vc3,0.021447721179624665,0.002680965147453083,0.04289544235924933,0.6300268096514745,0.26273458445040215,0.040214477211796246,-0.4262734584450402,-0.034852546916890076,-0.01876675603217158,0.4557640750670241,0.045576407506702415,-0.021447721179624665,0.41018766756032166,cosyvoice3,True,0.30024802511791937,0.5196929133858268,0.41018766756032166,-0.4906166219839142,-0.4772117962466488,0.4557640750670241,0.37165775401069523,0.5345790903401979,0.41018766756032166,0.287243104526536,0.5225555349010131,,,,,,,,
4,clean_real,0.3753351206434316,0.02680965147453083,0.05630026809651475,0.225201072386059,0.19302949061662197,0.12332439678284182,,,,,,,,,,,,,,,,,,,,,,,,,,,,
4,resynth_vocos,0.13136729222520108,0.43699731903485256,0.04289544235924933,0.13941018766756033,0.16621983914209115,0.08310991957104558,-0.24396782841823053,0.4101876675603217,-0.013404825737265418,-0.08579088471849866,-0.02680965147453082,-0.040214477211796246,0.42359249329758714,f5tts,True,0.30605202167867074,0.5258926895909803,-0.4959785522788204,0.42359249329758714,-0.45040214477211793,0.4101876675603217,0.30952380952380953,0.5066319331762449,0.42359249329758714,0.29250602836879436,0.5292906028368793,,,,,,,,
4,resynth_bigvgan,0.15013404825737264,0.01876675603217158,0.045576407506702415,0.34316353887399464,0.3109919571045576,0.13136729222520108,-0.22520107238605896,-0.008042895442359251,-0.010723860589812333,0.11796246648793565,0.11796246648793565,0.008042895442359255,0.0,cosyvoice3,False,0.0026246719160105117,0.1129906336088154,0.0,-0.1260053619302949,-0.1099195710455764,0.008042895442359255,-0.02949860865900886,0.054444041450777164,-0.1099195710455764,-0.2,-0.06197807726864331,-0.04043399868871567,0.01092896174863388,-0.201647196938953,-0.09114066130473639,0.05451871657754013,0.1793478260869565,-0.0941115883590463,0.08743423055181111
4,resynth_griffinlim,0.1903485254691689,0.7184986595174263,0.0160857908847185,0.013404825737265416,0.002680965147453083,0.058981233243967826,-0.18498659517426272,0.6916890080428955,-0.040214477211796246,-0.21179624664879357,-0.1903485254691689,-0.064343163538874,0.7319034852546917,f5tts,True,0.6259614495701211,0.8164633645627263,-0.903485254691689,0.7319034852546917,-0.7560321715817695,0.6916890080428955,0.6069235775118128,0.7763101285506946,0.7319034852546917,0.6273368015660241,0.8196844150623129,,,,,,,,
4,resynth_glvocos,0.21983914209115282,0.6595174262734584,0.013404825737265416,0.013404825737265416,0.002680965147453083,0.09115281501340483,-0.15549597855227879,0.6327077747989276,-0.04289544235924933,-0.21179624664879357,-0.1903485254691689,-0.03217158176943699,0.6648793565683646,f5tts,True,0.5359905013192613,0.7640869469622821,-0.8445040214477212,0.6648793565683646,-0.6648793565683646,0.6327077747989276,0.5429489973844812,0.7275382298174602,0.6648793565683646,0.5274650621118011,0.7673843763549646,,,,,,,,
4,resynth_encodec,0.18498659517426275,0.32439678284182305,0.07238605898123325,0.2064343163538874,0.11796246648793565,0.0938337801608579,-0.19034852546916886,0.2975871313672922,0.016085790884718502,-0.018766756032171594,-0.07506702412868632,-0.02949061662198392,0.2815013404825737,f5tts,False,0.15175126345858053,0.38073247019333456,-0.3163538873994638,0.2815013404825737,-0.32707774798927614,,,,,,,0.20743536948066807,0.38953684210526307,0.14861875951018044,0.3885057824803149,-0.09523809523809523,0.0663174064563463,-0.46670634920634924,-0.1523902946248714
4,resynth_dac,0.1554959785522788,0.029490616621983913,0.045576407506702415,0.3324396782841823,0.2949061662198391,0.14209115281501342,-0.2198391420911528,0.0026809651474530814,-0.010723860589812333,0.10723860589812331,0.10187667560321714,0.018766756032171594,0.00536193029490617,cosyvoice3,False,0.0026383488404388366,0.09704818881072903,0.00536193029490617,-0.10455764075067023,-0.08847184986595172,,,,,,,0.0,0.00813063361611877,-0.16260162601626016,-0.08661417322834646,0.05263157894736842,0.16164383561643836,-0.08490915832406376,0.08422274949669258
4,resynth_hift3,0.10455764075067024,0.010723860589812333,0.04825737265415549,0.4745308310991957,0.2546916890080429,0.10723860589812333,-0.27077747989276135,-0.0160857908847185,-0.008042895442359255,0.2493297587131367,0.061662198391420925,-0.016085790884718495,0.18766756032171578,cosyvoice3,True,0.09136588337684945,0.28877005347593576,0.18766756032171578,-0.2654155495978552,-0.2654155495978552,0.2493297587131367,0.18081065368264237,0.3271473000634262,0.18766756032171578,0.10427112299465244,0.28075473991249394,,,,,,,,
4,resynth_s3vc3,0.0160857908847185,0.005361930294906166,0.04825737265415549,0.6434316353887399,0.2520107238605898,0.03485254691689008,-0.3592493297587131,-0.021447721179624665,-0.008042895442359255,0.4182305630026809,0.05898123324396784,-0.08847184986595175,0.35924932975871304,cosyvoice3,True,0.23218131365988118,0.49066912928759887,0.35924932975871304,-0.4396782841823056,-0.5067024128686326,0.4182305630026809,0.3271552562144147,0.5040985497692815,0.35924932975871304,0.22907058001397623,0.48493559045179485,,,,,,,,
5,clean_real,0.2707774798927614,0.01876675603217158,0.040214477211796246,0.28150134048257375,0.2520107238605898,0.13672922252010725,,,,,,,,,,,,,,,,,,,,,,,,,,,,
5,resynth_vocos,0.1260053619302949,0.35924932975871315,0.040214477211796246,0.1903485254691689,0.21447721179624665,0.06970509383378017,-0.1447721179624665,0.34048257372654156,0.0,-0.09115281501340486,-0.03753351206434316,-0.06702412868632708,0.34048257372654156,f5tts,True,0.23795447076748427,0.4417873135950611,-0.43163538873994645,0.34048257372654156,-0.4075067024128686,0.34048257372654156,0.2513201426024956,0.44175772357723575,0.34048257372654156,0.23074935400516794,0.4358747996425481,,,,,,,,
5,resynth_bigvgan,0.14745308310991956,0.0160857908847185,0.04289544235924933,0.34048257372654156,0.3351206434316354,0.11796246648793565,-0.12332439678284185,-0.0026809651474530814,0.002680965147453085,0.05898123324396781,0.08310991957104558,-0.018766756032171594,0.024128686327077764,chatterbox,False,2.7755575615628914e-17,0.08920130728554641,-0.024128686327077764,-0.08579088471849866,-0.10187667560321717,-0.018766756032171594,-0.04839693154996066,0.010901428272000472,-0.10187667560321717,-0.16138826723030378,-0.056906723796967734,-0.015915119363395222,0.007936507936507936,-0.12398975172286267,-0.06010786286007787,0.015955336035123266,0.10084391961487603,-0.0837974085852764,0.03763440860215056
5,resynth_griffinlim,0.21179624664879357,0.6327077747989276,0.00804289544235925,0.024128686327077747,0.005361930294906166,0.11796246648793565,-0.05898123324396784,0.613941018766756,-0.032171581769437,-0.257372654155496,-0.24664879356568364,-0.018766756032171594,0.6327077747989276,f5tts,True,0.5122599189207151,0.7294429708222812,-0.8713136729222519,0.6327077747989276,-0.6327077747989276,0.613941018766756,0.5225175179789785,0.7032310819720166,0.6327077747989276,0.5237839908081195,0.7319214061447148,,,,,,,,
5,resynth_glvocos,0.23056300268096513,0.5603217158176944,0.00804289544235925,0.03485254691689008,0.010723860589812333,0.1554959785522788,-0.04021447721179627,0.5415549597855228,-0.032171581769437,-0.24664879356568367,-0.24128686327077747,0.018766756032171567,0.5227882037533512,f5tts,True,0.38373219994187746,0.6517351609358706,-0.7882037533512065,0.5227882037533512,-0.5227882037533512,0.5415549597855228,0.4494475991949396,0.6411162385087751,0.5227882037533512,0.38978146699481414,0.6470785895003162,,,,,,,,
5,resynth_encodec,0.22788203753351208,0.29222520107238603,0.08042895442359249,0.20911528150134048,0.128686327077748,0.06166219839142091,-0.04289544235924933,0.27345844504021444,0.040214477211796246,-0.07238605898123326,-0.12332439678284182,-0.07506702412868634,0.2332439678284182,f5tts,False,0.14243744292237445,0.3270963965760456,-0.34584450402144773,0.2332439678284182,-0.34852546916890076,,,,,,,0.18815943094352677,0.35503309008831324,0.14475281501340484,0.3298355035001538,-0.15364399751192204,0.010587002096436053,-0.5027484011127681,-0.20159939029663582
5,resynth_dac,0.1554959785522788,0.0160857908847185,0.045576407506702415,0.32171581769436997,0.3190348525469169,0.14209115281501342,-0.1152815013404826,-0.0026809651474530814,0.00536193029490617,0.04021447721179622,0.06702412868632707,0.00536193029490617,0.02680965147453085,chatterbox,False,2.7755575615628914e-17,0.08130241341783499,-0.02680965147453085,-0.06970509383378015,-0.0616621983914209,,,,,,,-0.016129032258064516,0.008000534759358288,-0.10444864398214436,-0.04508985586571792,0.0,0.07838902761457112,-0.07999999999999996,0.02773009502621038
5,resynth_hift3,0.12064343163538874,0.013404825737265416,0.040214477211796246,0.42359249329758714,0.3163538873994638,0.08579088471849866,-0.15013404825737267,-0.005361930294906165,0.0,0.1420911528150134,0.06434316353887398,-0.050938337801608585,0.0777479892761394,cosyvoice3,True,0.008263895195713406,0.15650104206138687,0.0777479892761394,-0.14745308310991956,-0.19302949061662197,0.1420911528150134,0.09212906504065044,0.19364485546983914,0.0777479892761394,0.0025793650793650845,0.15808981813240644,,,,,,,,
5,resynth_s3vc3,0.00804289544235925,0.005361930294906166,0.05093833780160858,0.5978552278820375,0.289544235924933,0.04825737265415549,-0.26273458445040215,-0.013404825737265414,0.010723860589812333,0.31635388739946374,0.03753351206434319,-0.08847184986595175,0.27882037533512055,cosyvoice3,True,0.18154641626054913,0.3607537875267218,0.27882037533512055,-0.32975871313672916,-0.4048257372654155,0.31635388739946374,0.24734042553191488,0.38363360495713433,0.27882037533512055,0.17837097371343943,0.35892333246239416,,,,,,,,
6,clean_real,0.22788203753351208,0.01876675603217158,0.03753351206434316,0.21715817694369974,0.3163538873994638,0.18230563002680966,,,,,,,,,,,,,,,,,,,,,,,,,,,,
6,resynth_vocos,0.13136729222520108,0.3351206434316354,0.021447721179624665,0.2386058981233244,0.2037533512064343,0.06970509383378017,-0.096514745308311,0.3163538873994638,-0.016085790884718495,0.02144772117962465,-0.11260053619302948,-0.1126005361930295,0.2949061662198391,f5tts,True,0.19780639162774608,0.39409076669775017,-0.2949061662198391,0.2949061662198391,-0.4289544235924933,0.3163538873994638,0.23714919930236247,0.3875490324984112,0.2949061662198391,0.20211479066575155,0.3934591042939392,,,,,,,,
6,resynth_bigvgan,0.13941018766756033,0.01876675603217158,0.032171581769437,0.30294906166219837,0.35656836461126007,0.15013404825737264,-0.08847184986595175,0.0,-0.005361930294906163,0.08579088471849863,0.04021447721179627,-0.03217158176943702,0.04557640750670236,cosyvoice3,False,0.0026666666666667047,0.10598548009714485,0.04557640750670236,-0.08579088471849863,-0.11796246648793565,-0.03217158176943702,-0.0564516129032258,-0.008064516129032251,-0.11796246648793565,-0.16756490370754776,-0.07355456955593197,-0.021564799300648356,0.016,-0.13316561555452222,-0.04533031914893617,0.047996808510638284,0.1266846361185984,-0.018568873807776994,0.10401394101876672
6,resynth_griffinlim,0.18498659517426275,0.646112600536193,0.002680965147453083,0.045576407506702415,0.013404825737265416,0.10723860589812333,-0.04289544235924933,0.6273458445040214,-0.034852546916890076,-0.17158176943699732,-0.30294906166219837,-0.07506702412868634,0.6621983914209115,f5tts,True,0.5511716282790855,0.7546829787234043,-0.7989276139410187,0.6621983914209115,-0.7024128686327078,0.6273458445040214,0.5349462365591398,0.7120091397849462,0.6621983914209115,0.5586337561969236,0.7540885722679201,,,,,,,,
6,resynth_glvocos,0.1903485254691689,0.5227882037533512,0.0,0.064343163538874,0.032171581769437,0.1903485254691689,-0.03753351206434319,0.5040214477211796,-0.03753351206434316,-0.15281501340482573,-0.2841823056300268,0.008042895442359227,0.4959785522788204,f5tts,True,0.3550630410883606,0.6207279693486589,-0.6568364611260054,0.4959785522788204,-0.4959785522788204,0.5040214477211796,0.41795082312323695,0.5893453083109919,0.4959785522788204,0.3571091644204852,0.612303631726157,,,,,,,,
6,resynth_encodec,0.1742627345844504,0.353887399463807,0.07238605898123325,0.24664879356568364,0.1260053619302949,0.02680965147453083,-0.05361930294906167,0.3351206434316354,0.03485254691689009,0.029490616621983906,-0.1903485254691689,-0.15549597855227884,0.3002680965147453,f5tts,False,0.17786189947677183,0.3842206477732793,-0.30563002680965146,0.3002680965147453,-0.4906166219839142,,,,,,,0.2592361111111111,0.4107058510638298,0.1734390243902439,0.3848289204817182,-0.038580959416408885,0.10345062482382784,-0.43351063829787234,-0.1710101867572156
6,resynth_dac,0.16353887399463807,0.029490616621983913,0.03485254691689008,0.27882037533512066,0.3163538873994638,0.1769436997319035,-0.06434316353887401,0.010723860589812333,-0.002680965147453078,0.061662198391420925,0.0,-0.00536193029490617,0.05093833780160859,cosyvoice3,False,0.010723860589812319,0.08110884857460197,0.05093833780160859,-0.05093833780160859,-0.0670241286863271,,,,,,,0.0026455026455026454,0.02150537634408602,-0.08246897163120567,-0.01871657754010697,0.03426744759198586,0.09091518401169872,0.007810855193902919,0.08175597539733591
6,resynth_hift3,0.12332439678284182,0.024128686327077747,0.04825737265415549,0.35924932975871315,0.34048257372654156,0.10455764075067024,-0.10455764075067026,0.005361930294906166,0.010723860589812333,0.14209115281501342,0.024128686327077764,-0.07774798927613942,0.11796246648793565,cosyvoice3,True,0.03864301119744729,0.1711229946524064,0.11796246648793565,-0.13672922252010725,-0.21983914209115285,0.14209115281501342,0.09808446105368913,0.18868300883179448,0.11796246648793565,0.042892575016845666,0.16798006956447517,,,,,,,,
6,resynth_s3vc3,0.013404825737265416,0.0,0.05630026809651475,0.5067024128686327,0.353887399463807,0.06970509383378017,-0.21447721179624665,-0.01876675603217158,0.018766756032171587,0.28954423592493295,0.03753351206434319,-0.1126005361930295,0.25201072386058976,cosyvoice3,True,0.14861875951018041,0.32529217698809726,0.25201072386058976,-0.30831099195710454,-0.40214477211796246,0.28954423592493295,0.2242675461741425,0.35013599483680613,0.25201072386058976,0.15606411862990813,0.3252831641899239,,,,,,,,
7,clean_real,0.2225201072386059,0.021447721179624665,0.032171581769437,0.24664879356568364,0.3136729222520107,0.16353887399463807,,,,,,,,,,,,,,,,,,,,,,,,,,,,
7,resynth_vocos,0.16353887399463807,0.24128686327077747,0.045576407506702415,0.28150134048257375,0.2037533512064343,0.064343163538874,-0.05898123324396784,0.2198391420911528,0.013404825737265418,0.034852546916890104,-0.1099195710455764,-0.09919571045576407,0.1849865951742627,f5tts,True,0.08105405405405407,0.2764342381327039,-0.1849865951742627,0.1849865951742627,-0.3190348525469169,0.2198391420911528,0.15010410130625748,0.29068609625668446,0.1849865951742627,0.08038300021069919,0.27393617021276595,,,,,,,,
7,resynth_bigvgan,0.15013404825737264,0.0160857908847185,0.029490616621983913,0.2949061662198391,0.36193029490616624,0.14745308310991956,-0.07238605898123326,-0.005361930294906166,-0.002680965147453085,0.04825737265415547,0.04825737265415553,-0.01608579088471851,5.551115123125783e-17,chatterbox,False,2.7755575615628914e-17,0.05996620350158818,-5.551115123125783e-17,-0.0536193029490617,-0.06434316353887404,-0.01608579088471851,-0.0448188510232589,0.005496031746031753,-0.06434316353887404,-0.11703692115143932,-0.0395752326065824,-0.021447721179624662,0.008130633616118769,-0.0962566844919786,-0.039575232606582446,0.010898442127709983,0.08108108108108109,-0.05376706373358837,0.05527046783625728
7,resynth_griffinlim,0.1581769436997319,0.5388739946380697,0.010723860589812333,0.09919571045576407,0.03753351206434316,0.1554959785522788,-0.06434316353887401,0.517426273458445,-0.021447721179624665,-0.14745308310991956,-0.2761394101876675,-0.008042895442359255,0.5254691689008043,f5tts,True,0.41298405797101456,0.6220257142033497,-0.6648793565683646,0.5254691689008043,-0.5254691689008043,0.517426273458445,0.43167399706783954,0.605409159159159,0.5254691689008043,0.40543481403838516,0.6216290262865606,,,,,,,,
7,resynth_glvocos,0.20107238605898123,0.4128686327077748,0.00804289544235925,0.10187667560321716,0.05361930294906166,0.2225201072386059,-0.02144772117962468,0.3914209115281501,-0.02412868632707775,-0.14477211796246647,-0.26005361930294907,0.05898123324396784,0.3324396782841823,f5tts,True,0.2004811758971197,0.4674315891245751,-0.5361930294906165,0.3324396782841823,-0.3324396782841823,0.3914209115281501,0.3101461431396967,0.4749590817377563,0.3324396782841823,0.1962086939417781,0.4811878002745367,,,,,,,,
7,resynth_encodec,0.225201072386059,0.2680965147453083,0.10455764075067024,0.26005361930294907,0.11796246648793565,0.024128686327077747,0.002680965147453085,0.24664879356568364,0.07238605898123324,0.013404825737265424,-0.19571045576407506,-0.13941018766756033,0.1742627345844504,f5tts,False,0.08010241565769369,0.24933219178082192,-0.23324396782841822,0.1742627345844504,-0.386058981233244,,,,,,,0.18406428571428574,0.3125,0.08538775048115023,0.2493699390410335,-0.0567967237794824,0.08558462205521025,-0.334257467014644,-0.12599693911198404
7,resynth_dac,0.16353887399463807,0.021447721179624665,0.03485254691689008,0.26541554959785524,0.3485254691689008,0.16621983914209115,-0.05898123324396784,0.0,0.002680965147453085,0.018766756032171594,0.034852546916890104,0.002680965147453085,0.01608579088471851,chatterbox,False,2.7755575615628914e-17,0.047229001759014996,-0.01608579088471851,-0.034852546916890104,-0.03217158176943702,,,,,,,-0.008,0.008022468518199065,-0.0635475138121547,-0.015997877984084922,-0.015916177549523066,0.053637516027509026,-0.06216637369076391,0.03183448275862076
7,resynth_hift3,0.15281501340482573,0.01876675603217158,0.05630026809651475,0.3967828418230563,0.2975871313672922,0.0777479892761394,-0.06970509383378018,-0.002680965147453085,0.02412868632707775,0.15013404825737264,-0.01608579088471851,-0.08579088471849866,0.12600536193029488,cosyvoice3,True,0.053180963341379874,0.1840070460704607,0.12600536193029488,-0.15281501340482573,-0.2359249329758713,0.15013404825737264,0.1043857142857143,0.1967769167415394,0.12600536193029488,0.054036036036036066,0.1866916890080429,,,,,,,,
7,resynth_s3vc3,0.005361930294906166,0.005361930294906166,0.06166219839142091,0.5361930294906166,0.34584450402144773,0.045576407506702415,-0.21715817694369974,-0.0160857908847185,0.029490616621983913,0.289544235924933,0.03217158176943702,-0.11796246648793565,0.257372654155496,cosyvoice3,True,0.13660879480228905,0.33245495495495486,0.257372654155496,-0.3056300268096515,-0.4075067024128687,0.289544235924933,0.23055289586790925,0.34889287481444825,0.257372654155496,0.1232792499438581,0.326204627015986,,,,,,,,
8,clean_real,0.24128686327077747,0.01876675603217158,0.04289544235924933,0.2761394101876676,0.29222520107238603,0.128686327077748,,,,,,,,,,,,,,,,,,,,,,,,,,,,
8,resynth_vocos,0.16353887399463807,0.1876675603217158,0.064343163538874,0.32707774798927614,0.2225201072386059,0.03485254691689008,-0.0777479892761394,0.16890080428954424,0.021447721179624665,0.05093833780160856,-0.06970509383378012,-0.09383378016085792,0.11796246648793568,f5tts,True,0.02906362360782253,0.19787422402546198,-0.11796246648793568,0.11796246648793568,-0.26273458445040215,0.16890080428954424,0.10614107663347097,0.23936450167973125,0.11796246648793568,0.01612368443569781,0.20635351966873702,,,,,,,,
8,resynth_bigvgan,0.19571045576407506,0.02680965147453083,0.040214477211796246,0.32439678284182305,0.29222520107238603,0.12064343163538874,-0.045576407506702415,0.008042895442359251,-0.002680965147453085,0.04825737265415547,0.0,-0.008042895442359255,0.04021447721179622,cosyvoice3,False,5.551115123125783e-17,0.07945514334508195,0.04021447721179622,-0.04021447721179622,-0.05630026809651473,-0.008042895442359255,-0.02949061662198392,0.010724581279368092,-0.05630026809651473,-0.10934064171122992,-0.010839375961327212,0.0,0.021447721179624662,-0.08223358400586946,-0.0026807859385528645,0.008130081300812997,0.08776595744680854,-0.018520981087470422,0.08174512736083049
8,resynth_griffinlim,0.1742627345844504,0.514745308310992,0.01876675603217158,0.11796246648793565,0.05630026809651475,0.11796246648793565,-0.06702412868632707,0.4959785522788204,-0.02412868632707775,-0.15817694369973193,-0.23592493297587128,-0.01072386058981234,0.5067024128686327,f5tts,True,0.3897328359496291,0.6055332014482474,-0.6541554959785523,0.5067024128686327,-0.5067024128686327,0.4959785522788204,0.417783843264323,0.5691675245939144,0.5067024128686327,0.38808813221277183,0.6,,,,,,,,
8,resynth_glvocos,0.2064343163538874,0.40482573726541554,0.021447721179624665,0.13136729222520108,0.08042895442359249,0.1554959785522788,-0.034852546916890076,0.38605898123324395,-0.021447721179624665,-0.1447721179624665,-0.21179624664879354,0.02680965147453082,0.35924932975871315,f5tts,True,0.23870124364047485,0.4619667484805984,-0.5308310991957105,0.35924932975871315,-0.35924932975871315,0.38605898123324395,0.31162040930754137,0.46562137049941926,0.35924932975871315,0.2433155080213904,0.47432559770341637,,,,,,,,
8,resynth_encodec,0.2037533512064343,0.17962466487935658,0.225201072386059,0.28150134048257375,0.10187667560321716,0.00804289544235925,-0.03753351206434316,0.16085790884718498,0.18230563002680966,0.00536193029490617,-0.19034852546916886,-0.12064343163538874,0.02144772117962468,xtts,False,0.002645328140051096,0.10794535769719203,-0.1769436997319035,-0.02144772117962468,-0.30294906166219837,,,,,,,0.10609435983775925,0.21237560054907342,-0.11025223061084422,0.06937111716621253,-0.08290974885908674,0.09092130987292274,-0.30411266942088855,-0.06830439740114455
8,resynth_dac,0.19839142091152814,0.032171581769437,0.04289544235924933,0.3109919571045576,0.28150134048257375,0.13404825737265416,-0.04289544235924933,0.013404825737265418,0.0,0.03485254691689005,-0.010723860589812284,0.00536193029490617,0.02144772117962463,cosyvoice3,False,2.7755575615628914e-17,0.05362290639684053,0.02144772117962463,-0.02144772117962463,-0.02949061662198388,,,,,,,0.0,0.03218030035528236,-0.05435899344848126,0.008242896606156286,0.0053191489361702465,0.06539634363810148,-0.018618262411347487,0.05436275680840896
8,resynth_hift3,0.17158176943699732,0.032171581769437,0.0938337801608579,0.4262734584450402,0.2386058981233244,0.03753351206434316,-0.06970509383378015,0.013404825737265418,0.05093833780160857,0.15013404825737264,-0.05361930294906164,-0.09115281501340483,0.09919571045576407,cosyvoice3,True,0.025129305052489437,0.16578651202133302,0.09919571045576407,-0.13672922252010722,-0.24128686327077747,0.15013404825737264,0.09038645728923039,0.20998414970855914,0.09919571045576407,0.03021360451537561,0.16622388737511354,,,,,,,,
8,resynth_s3vc3,0.01876675603217158,0.005361930294906166,0.08310991957104558,0.5308310991957105,0.3109919571045576,0.05093833780160858,-0.22252010723860588,-0.013404825737265414,0.040214477211796246,0.2546916890080429,0.018766756032171594,-0.0777479892761394,0.21447721179624665,cosyvoice3,True,0.10606221688083575,0.3015947888589398,0.21447721179624665,-0.2680965147453083,-0.3324396782841823,0.2546916890080429,0.18498659517426275,0.3254184034356448,0.21447721179624665,0.11412108925695882,0.30110806879438695,,,,,,,,
9,clean_real,0.2386058981233244,0.01876675603217158,0.04289544235924933,0.29222520107238603,0.289544235924933,0.11796246648793565,,,,,,,,,,,,,,,,,,,,,,,,,,,,
9,resynth_vocos,0.1903485254691689,0.09919571045576407,0.07506702412868632,0.34048257372654156,0.26273458445040215,0.032171581769437,-0.0482573726541555,0.08042895442359249,0.03217158176943699,0.04825737265415553,-0.02680965147453085,-0.08579088471849866,0.03217158176943696,f5tts,True,0.002666666666666678,0.08825454265475821,-0.03217158176943696,0.03217158176943696,-0.16621983914209115,0.08042895442359249,0.03866608643003103,0.12237257423427633,0.03217158176943696,-0.04588622728458394,0.08533333333333332,,,,,,,,
9,resynth_bigvgan,0.18230563002680966,0.01876675603217158,0.040214477211796246,0.3378016085790885,0.3351206434316354,0.08579088471849866,-0.05630026809651473,0.0,-0.002680965147453085,0.04557640750670244,0.04557640750670239,-0.03217158176943699,5.551115123125783e-17,cosyvoice3,False,5.551115123125783e-17,0.06666666666666665,5.551115123125783e-17,-0.04557640750670244,-0.07774798927613943,-0.03217158176943699,-0.05820879770347855,-0.008064516129032251,-0.07774798927613943,-0.13867411444141692,-0.047619047619047644,-0.013265259081689103,0.013227513227513227,-0.09211870787322528,-0.02972972972972973,0.010582010582010581,0.07979790078507222,-0.06166634235636656,0.0631578947368421
9,resynth_griffinlim,0.16353887399463807,0.4343163538873995,0.0160857908847185,0.19839142091152814,0.11528150134048257,0.07238605898123325,-0.07506702412868632,0.4155495978552279,-0.02680965147453083,-0.09383378016085789,-0.17426273458445043,-0.0455764075067024,0.44235924932975873,f5tts,True,0.3678024197919904,0.5118813951991762,-0.5093833780160858,0.44235924932975873,-0.46112600536193027,0.4155495978552279,0.3522922312556459,0.48278642936596217,0.44235924932975873,0.37261758000193085,0.5121967834119758,,,,,,,,
9,resynth_glvocos,0.23324396782841822,0.3002680965147453,0.029490616621983913,0.225201072386059,0.13136729222520108,0.08042895442359249,-0.00536193029490617,0.2815013404825737,-0.013404825737265418,-0.06702412868632704,-0.15817694369973193,-0.03753351206434316,0.2949061662198391,f5tts,True,0.22664304461942256,0.3596258772680588,-0.3485254691689007,0.2949061662198391,-0.3190348525469169,0.2815013404825737,0.22251993178277163,0.3388912429378531,0.2949061662198391,0.22459206532735948,0.3614146567052885,,,,,,,,
9,resynth_encodec,0.22788203753351208,0.13941018766756033,0.23324396782841822,0.2680965147453083,0.128686327077748,0.002680965147453083,-0.010723860589812312,0.12064343163538875,0.1903485254691689,-0.02412868632707771,-0.160857908847185,-0.11528150134048257,0.06970509383378014,xtts,False,0.005274988863379356,0.16211325439266616,-0.2144772117962466,-0.06970509383378014,-0.30563002680965146,,,,,,,0.07465950413223141,0.16892231601254434,-0.15948112514688603,0.023875862068965505,-0.1090487297988606,0.06667112299465239,-0.3553338335892783,-0.08846005361930294
9,resynth_dac,0.21983914209115282,0.01876675603217158,0.03485254691689008,0.30831099195710454,0.30831099195710454,0.10991957104557641,-0.018766756032171567,0.0,-0.008042895442359248,0.01608579088471851,0.01876675603217154,-0.00804289544235924,0.0026809651474530294,chatterbox,False,3.3827107781547788e-18,0.05001666666666663,-0.0026809651474530294,-0.01876675603217154,-0.02680965147453078,,,,,,,-0.013698630136986297,0.013262599469496022,-0.06011340669211772,0.002611308703905457,-0.01842105263157895,0.04879048380647739,-0.0489468311479181,0.040115059746025326
9,resynth_hift3,0.19571045576407506,0.021447721179624665,0.08042895442359249,0.4128686327077748,0.24932975871313673,0.040214477211796246,-0.04289544235924933,0.002680965147453085,0.03753351206434316,0.12064343163538876,-0.04021447721179627,-0.0777479892761394,0.0831099195710456,cosyvoice3,True,0.01634655856095349,0.14894609929078015,0.0831099195710456,-0.11796246648793568,-0.19839142091152817,0.12064343163538876,0.06847458885547762,0.1755355089131685,0.0831099195710456,0.01648238747553817,0.1524109705809498,,,,,,,,
9,resynth_s3vc3,0.05093833780160858,0.005361930294906166,0.06702412868632708,0.5120643431635389,0.3351206434316354,0.029490616621983913,-0.1876675603217158,-0.013404825737265414,0.02412868632707775,0.21983914209115285,0.04557640750670239,-0.08847184986595175,0.17426273458445046,cosyvoice3,True,0.06561679790026248,0.2585598868346787,0.17426273458445046,-0.23324396782841827,-0.3083109919571046,0.21983914209115285,0.16753102836879433,0.2864721485411141,0.17426273458445046,0.056592422560791084,0.25545053029415205,,,,,,,,
10,clean_real,0.21179624664879357,0.01876675603217158,0.024128686327077747,0.34316353887399464,0.3002680965147453,0.10187667560321716,,,,,,,,,,,,,,,,,,,,,,,,,,,,
10,resynth_vocos,0.18498659517426275,0.10991957104557641,0.06166219839142091,0.3672922252010724,0.2520107238605898,0.024128686327077747,-0.02680965147453082,0.09115281501340483,0.03753351206434316,0.024128686327077764,-0.04825737265415547,-0.0777479892761394,0.05361930294906167,f5tts,True,0.005226480836236911,0.08895479711517447,-0.06702412868632707,0.05361930294906167,-0.16890080428954424,0.09115281501340483,0.05434048178613395,0.12773301267147175,0.05361930294906167,-0.02426537012419487,0.08947868993135011,,,,,,,,
10,resynth_bigvgan,0.17962466487935658,0.0160857908847185,0.040214477211796246,0.3646112600536193,0.3136729222520107,0.08579088471849866,-0.03217158176943699,-0.0026809651474530814,0.0160857908847185,0.02144772117962468,0.013404825737265424,-0.016085790884718495,0.00536193029490618,cosyvoice3,False,6.895525817007811e-18,0.050026881720430086,0.00536193029490618,-0.02412868632707776,-0.037533512064343175,-0.016085790884718495,-0.03917482450036857,0.00537670637335884,-0.037533512064343175,-0.090191672780631,-0.016127951223730865,-0.018870481157641766,0.011013878875270316,-0.07181811070656503,-0.008107018308631215,-0.021280873880554423,0.05676060206548014,-0.05867058823529409,0.05057807625912355
10,resynth_griffinlim,0.1876675603217158,0.3967828418230563,0.02680965147453083,0.2037533512064343,0.10723860589812333,0.0777479892761394,-0.024128686327077764,0.3780160857908847,0.002680965147453085,-0.13941018766756033,-0.19302949061662195,-0.02412868632707775,0.3753351206434316,f5tts,True,0.31181151338366514,0.43632294611355815,-0.517426273458445,0.3753351206434316,-0.40214477211796246,0.3780160857908847,0.3196533008418254,0.43851085163272274,0.3753351206434316,0.3128090679086884,0.4381884866163349,,,,,,,,
10,resynth_glvocos,0.21983914209115282,0.23056300268096513,0.021447721179624665,0.2707774798927614,0.16621983914209115,0.09115281501340483,0.008042895442359255,0.21179624664879354,-0.0026809651474530814,-0.07238605898123324,-0.13404825737265413,-0.010723860589812326,0.21447721179624663,f5tts,True,0.15632799241289805,0.2581650362318841,-0.2841823056300268,0.21447721179624663,-0.22252010723860588,0.21179624664879354,0.16975111234705229,0.2546588407923698,0.21447721179624663,0.15109126984126983,0.25825238095238096,,,,,,,,
10,resynth_encodec,0.16890080428954424,0.15013404825737264,0.257372654155496,0.2949061662198391,0.128686327077748,0.0,-0.04289544235924933,0.13136729222520105,0.23324396782841825,-0.04825737265415553,-0.1715817694369973,-0.10187667560321716,0.1018766756032172,xtts,False,0.010752688172043001,0.19785893090538534,-0.2815013404825738,-0.1018766756032172,-0.3351206434316354,,,,,,,0.08128985602524488,0.17755002043063625,-0.19840438743233665,0.002652696258253844,-0.14017227080011727,0.04882427348209647,-0.44810146211785556,-0.13440860215053765
10,resynth_dac,0.18230563002680966,0.024128686327077747,0.040214477211796246,0.3753351206434316,0.28150134048257375,0.09651474530831099,-0.029490616621983906,0.005361930294906166,0.0160857908847185,0.03217158176943696,-0.01876675603217154,-0.00536193029490617,0.016085790884718464,cosyvoice3,False,1.3877787807814457e-17,0.05722070844686644,0.016085790884718464,-0.026809651474530797,-0.03753351206434313,,,,,,,-0.01087030565098922,0.018567639257294426,-0.0675907071455017,0.0026666666666666306,-0.005333689839572215,0.06990191804707935,-0.03602943849470342,0.056603773584905676
10,resynth_hift3,0.1769436997319035,0.021447721179624665,0.06702412868632708,0.450402144772118,0.257372654155496,0.02680965147453083,-0.034852546916890076,0.002680965147453085,0.04289544235924933,0.10723860589812334,-0.0428954423592493,-0.07506702412868632,0.06434316353887401,cosyvoice3,True,0.005361930294906197,0.1485509904622157,0.06434316353887401,-0.10455764075067026,-0.18230563002680966,0.10723860589812334,0.047739059230279296,0.16671122994652404,0.06434316353887401,-0.01856887380777699,0.13645983645983636,,,,,,,,
10,resynth_s3vc3,0.04825737265415549,0.010723860589812333,0.06970509383378017,0.5361930294906166,0.32439678284182305,0.010723860589812333,-0.16353887399463807,-0.008042895442359248,0.045576407506702415,0.193029490616622,0.024128686327077764,-0.09115281501340483,0.14745308310991959,cosyvoice3,True,0.049844873331051,0.22015915119363388,0.14745308310991959,-0.20107238605898126,-0.28418230563002683,0.193029490616622,0.13440860215053763,0.2507172043010752,0.14745308310991959,0.058189601299837516,0.22222966934763186,,,,,,,,
11,clean_real,0.21447721179624665,0.021447721179624665,0.05093833780160858,0.3726541554959786,0.26005361930294907,0.08042895442359249,,,,,,,,,,,,,,,,,,,,,,,,,,,,
11,resynth_vocos,0.17962466487935658,0.11796246648793565,0.12064343163538874,0.34048257372654156,0.225201072386059,0.0160857908847185,-0.034852546916890076,0.09651474530831099,0.06970509383378015,-0.03217158176943702,-0.034852546916890076,-0.064343163538874,0.026809651474530835,f5tts,True,0.0025523560209424153,0.08972765676752932,-0.12868632707774802,0.026809651474530835,-0.16085790884718498,0.09651474530831099,0.05674158115334586,0.14248271889400918,0.026809651474530835,-0.03784297884841363,0.08513505763606125,,,,,,,,
11,resynth_bigvgan,0.17158176943699732,0.02680965147453083,0.06702412868632708,0.3726541554959786,0.2868632707774799,0.07506702412868632,-0.04289544235924933,0.005361930294906166,0.016085790884718502,0.0,0.02680965147453085,-0.00536193029490617,0.010723860589812347,chatterbox,False,1.3877787807814457e-17,0.05378921785240829,-0.02680965147453085,-0.021447721179624683,-0.03217158176943702,-0.00536193029490617,-0.024262047202682276,0.013514429063209552,-0.03217158176943702,-0.07924877921171958,-0.002666666666666675,-0.00797872340425532,0.018867924528301883,-0.06366471019809244,-0.0026666666666666674,-0.0413363766171953,0.040546048766157486,-0.0931326489081008,0.02645678076712559
11,resynth_griffinlim,0.15013404825737264,0.3672922252010724,0.064343163538874,0.17158176943699732,0.17158176943699732,0.07506702412868632,-0.06434316353887401,0.34584450402144773,0.013404825737265418,-0.20107238605898126,-0.08847184986595175,-0.00536193029490617,0.3324396782841823,f5tts,True,0.2627345844504021,0.39578827659789206,-0.546916890080429,0.3324396782841823,-0.3512064343163539,0.34584450402144773,0.2860960812385083,0.4032269051595324,0.3324396782841823,0.2579308725698228,0.39419026169026167,,,,,,,,
11,resynth_glvocos,0.1903485254691689,0.2386058981233244,0.05630026809651475,0.2680965147453083,0.17158176943699732,0.07506702412868632,-0.024128686327077764,0.2171581769436997,0.00536193029490617,-0.10455764075067026,-0.08847184986595175,-0.00536193029490617,0.21179624664879354,f5tts,True,0.15109747023809525,0.2648745429779912,-0.32171581769436997,0.21179624664879354,-0.22252010723860588,0.2171581769436997,0.16621562513227886,0.2707774798927614,0.21179624664879354,0.1482281060534892,0.2624385303571164,,,,,,,,
11,resynth_encodec,0.16890080428954424,0.15281501340482573,0.3190348525469169,0.23056300268096513,0.1260053619302949,0.002680965147453083,-0.045576407506702415,0.13136729222520105,0.2680965147453083,-0.14209115281501344,-0.13404825737265416,-0.0777479892761394,0.13672922252010727,xtts,False,0.03732838196286475,0.23643263652877064,-0.41018766756032177,-0.13672922252010727,-0.34584450402144773,,,,,,,0.08623607247358633,0.17771883289124668,-0.2447135624075549,-0.032,-0.20911528150134046,-0.0792242070563079,-0.5297450616843756,-0.29455162946587754
11,resynth_dac,0.16353887399463807,0.013404825737265416,0.06970509383378017,0.40214477211796246,0.2734584450402145,0.0777479892761394,-0.050938337801608585,-0.00804289544235925,0.018766756032171587,0.02949061662198388,0.013404825737265424,-0.002680965147453085,0.010723860589812291,cosyvoice3,False,1.3877787807814457e-17,0.05334048257372655,0.010723860589812291,-0.037533512064343126,-0.03217158176943696,,,,,,,-0.021623086501135282,0.005362290639684049,-0.08291010261598494,-0.021105409317239036,-0.007959693075714185,0.0727811976396882,-0.0421136395365071,0.05392304472043296
11,resynth_hift3,0.1769436997319035,0.024128686327077747,0.12332439678284182,0.4262734584450402,0.22788203753351208,0.021447721179624665,-0.03753351206434316,0.0026809651474530814,0.07238605898123324,0.05361930294906164,-0.03217158176943699,-0.058981233243967826,0.018766756032171594,xtts,False,0.002645328140051068,0.10327497624138748,-0.018766756032171594,-0.06970509383378015,-0.13136729222520105,0.05361930294906164,-0.01336898395721925,0.12064571854791606,-0.018766756032171594,-0.11270671844037766,0.06667560321715815,,,,,,,,
11,resynth_s3vc3,0.06166219839142091,0.01876675603217158,0.09919571045576407,0.5656836461126006,0.2359249329758713,0.01876675603217158,-0.15281501340482573,-0.002680965147453085,0.04825737265415549,0.193029490616622,-0.024128686327077764,-0.06166219839142091,0.1447721179624665,cosyvoice3,True,0.06010786286007791,0.22870834081925973,0.1447721179624665,-0.1957104557640751,-0.2546916890080429,0.193029490616622,0.13297872340425526,0.25622574917245766,0.1447721179624665,0.06049165251839275,0.22727873977873975,,,,,,,,
12,clean_real,0.21179624664879357,0.02680965147453083,0.06166219839142091,0.3646112600536193,0.24932975871313673,0.08579088471849866,,,,,,,,,,,,,,,,,,,,,,,,,,,,
12,resynth_vocos,0.1769436997319035,0.09115281501340483,0.1126005361930295,0.3672922252010724,0.2386058981233244,0.013404825737265416,-0.034852546916890076,0.064343163538874,0.050938337801608585,0.002680965147453085,-0.01072386058981234,-0.07238605898123325,0.01340482573726541,f5tts,True,6.938893903907228e-18,0.056149732620320844,-0.06166219839142091,0.01340482573726541,-0.13672922252010725,0.064343163538874,0.03493236900494966,0.09836174572724103,0.01340482573726541,-0.038486842105263146,0.05835931768158473,,,,,,,,
12,resynth_bigvgan,0.1769436997319035,0.032171581769437,0.058981233243967826,0.3967828418230563,0.2707774798927614,0.064343163538874,-0.034852546916890076,0.005361930294906166,-0.002680965147453085,0.03217158176943696,0.02144772117962468,-0.021447721179624665,0.010723860589812284,cosyvoice3,False,2.0643209364124014e-17,0.06267458048569856,0.010723860589812284,-0.026809651474530797,-0.05361930294906163,-0.021447721179624665,-0.045215780141843964,-0.002673796791443854,-0.05361930294906163,-0.09678071472045907,-0.028990673809924112,-0.005510022373407607,0.01857011494252873,-0.06915151470501564,-0.00270198005492126,-0.002688718419442257,0.06898400665618928,-0.04475175438596488,0.06333716948296185
12,resynth_griffinlim,0.15013404825737264,0.225201072386059,0.04825737265415549,0.30831099195710454,0.21715817694369974,0.05093833780160858,-0.061662198391420925,0.19839142091152817,-0.013404825737265418,-0.05630026809651478,-0.03217158176943699,-0.03485254691689008,0.2117962466487936,f5tts,True,0.15943802673641386,0.2553763440860215,-0.25469168900804295,0.2117962466487936,-0.23324396782841825,0.19839142091152817,0.15425531914893617,0.2451458631333283,0.2117962466487936,0.15925546023457252,0.2598451304329665,,,,,,,,
12,resynth_glvocos,0.2064343163538874,0.1742627345844504,0.04289544235924933,0.30294906166219837,0.225201072386059,0.04825737265415549,-0.00536193029490617,0.14745308310991959,-0.01876675603217158,-0.06166219839142095,-0.024128686327077736,-0.03753351206434317,0.16621983914209115,f5tts,True,0.09534585595056749,0.21543072919653608,-0.20911528150134054,0.16621983914209115,-0.18498659517426275,0.14745308310991959,0.10132043596730243,0.19565217391304346,0.16621983914209115,0.09258648490178835,0.2084570576984825,,,,,,,,
12,resynth_encodec,0.16621983914209115,0.14209115281501342,0.28150134048257375,0.2707774798927614,0.13404825737265416,0.005361930294906166,-0.045576407506702415,0.11528150134048258,0.21983914209115285,-0.09383378016085792,-0.11528150134048257,-0.08042895442359249,0.10455764075067027,xtts,False,0.018716577540106943,0.18919630156472259,-0.31367292225201077,-0.10455764075067027,-0.30026809651474534,,,,,,,0.07356448436204241,0.16272965879265092,-0.20055526493602735,-0.021446287508422805,-0.15777841439606147,-0.02909860954056202,-0.43090491825247923,-0.20215491931433102
12,resynth_dac,0.18498659517426275,0.01876675603217158,0.058981233243967826,0.39946380697050937,0.26273458445040215,0.07506702412868632,-0.02680965147453082,-0.008042895442359251,-0.002680965147453085,0.03485254691689005,0.013404825737265424,-0.01072386058981234,0.021447721179624624,cosyvoice3,False,5.551115123125783e-17,0.06417974814559252,0.021447721179624624,-0.0428954423592493,-0.04557640750670239,,,,,,,-0.019916909030942665,0.00268835318667942,-0.0798160518860063,-0.018617021276595758,0.005288600288600289,0.06539634363810146,-0.02896894166310082,0.06253324468085103
12,resynth_hift3,0.19571045576407506,0.024128686327077747,0.10991957104557641,0.4316353887399464,0.22788203753351208,0.010723860589812333,-0.01608579088471851,-0.002680965147453085,0.0482573726541555,0.06702412868632707,-0.02144772117962465,-0.07506702412868632,0.018766756032171567,cosyvoice3,True,0.002610796072671847,0.07978979837055275,0.018766756032171567,-0.06970509383378015,-0.1420911528150134,0.06702412868632707,0.02167875192265437,0.11143520402232036,0.018766756032171567,-0.04123957938613106,0.07692307692307693,,,,,,,,
12,resynth_s3vc3,0.07238605898123325,0.010723860589812333,0.10455764075067024,0.5737265415549598,0.2225201072386059,0.0160857908847185,-0.1394101876675603,-0.0160857908847185,0.04289544235924933,0.2091152815013405,-0.02680965147453082,-0.06970509383378017,0.16621983914209118,cosyvoice3,True,0.07386093056181228,0.2473132427843803,0.16621983914209118,-0.22520107238605902,-0.27882037533512066,0.2091152815013405,0.145878945447911,0.2751322751322751,0.16621983914209118,0.07433517728605703,0.24740042674253196,,,,,,,,
13,clean_real,0.24396782841823056,0.024128686327077747,0.06166219839142091,0.353887399463807,0.23324396782841822,0.08310991957104558,,,,,,,,,,,,,,,,,,,,,,,,,,,,
13,resynth_vocos,0.19839142091152814,0.13672922252010725,0.10991957104557641,0.3646112600536193,0.1742627345844504,0.0160857908847185,-0.045576407506702415,0.1126005361930295,0.0482573726541555,0.01072386058981234,-0.05898123324396781,-0.06702412868632708,0.064343163538874,f5tts,True,0.010898442127709995,0.11369824163357914,-0.10187667560321716,0.064343163538874,-0.17962466487935658,0.1126005361930295,0.07238605898123325,0.15425531914893617,0.064343163538874,0.008084631794398722,0.11703692115143927,,,,,,,,
13,resynth_bigvgan,0.16085790884718498,0.032171581769437,0.08310991957104558,0.42359249329758714,0.24128686327077747,0.058981233243967826,-0.08310991957104558,0.008042895442359251,0.021447721179624665,0.06970509383378015,0.008042895442359255,-0.02412868632707775,0.048257372654155486,cosyvoice3,False,0.005494129158512728,0.09162303664921466,0.048257372654155486,-0.0616621983914209,-0.0938337801608579,-0.02412868632707775,-0.04473979308429385,-0.005333333333333336,-0.0938337801608579,-0.13824135225266465,-0.04864210985178728,-0.0027550111867038034,0.021109575463137468,-0.10216434176111597,-0.026666666666666686,0.03550952591936197,0.10527385537013263,0.005361215370866883,0.08871565516042083
13,resynth_griffinlim,0.1554959785522788,0.257372654155496,0.045576407506702415,0.3297587131367292,0.16890080428954424,0.04289544235924933,-0.08847184986595175,0.23324396782841825,-0.016085790884718495,-0.024128686327077764,-0.06434316353887398,-0.040214477211796246,0.24932975871313673,f5tts,True,0.16117475581945695,0.30610405231893667,-0.25737265415549604,0.24932975871313673,-0.2734584450402145,0.23324396782841825,0.18278983914916055,0.29024180431561064,0.24932975871313673,0.16528970976253293,0.30623306233062325,,,,,,,,
13,resynth_glvocos,0.20107238605898123,0.16890080428954424,0.058981233243967826,0.3512064343163539,0.1742627345844504,0.045576407506702415,-0.04289544235924933,0.1447721179624665,-0.002680965147453085,-0.002680965147453085,-0.05898123324396781,-0.03753351206434316,0.14745308310991959,f5tts,True,0.07258064516129033,0.19137753053851,-0.14745308310991959,0.14745308310991959,-0.18230563002680966,0.1447721179624665,0.09862448994462254,0.1940700808625337,0.14745308310991959,0.07671451606148176,0.19727456658128223,,,,,,,,
13,resynth_encodec,0.15013404825737264,0.13941018766756033,0.2707774798927614,0.3324396782841823,0.10455764075067024,0.002680965147453083,-0.09383378016085792,0.11528150134048258,0.2091152815013405,-0.02144772117962468,-0.12868632707774796,-0.08042895442359249,0.09383378016085793,xtts,False,0.010637592414921852,0.18205841703435993,-0.2305630026809652,-0.09383378016085793,-0.289544235924933,,,,,,,0.07376546656541742,0.15718536585365853,-0.18682623445156427,-0.00533297872340425,-0.10335436332113271,0.055125381754721245,-0.3563876133706007,-0.10422488643551267
13,resynth_dac,0.16621983914209115,0.029490616621983913,0.08042895442359249,0.3941018766756032,0.26273458445040215,0.06702412868632708,-0.0777479892761394,0.005361930294906166,0.01876675603217158,0.04021447721179622,0.029490616621983934,-0.016085790884718495,0.010723860589812284,cosyvoice3,False,1.3877787807814457e-17,0.05149051490514911,0.010723860589812284,-0.03485254691689005,-0.05630026809651471,,,,,,,-0.005305039787798407,0.016,-0.07123305743304298,-0.01587092731829574,0.008151072267920076,0.07369395711500974,-0.03753857048914966,0.04945054945054944
13,resynth_hift3,0.21983914209115282,0.04289544235924933,0.13941018766756033,0.4075067024128686,0.1742627345844504,0.0160857908847185,-0.024128686327077736,0.018766756032171584,0.07774798927613942,0.05361930294906164,-0.05898123324396781,-0.06702412868632708,0.024128686327077778,xtts,False,0.0026666666666666774,0.10083033605812897,-0.024128686327077778,-0.05898123324396784,-0.1447721179624665,0.05361930294906164,-0.0026262594191854643,0.11024347285536679,-0.024128686327077778,-0.11233556135003121,0.06117021276595745,,,,,,,,
13,resynth_s3vc3,0.08042895442359249,0.021447721179624665,0.12064343163538874,0.5737265415549598,0.1876675603217158,0.0160857908847185,-0.16353887399463807,-0.0026809651474530814,0.058981233243967826,0.21983914209115285,-0.045576407506702415,-0.06702412868632708,0.16085790884718504,cosyvoice3,True,0.045200867861142156,0.25204819667877526,0.16085790884718504,-0.22252010723860594,-0.2868632707774799,0.21983914209115285,0.15078725038402455,0.2845916129461022,0.16085790884718504,0.05614598930481279,0.25400345622119824,,,,,,,,
14,clean_real,0.24128686327077747,0.045576407506702415,0.04289544235924933,0.3806970509383378,0.21447721179624665,0.07506702412868632,,,,,,,,,,,,,,,,,,,,,,,,,,,,
14,resynth_vocos,0.225201072386059,0.10455764075067024,0.07506702412868632,0.42091152815013405,0.1742627345844504,0.0,-0.01608579088471848,0.058981233243967826,0.03217158176943699,0.04021447721179627,-0.040214477211796246,-0.07506702412868632,0.018766756032171553,f5tts,True,1.3877787807814457e-17,0.054988365328679435,-0.018766756032171553,0.018766756032171553,-0.13404825737265413,0.058981233243967826,0.029400154798761617,0.09264793038400104,0.018766756032171553,-0.03556448087431694,0.05585478723404256,,,,,,,,
14,resynth_bigvgan,0.17158176943699732,0.045576407506702415,0.040214477211796246,0.4316353887399464,0.24664879356568364,0.064343163538874,-0.06970509383378015,0.0,-0.002680965147453085,0.05093833780160861,0.03217158176943699,-0.010723860589812326,0.018766756032171622,cosyvoice3,False,0.0026385224274406427,0.07990869101572914,0.018766756032171622,-0.05093833780160861,-0.06166219839142094,-0.010723860589812326,-0.03261091695296766,0.010583417764268827,-0.06166219839142094,-0.11499366732338867,-0.02956791057683989,-0.013624908801238818,0.01587512664640324,-0.09731051703877788,-0.024191926835596265,0.00781303491954809,0.09392673617299356,-0.04775172413793098,0.07735417789757411
14,resynth_griffinlim,0.14745308310991956,0.2520107238605898,0.03753351206434316,0.3672922252010724,0.16085790884718498,0.03485254691689008,-0.09383378016085792,0.2064343163538874,-0.00536193029490617,-0.013404825737265369,-0.05361930294906167,-0.04021447721179624,0.21179624664879357,f5tts,True,0.11546727765586678,0.27376610800744877,-0.21983914209115277,0.21179624664879357,-0.24664879356568364,0.2064343163538874,0.15191914289980588,0.2688353186679419,0.21179624664879357,0.11764705882352941,0.2746681318681319,,,,,,,,
14,resynth_glvocos,0.16621983914209115,0.21983914209115282,0.045576407506702415,0.3753351206434316,0.16621983914209115,0.02680965147453083,-0.07506702412868632,0.1742627345844504,0.002680965147453085,-0.00536193029490617,-0.0482573726541555,-0.048257372654155486,0.17158176943699732,f5tts,True,0.09289617486338797,0.22654418427899087,-0.17962466487935658,0.17158176943699732,-0.22252010723860588,0.1742627345844504,0.128,0.22515421354572793,0.17158176943699732,0.08842807529951974,0.23013752989780387,,,,,,,,
14,resynth_encodec,0.1581769436997319,0.13672922252010725,0.21715817694369974,0.36193029490616624,0.12332439678284182,0.002680965147453083,-0.08310991957104558,0.09115281501340483,0.1742627345844504,-0.01876675603217154,-0.09115281501340483,-0.07238605898123324,0.08310991957104558,xtts,False,0.008173831595782473,0.1649211408173672,-0.19302949061662195,-0.08310991957104558,-0.24664879356568364,,,,,,,0.05290375464252553,0.13117573076589467,-0.17269943593875908,0.0,-0.09486062717770036,0.057921899252151764,-0.32977805063043986,-0.06985568760611208
14,resynth_dac,0.15013404825737264,0.045576407506702415,0.04825737265415549,0.43967828418230565,0.2520107238605898,0.064343163538874,-0.09115281501340483,0.0,0.005361930294906163,0.05898123324396787,0.03753351206434316,-0.010723860589812326,0.021447721179624707,cosyvoice3,False,0.002545691906005267,0.08872166521360067,0.021447721179624707,-0.05898123324396787,-0.0697050938337802,,,,,,,-0.013550135501355011,0.013089864094213354,-0.10963227948522068,-0.03191067207024651,0.01043729285849993,0.10215053763440857,-0.05718095238095237,0.08426648550724637
14,resynth_hift3,0.18498659517426275,0.05361930294906166,0.07506702412868632,0.5067024128686327,0.16890080428954424,0.010723860589812333,-0.05630026809651473,0.008042895442359248,0.03217158176943699,0.12600536193029493,-0.045576407506702415,-0.06434316353887398,0.09383378016085794,cosyvoice3,True,0.02731319870973441,0.15425531914893614,0.09383378016085794,-0.11796246648793568,-0.19034852546916892,0.12600536193029493,0.07957559681697618,0.17567938817938816,0.09383378016085794,0.02964364991279531,0.15014059151004117,,,,,,,,
14,resynth_s3vc3,0.09115281501340483,0.02680965147453083,0.0938337801608579,0.579088471849866,0.19839142091152814,0.010723860589812333,-0.15013404825737264,-0.018766756032171584,0.05093833780160857,0.19839142091152823,-0.01608579088471851,-0.06434316353887398,0.14745308310991967,cosyvoice3,True,0.06648495259326144,0.21978169283799306,0.14745308310991967,-0.21715817694369982,-0.2627345844504022,0.19839142091152823,0.14133333333333337,0.2532999310143732,0.14745308310991967,0.05882352941176475,0.21774193548387097,,,,,,,,
15,clean_real,0.21983914209115282,0.032171581769437,0.058981233243967826,0.42359249329758714,0.19571045576407506,0.06970509383378017,,,,,,,,,,,,,,,,,,,,,,,,,,,,
15,resynth_vocos,0.18230563002680966,0.09919571045576407,0.08579088471849866,0.46648793565683644,0.1554959785522788,0.010723860589812333,-0.03753351206434316,0.06702412868632707,0.026809651474530835,0.0428954423592493,-0.040214477211796246,-0.05898123324396783,0.024128686327077764,f5tts,True,2.7582103268031243e-17,0.06666666666666668,-0.024128686327077764,0.024128686327077764,-0.1260053619302949,0.06702412868632707,0.03560917957117331,0.10133333333333333,0.024128686327077764,-0.04098923617366243,0.06563861199530907,,,,,,,,
15,resynth_bigvgan,0.16085790884718498,0.029490616621983913,0.05361930294906166,0.4906166219839142,0.21715817694369974,0.04825737265415549,-0.05898123324396784,-0.002680965147453085,-0.005361930294906163,0.06702412868632707,0.02144772117962468,-0.021447721179624672,0.04557640750670239,cosyvoice3,False,0.002673618538324405,0.10164835164835162,0.04557640750670239,-0.06970509383378015,-0.08847184986595175,-0.021447721179624672,-0.04521578014184398,-0.002680785938552854,-0.08847184986595175,-0.13529655172413793,-0.047725757287102294,-0.024863600189773648,0.018667914438502676,-0.12234598174598472,-0.023809523809523808,0.027021592638214624,0.10790007112375533,-0.010840844821491696,0.10055597996774467
15,resynth_griffinlim,0.1447721179624665,0.21983914209115282,0.06166219839142091,0.3914209115281501,0.16353887399463807,0.01876675603217158,-0.07506702412868632,0.18766756032171583,0.002680965147453085,-0.03217158176943702,-0.03217158176943699,-0.050938337801608585,0.18498659517426275,f5tts,True,0.1190126050420168,0.25068306878306873,-0.21983914209115285,0.18498659517426275,-0.23860589812332442,0.18766756032171583,0.13563487430087065,0.245346408839779,0.18498659517426275,0.11955227743271221,0.24797897574123992,,,,,,,,
15,resynth_glvocos,0.16621983914209115,0.18230563002680966,0.058981233243967826,0.4128686327077748,0.1554959785522788,0.024128686327077747,-0.05361930294906167,0.15013404825737267,0.0,-0.01072386058981234,-0.040214477211796246,-0.045576407506702415,0.15013404825737267,f5tts,True,0.08870967741935486,0.20110022121624985,-0.160857908847185,0.15013404825737267,-0.1957104557640751,0.15013404825737267,0.10625981074517236,0.19676657395194125,0.15013404825737267,0.08399951789275309,0.19842436974789915,,,,,,,,
15,resynth_encodec,0.16353887399463807,0.08579088471849866,0.23056300268096513,0.3967828418230563,0.12064343163538874,0.002680965147453083,-0.056300268096514755,0.05361930294906166,0.17158176943699732,-0.02680965147453085,-0.07506702412868632,-0.06702412868632708,0.11796246648793565,xtts,False,0.04891304347826087,0.1973333333333333,-0.19839142091152817,-0.11796246648793565,-0.2386058981233244,,,,,,,0.0241919268355963,0.08847779555478681,-0.1908990077804004,-0.048377419354838705,-0.08832163803938001,0.03252253446447509,-0.31083186845381966,-0.08947261446298671
15,resynth_dac,0.15013404825737264,0.03485254691689008,0.05361930294906166,0.4718498659517426,0.23056300268096513,0.058981233243967826,-0.06970509383378018,0.002680965147453085,-0.005361930294906163,0.04825737265415547,0.034852546916890076,-0.01072386058981234,0.013404825737265397,cosyvoice3,False,2.7755575615628914e-17,0.08221473429064598,0.013404825737265397,-0.04557640750670239,-0.05898123324396781,,,,,,,-0.0160857908847185,0.021843957175652733,-0.09784710144927534,-0.018325473738859593,0.005318796207460899,0.09142897952008433,-0.05557040998217468,0.07377319520740522
15,resynth_hift3,0.16890080428954424,0.05093833780160858,0.09115281501340483,0.5335120643431636,0.15281501340482573,0.002680965147453083,-0.050938337801608585,0.01876675603217158,0.032171581769437005,0.10991957104557643,-0.04289544235924933,-0.06702412868632708,0.07774798927613942,cosyvoice3,True,0.01608364611260052,0.1389850868711728,0.07774798927613942,-0.09115281501340484,-0.1769436997319035,0.10991957104557643,0.057526408122130605,0.1653447368421053,0.07774798927613942,0.013333333333333322,0.13637559808612443,,,,,,,,
15,resynth_s3vc3,0.11528150134048257,0.02680965147453083,0.10187667560321716,0.5737265415549598,0.1769436997319035,0.005361930294906166,-0.10455764075067026,-0.005361930294906166,0.04289544235924933,0.1501340482573727,-0.018766756032171567,-0.064343163538874,0.10723860589812337,cosyvoice3,True,0.024188709677419335,0.19011995487057218,0.10723860589812337,-0.15549597855227887,-0.21447721179624668,0.1501340482573727,0.08796535433070864,0.2131667852062588,0.10723860589812337,0.02156045178959838,0.18985229602442977,,,,,,,,
16,clean_real,0.225201072386059,0.032171581769437,0.05093833780160858,0.4262734584450402,0.2037533512064343,0.06166219839142091,,,,,,,,,,,,,,,,,,,,,,,,,,,,
16,resynth_vocos,0.19302949061662197,0.08042895442359249,0.08579088471849866,0.4906166219839142,0.14209115281501342,0.00804289544235925,-0.03217158176943702,0.04825737265415549,0.03485254691689008,0.06434316353887398,-0.0616621983914209,-0.05361930294906166,0.01608579088471849,cosyvoice3,False,2.7755575615628914e-17,0.06417974814559253,0.01608579088471849,-0.01608579088471849,-0.11796246648793565,0.04825737265415549,0.019229452054794514,0.07837837837837838,-0.01608579088471849,-0.07103825136612021,0.03191489361702125,,,,,,,,
16,resynth_bigvgan,0.16621983914209115,0.04289544235924933,0.05630026809651475,0.4745308310991957,0.19571045576407506,0.064343163538874,-0.05898123324396784,0.010723860589812333,0.00536193029490617,0.04825737265415547,-0.008042895442359255,0.002680965147453085,0.03753351206434314,cosyvoice3,False,0.0026809651474530953,0.07069461520396741,0.03753351206434314,-0.03753351206434314,-0.04557640750670239,0.002680965147453085,-0.0214491625587362,0.023874266324284667,-0.04557640750670239,-0.08799999999999997,-0.0027168419664830652,0.002659398103730456,0.021505376344086023,-0.07143806990881459,-0.008107561739637212,0.01591406677613575,0.08086799737743136,-0.005347952000688142,0.07162279897285398
16,resynth_griffinlim,0.17158176943699732,0.19571045576407506,0.05630026809651475,0.38873994638069703,0.15013404825737264,0.03753351206434316,-0.05361930294906167,0.16353887399463807,0.00536193029490617,-0.03753351206434319,-0.05361930294906167,-0.02412868632707775,0.1581769436997319,f5tts,True,0.10270270270270271,0.20968071547859718,-0.20107238605898126,0.1581769436997319,-0.18766756032171583,0.16353887399463807,0.11375661375661375,0.21625700503653256,0.1581769436997319,0.10902097484982877,0.21154100529100528,,,,,,,,
16,resynth_glvocos,0.20107238605898123,0.1260053619302949,0.045576407506702415,0.4316353887399464,0.14745308310991956,0.04825737265415549,-0.024128686327077764,0.09383378016085792,-0.005361930294906163,0.00536193029490617,-0.056300268096514755,-0.013404825737265418,0.08847184986595175,f5tts,True,0.018656919060052204,0.13103011539544046,-0.08847184986595175,0.08847184986595175,-0.10723860589812334,0.09383378016085792,0.057873998855835246,0.1273294203961849,0.08847184986595175,0.016255803308703347,0.13404825737265416,,,,,,,,
16,resynth_encodec,0.18498659517426275,0.06702412868632708,0.1769436997319035,0.4745308310991957,0.0938337801608579,0.002680965147453083,-0.040214477211796246,0.03485254691689008,0.1260053619302949,0.04825737265415547,-0.10991957104557641,-0.058981233243967826,0.07774798927613943,xtts,False,0.002687991870621863,0.15472054986224287,-0.07774798927613943,-0.09115281501340483,-0.18498659517426275,,,,,,,0.0027620514844271748,0.06250407963446473,-0.1616677803764339,-0.03199787234042553,-0.02933529411764705,0.12368951612903223,-0.18983957219251335,0.02419213583556743
16,resynth_dac,0.1742627345844504,0.040214477211796246,0.045576407506702415,0.46648793565683644,0.21715817694369974,0.05630026809651475,-0.050938337801608585,0.008042895442359248,-0.005361930294906163,0.04021447721179622,0.013404825737265424,-0.005361930294906163,0.026809651474530793,cosyvoice3,False,2.7755575615628914e-17,0.05867453083109916,0.026809651474530793,-0.03217158176943697,-0.04557640750670238,,,,,,,-0.0055252444866163665,0.023746701846965697,-0.06650273087673265,-3.408731630294481e-17,0.007978194311191374,0.06953750541985834,-0.015999999999999986,0.0606900294565202
16,resynth_hift3,0.2037533512064343,0.05361930294906166,0.08847184986595175,0.5040214477211796,0.13672922252010725,0.013404825737265416,-0.02144772117962468,0.021447721179624665,0.03753351206434317,0.0777479892761394,-0.06702412868632707,-0.04825737265415549,0.04021447721179624,cosyvoice3,True,0.0026954177897574455,0.09309755091591765,0.04021447721179624,-0.05630026809651474,-0.1260053619302949,0.0777479892761394,0.03225590244746176,0.12603531447930474,0.04021447721179624,-0.014091698208804012,0.0926049054373522,,,,,,,,
16,resynth_s3vc3,0.128686327077748,0.02680965147453083,0.09115281501340483,0.5924932975871313,0.1581769436997319,0.002680965147453083,-0.096514745308311,-0.005361930294906166,0.04021447721179625,0.1662198391420911,-0.045576407506702415,-0.058981233243967826,0.12600536193029485,cosyvoice3,True,0.02956202814001373,0.2031821799357578,0.12600536193029485,-0.17158176943699727,-0.2252010723860589,0.1662198391420911,0.0991883451668974,0.22789364801249706,0.12600536193029485,0.0355903890993879,0.20825242542058792,,,,,,,,
17,clean_real,0.19302949061662197,0.04289544235924933,0.040214477211796246,0.5120643431635389,0.16890080428954424,0.04289544235924933,,,,,,,,,,,,,,,,,,,,,,,,,,,,
17,resynth_vocos,0.1769436997319035,0.06702412868632708,0.064343163538874,0.5388739946380697,0.13136729222520108,0.021447721179624665,-0.01608579088471848,0.02412868632707775,0.02412868632707775,0.02680965147453085,-0.03753351206434316,-0.021447721179624665,0.0026809651474530988,cosyvoice3,False,6.938893903907228e-18,0.05348674632803385,0.0026809651474530988,-0.0026809651474530988,-0.048257372654155514,0.02412868632707775,0.0,0.04533333333333334,-0.0026809651474530988,-0.06338543859260405,0.024003217158176934,,,,,,,,
17,resynth_bigvgan,0.15013404825737264,0.04289544235924933,0.03753351206434316,0.5442359249329759,0.17962466487935658,0.045576407506702415,-0.04289544235924933,0.0,-0.002680965147453085,0.03217158176943702,0.01072386058981234,0.002680965147453085,0.02144772117962468,cosyvoice3,False,2.7755575615628914e-17,0.054663912798996545,0.02144772117962468,-0.03217158176943702,-0.029490616621983934,0.002680965147453085,-0.016086871919052153,0.02099737532808399,-0.029490616621983934,-0.06269194002438767,-0.0026176301723784493,-0.010696624690932093,0.010723860589812333,-0.06434748767620853,-0.010780946584355038,0.0025657894736842222,0.0628354918710388,-0.02133475935828878,0.05334048257372655
17,resynth_griffinlim,0.13136729222520108,0.1581769436997319,0.05630026809651475,0.46648793565683644,0.14745308310991956,0.040214477211796246,-0.0616621983914209,0.11528150134048257,0.016085790884718502,-0.04557640750670244,-0.02144772117962468,-0.002680965147453085,0.09919571045576406,f5tts,True,0.05289945628343418,0.14477211796246647,-0.160857908847185,0.09919571045576406,-0.11796246648793565,0.11528150134048257,0.07376833477135461,0.1590432700579228,0.09919571045576406,0.048773913615146935,0.14512090215780535,,,,,,,,
17,resynth_glvocos,0.17158176943699732,0.13941018766756033,0.04289544235924933,0.450402144772118,0.15281501340482573,0.04289544235924933,-0.02144772117962465,0.096514745308311,0.002680965147453085,-0.0616621983914209,-0.01608579088471851,0.0,0.09383378016085792,f5tts,True,0.037433155080213915,0.1390467520178922,-0.1581769436997319,0.09383378016085792,-0.096514745308311,0.096514745308311,0.05714091614906831,0.14438575529295194,0.09383378016085792,0.04010695187165776,0.13830509944495836,,,,,,,,
17,resynth_encodec,0.1876675603217158,0.07506702412868632,0.16890080428954424,0.4584450402144772,0.10991957104557641,0.0,-0.00536193029490617,0.03217158176943699,0.128686327077748,-0.0536193029490617,-0.058981233243967826,-0.04289544235924933,0.096514745308311,xtts,False,0.031991556728232194,0.16311125763161347,-0.1823056300268097,-0.096514745308311,-0.17158176943699732,,,,,,,0.00815107226792009,0.05804749340369393,-0.16083234105967523,-0.03703459396071533,-0.12170785886818494,0.008188609373004715,-0.29541072748389824,-0.07752979576743657
17,resynth_dac,0.13941018766756033,0.03485254691689008,0.04289544235924933,0.5522788203753352,0.17962466487935658,0.05093833780160858,-0.05361930294906164,-0.008042895442359248,0.002680965147453085,0.04021447721179627,0.01072386058981234,0.008042895442359248,0.029490616621983934,cosyvoice3,False,5.88938620094126e-17,0.06486486486486484,0.029490616621983934,-0.04825737265415552,-0.032171581769437026,,,,,,,-0.024865331491712706,0.005405771625283821,-0.08743169398907097,-0.018614558707643884,0.002659222672520617,0.07547169811320753,-0.02659751773049649,0.0638297872340425
17,resynth_hift3,0.1769436997319035,0.04289544235924933,0.08042895442359249,0.5308310991957105,0.15281501340482573,0.0160857908847185,-0.01608579088471848,0.0,0.040214477211796246,0.018766756032171594,-0.01608579088471851,-0.02680965147453083,0.02144772117962465,xtts,False,4.163336342344337e-17,0.0698971828536649,-0.02144772117962465,-0.040214477211796246,-0.06702412868632708,0.018766756032171594,-0.026183190816284216,0.06183212329362664,-0.02144772117962465,-0.07693850267379675,0.03734850948509482,,,,,,,,
17,resynth_s3vc3,0.12332439678284182,0.03753351206434316,0.08847184986595175,0.6085790884718498,0.13404825737265416,0.00804289544235925,-0.06970509383378015,-0.00536193029490617,0.0482573726541555,0.09651474530831095,-0.034852546916890076,-0.03485254691689008,0.048257372654155445,cosyvoice3,True,0.002659398103730444,0.12998211665443876,0.048257372654155445,-0.10187667560321712,-0.13136729222520102,0.09651474530831095,0.029887264982373644,0.15904327005792285,0.048257372654155445,-0.04359673024523161,0.1338880500431406,,,,,,,,
18,clean_real,0.2064343163538874,0.03753351206434316,0.03485254691689008,0.4959785522788204,0.17962466487935658,0.045576407506702415,,,,,,,,,,,,,,,,,,,,,,,,,,,,
18,resynth_vocos,0.16085790884718498,0.06702412868632708,0.064343163538874,0.5415549597855228,0.14745308310991956,0.01876675603217158,-0.045576407506702415,0.02949061662198392,0.029490616621983913,0.04557640750670244,-0.03217158176943702,-0.026809651474530835,0.016085790884718523,cosyvoice3,False,1.3877787807814457e-17,0.06383571386238378,0.016085790884718523,-0.016085790884718523,-0.07238605898123328,0.02949061662198392,0.01595744680851064,0.04473979308429384,-0.016085790884718523,-0.06614158554766292,0.010639720104676299,,,,,,,,
18,resynth_bigvgan,0.1554959785522788,0.040214477211796246,0.03753351206434316,0.5361930294906166,0.1769436997319035,0.05361930294906166,-0.050938337801608585,0.002680965147453085,0.002680965147453078,0.04021447721179627,-0.002680965147453085,0.008042895442359248,0.032171581769437026,cosyvoice3,False,0.002638176164654835,0.06236386965991676,0.032171581769437026,-0.03753351206434319,-0.032171581769437026,0.008042895442359248,-0.002833106157205878,0.02150537634408602,-0.032171581769437026,-0.0686813186813187,0.0,-0.010667379679144386,0.016531214944712803,-0.07713280141843977,-0.0026806076854334338,0.00799946808510639,0.0756767341754287,-0.00811548943901893,0.06417112299465244
18,resynth_griffinlim,0.15013404825737264,0.13136729222520108,0.03753351206434316,0.4772117962466488,0.15281501340482573,0.05093833780160858,-0.056300268096514755,0.09383378016085792,0.002680965147453078,-0.018766756032171594,-0.02680965147453085,0.005361930294906163,0.08847184986595175,f5tts,True,0.0397825493585661,0.13071081081081076,-0.11260053619302951,0.08847184986595175,-0.08847184986595175,0.09383378016085792,0.058977290648162754,0.13565643133462282,0.08847184986595175,0.03660664020717222,0.13045260156806843,,,,,,,,
18,resynth_glvocos,0.16085790884718498,0.11528150134048257,0.032171581769437,0.48257372654155495,0.15281501340482573,0.05630026809651475,-0.045576407506702415,0.0777479892761394,-0.002680965147453085,-0.013404825737265424,-0.02680965147453085,0.010723860589812333,0.06702412868632707,f5tts,True,0.02399840425531915,0.10656467549966316,-0.09115281501340483,0.06702412868632707,-0.06702412868632707,0.0777479892761394,0.04544550277308898,0.11358553090810229,0.06702412868632707,0.02431943337439316,0.1064115762983299,,,,,,,,
18,resynth_encodec,0.18230563002680966,0.09919571045576407,0.15281501340482573,0.4772117962466488,0.08579088471849866,0.002680965147453083,-0.024128686327077736,0.06166219839142091,0.11796246648793565,-0.018766756032171594,-0.09383378016085792,-0.04289544235924933,0.05630026809651474,xtts,False,0.00536193029490617,0.11640534262485482,-0.13672922252010725,-0.05630026809651474,-0.16085790884718498,,,,,,,0.03183023872679046,0.09383378016085792,-0.11685216234967623,0.0026455026455026454,-0.08183267370272646,0.04054328718962862,-0.23809853581321722,-0.045819022983508706
18,resynth_dac,0.1447721179624665,0.03485254691689008,0.032171581769437,0.5522788203753352,0.18498659517426275,0.05093833780160858,-0.0616621983914209,-0.002680965147453078,-0.002680965147453085,0.05630026809651478,0.00536193029490617,0.005361930294906163,0.05093833780160861,cosyvoice3,False,0.002680785938552854,0.09678071472045906,0.05093833780160861,-0.05898123324396786,-0.05093833780160862,,,,,,,-0.01617469813512151,0.01089992704099105,-0.11376595928226367,-0.010553395361755315,0.011165593879038122,0.09815632183908045,-0.005393427327389575,0.08993057370012321
18,resynth_hift3,0.17158176943699732,0.04289544235924933,0.06166219839142091,0.5522788203753352,0.16085790884718498,0.010723860589812333,-0.034852546916890076,0.00536193029490617,0.026809651474530828,0.05630026809651478,-0.018766756032171594,-0.03485254691689008,0.029490616621983955,cosyvoice3,True,0.0026315789473684284,0.08533333333333334,0.029490616621983955,-0.05093833780160861,-0.09115281501340486,0.05630026809651478,0.01591161798293064,0.1013401069518716,0.029490616621983955,-0.03448275862068963,0.09116616170617241,,,,,,,,
18,resynth_s3vc3,0.1447721179624665,0.03485254691689008,0.08042895442359249,0.5737265415549598,0.15281501340482573,0.013404825737265416,-0.0616621983914209,-0.002680965147453078,0.04557640750670241,0.07774798927613946,-0.02680965147453085,-0.032171581769437,0.03217158176943705,cosyvoice3,True,5.551115123125783e-17,0.09893711201273094,0.03217158176943705,-0.08042895442359255,-0.10991957104557645,0.07774798927613946,0.023569130471594237,0.13478915112601256,0.03217158176943705,-0.03676260053054861,0.09870677506775064,,,,,,,,
19,clean_real,0.2359249329758713,0.05361930294906166,0.02680965147453083,0.4772117962466488,0.1769436997319035,0.029490616621983913,,,,,,,,,,,,,,,,,,,,,,,,,,,,
19,resynth_vocos,0.2064343163538874,0.06702412868632708,0.06166219839142091,0.4959785522788204,0.1554959785522788,0.013404825737265416,-0.029490616621983906,0.013404825737265418,0.034852546916890076,0.018766756032171594,-0.02144772117962468,-0.016085790884718495,0.01608579088471848,xtts,False,1.3877787807814457e-17,0.0482671545540178,-0.01608579088471848,-0.02144772117962466,-0.05093833780160857,0.013404825737265418,-0.010753412746717681,0.04021717979763036,-0.02144772117962466,-0.06651631684876361,0.005362290639684056,,,,,,,,
19,resynth_bigvgan,0.18230563002680966,0.04825737265415549,0.03485254691689008,0.514745308310992,0.18498659517426275,0.03485254691689008,-0.05361930294906164,-0.00536193029490617,0.008042895442359251,0.03753351206434319,0.008042895442359255,0.00536193029490617,0.029490616621983934,cosyvoice3,False,2.7755575615628914e-17,0.06970509383378015,0.029490616621983934,-0.04289544235924936,-0.03217158176943702,0.00536193029490617,-0.010445234815621937,0.02133333333333333,-0.03217158176943702,-0.07888553543483126,6.9388939039009175e-19,-0.023936170212765957,0.013477999562905229,-0.09408602150537626,-0.005361571877105722,-0.005277393865784385,0.07714316781700988,-0.029897446396664674,0.06896551724137932
19,resynth_griffinlim,0.19571045576407506,0.128686327077748,0.04825737265415549,0.4289544235924933,0.16353887399463807,0.03485254691689008,-0.040214477211796246,0.07506702412868632,0.021447721179624662,-0.04825737265415547,-0.013404825737265424,0.00536193029490617,0.053619302949061656,f5tts,True,0.015955336035123266,0.08777769086357946,-0.1233243967828418,0.053619302949061656,-0.06970509383378015,0.07506702412868632,0.04336043360433604,0.107245812793681,0.053619302949061656,0.016084715631317106,0.08848978334903265,,,,,,,,
19,resynth_glvocos,0.1876675603217158,0.10187667560321716,0.03753351206434316,0.4718498659517426,0.16621983914209115,0.03485254691689008,-0.0482573726541555,0.04825737265415549,0.01072386058981233,-0.00536193029490617,-0.01072386058981234,0.00536193029490617,0.03753351206434316,f5tts,True,0.002702520579879071,0.06043956043956045,-0.05361930294906166,0.03753351206434316,-0.042895442359249324,0.04825737265415549,0.024317820494291084,0.07298788570586935,0.03753351206434316,-0.010786101982793702,0.0636604774535809,,,,,,,,
19,resynth_encodec,0.23324396782841822,0.08579088471849866,0.12332439678284182,0.44235924932975873,0.10991957104557641,0.005361930294906166,-0.002680965147453085,0.032171581769437,0.09651474530831099,-0.03485254691689005,-0.06702412868632708,-0.024128686327077747,0.06434316353887398,xtts,False,0.005447760100788138,0.13574072022160666,-0.13136729222520105,-0.06434316353887398,-0.12064343163538874,,,,,,,0.0,0.06367754460571322,-0.13721224051039355,-0.0026455026455026454,-0.08675872788139649,0.013477999562905236,-0.2198405457378269,-0.03999206349206348
19,resynth_dac,0.1769436997319035,0.045576407506702415,0.03753351206434316,0.5254691689008043,0.18498659517426275,0.029490616621983913,-0.05898123324396781,-0.008042895442359248,0.01072386058981233,0.04825737265415553,0.008042895442359255,0.0,0.0375335120643432,cosyvoice3,False,0.0026737967914438744,0.07650273224043715,0.0375335120643432,-0.056300268096514776,-0.04825737265415553,,,,,,,-0.02965159903839149,0.013089864094213354,-0.10190428445839418,-0.018514407179971663,0.01347528236849898,0.08223358400586939,-0.008001072386059016,0.07238605898123324
19,resynth_hift3,0.23324396782841822,0.05361930294906166,0.06702412868632708,0.4772117962466488,0.1554959785522788,0.013404825737265416,-0.002680965147453085,0.0,0.040214477211796246,0.0,-0.02144772117962468,-0.016085790884718495,0.040214477211796246,xtts,False,0.0026525198938992037,0.07125205479452053,-0.040214477211796246,-0.040214477211796246,-0.05630026809651474,0.0,-0.04011234259099534,0.04079447940503425,-0.040214477211796246,-0.09652123151431291,0.013262599469496046,,,,,,,,
19,resynth_s3vc3,0.18230563002680966,0.032171581769437,0.08310991957104558,0.5415549597855228,0.15013404825737264,0.010723860589812333,-0.05361930294906164,-0.021447721179624665,0.05630026809651474,0.06434316353887404,-0.02680965147453085,-0.01876675603217158,0.008042895442359296,cosyvoice3,True,0.0026245001442882603,0.08640166173457772,0.008042895442359296,-0.0857908847184987,-0.08310991957104562,0.06434316353887404,0.005491913746630709,0.12100061360448805,0.008042895442359296,-0.07609267734553776,0.08245688038995119,,,,,,,,
20,clean_real,0.24128686327077747,0.040214477211796246,0.040214477211796246,0.4906166219839142,0.16890080428954424,0.01876675603217158,,,,,,,,,,,,,,,,,,,,,,,,,,,,
20,resynth_vocos,0.19839142091152814,0.07506702412868632,0.06702412868632708,0.5067024128686327,0.13941018766756033,0.013404825737265416,-0.04289544235924933,0.034852546916890076,0.026809651474530835,0.01608579088471851,-0.029490616621983906,-0.005361930294906165,0.00804289544235924,f5tts,True,6.938893903907228e-18,0.03969047619047626,-0.018766756032171567,0.00804289544235924,-0.04021447721179624,0.034852546916890076,0.01336898395721925,0.05614973262032085,0.00804289544235924,-0.0463539639288958,0.029812323259102158,,,,,,,,
20,resynth_bigvgan,0.16085790884718498,0.040214477211796246,0.040214477211796246,0.5737265415549598,0.16621983914209115,0.01876675603217158,-0.08042895442359249,0.0,0.0,0.08310991957104563,-0.002680965147453085,0.0,0.08310991957104563,cosyvoice3,False,0.03448047801496072,0.11860176091146368,0.08310991957104563,-0.08310991957104563,-0.08310991957104563,0.0,-0.007979255319148938,0.008065059560038257,-0.08310991957104563,-0.12138812874869653,-0.04582210242587606,-0.016002144772117963,0.013477088948787068,-0.12732352660234988,-0.04370111793557517,0.050230762594893,0.12042207559348773,0.03753100313973996,0.11703692115143934
20,resynth_griffinlim,0.19571045576407506,0.11796246648793565,0.03753351206434316,0.46380697050938335,0.16085790884718498,0.024128686327077747,-0.045576407506702415,0.0777479892761394,-0.002680965147453085,-0.02680965147453085,-0.008042895442359255,0.005361930294906166,0.07238605898123324,f5tts,True,0.021073432680515848,0.10540540540540541,-0.10455764075067026,0.07238605898123324,-0.07238605898123324,0.0777479892761394,0.04131105456346972,0.1138270686420392,0.07238605898123324,0.024120707264138883,0.10745655160382911,,,,,,,,
20,resynth_glvocos,0.18498659517426275,0.09919571045576407,0.032171581769437,0.4906166219839142,0.1742627345844504,0.01876675603217158,-0.05630026809651473,0.058981233243967826,-0.008042895442359248,0.0,0.00536193029490617,0.0,0.053619302949061656,f5tts,True,0.0027395388876412996,0.08268894878706197,-0.058981233243967826,0.053619302949061656,-0.058981233243967826,0.058981233243967826,0.026954177897574122,0.0911650997593635,0.053619302949061656,-0.005542465753424646,0.08355795148247978,,,,,,,,
20,resynth_encodec,0.2359249329758713,0.040214477211796246,0.15013404825737264,0.48257372654155495,0.08042895442359249,0.010723860589812333,-0.00536193029490617,0.0,0.1099195710455764,-0.008042895442359255,-0.08847184986595175,-0.008042895442359248,0.1099195710455764,xtts,False,0.03202867991246758,0.1520057742782152,-0.11796246648793565,-0.1099195710455764,-0.11796246648793565,,,,,,,-0.021857923497267763,0.024131938171596215,-0.15384615384615383,-0.06988778863616708,-0.0683153936227707,0.04842087485222089,-0.20384257246376813,-0.031743937680613114
20,resynth_dac,0.16353887399463807,0.040214477211796246,0.04289544235924933,0.5683646112600537,0.16353887399463807,0.021447721179624665,-0.0777479892761394,0.0,0.002680965147453085,0.07774798927613946,-0.00536193029490617,0.002680965147453085,0.07506702412868638,cosyvoice3,False,0.019068428358439193,0.11320754716981135,0.07506702412868638,-0.07774798927613946,-0.07506702412868638,,,,,,,-0.013623978201634877,0.01355105602686462,-0.12534136125654446,-0.03296029583495518,0.03503807639915375,0.11879110760326227,0.01643723332584773,0.11317286271233636
20,resynth_hift3,0.21715817694369974,0.03485254691689008,0.06970509383378017,0.5388739946380697,0.13136729222520108,0.00804289544235925,-0.024128686327077736,-0.005361930294906163,0.02949061662198392,0.04825737265415553,-0.03753351206434316,-0.010723860589812331,0.018766756032171608,cosyvoice3,True,5.542441505745899e-17,0.06684940000860196,0.018766756032171608,-0.05361930294906169,-0.05898123324396786,0.04825737265415553,0.0025523560209423876,0.09711924989639453,0.018766756032171608,-0.029575902613864804,0.07143330807123913,,,,,,,,
20,resynth_s3vc3,0.18230563002680966,0.029490616621983913,0.09651474530831099,0.5764075067024129,0.10723860589812333,0.00804289544235925,-0.05898123324396781,-0.010723860589812333,0.05630026809651474,0.08579088471849872,-0.06166219839142091,-0.010723860589812331,0.029490616621983975,cosyvoice3,True,0.002645502645502643,0.09763034874383388,0.029490616621983975,-0.09651474530831106,-0.09651474530831104,0.08579088471849872,0.029806280542589735,0.13867593582887705,0.029490616621983975,-0.04497354497354497,0.10245626552507796,,,,,,,,
21,clean_real,0.2359249329758713,0.02680965147453083,0.03753351206434316,0.45576407506702415,0.20107238605898123,0.04289544235924933,,,,,,,,,,,,,,,,,,,,,,,,,,,,
21,resynth_vocos,0.2359249329758713,0.04825737265415549,0.032171581769437,0.4906166219839142,0.18230563002680966,0.010723860589812333,0.0,0.021447721179624662,-0.005361930294906163,0.03485254691689005,-0.018766756032171567,-0.032171581769437,0.013404825737265386,cosyvoice3,False,5.1608023410310036e-17,0.0714285714285714,0.013404825737265386,-0.013404825737265386,-0.06702412868632704,0.021447721179624662,-0.002703069917743831,0.04620834328714762,-0.013404825737265386,-0.06581585983675771,0.035235152079041196,,,,,,,,
21,resynth_bigvgan,0.2037533512064343,0.021447721179624665,0.03485254691689008,0.5040214477211796,0.21179624664879357,0.024128686327077747,-0.03217158176943699,-0.005361930294906166,-0.002680965147453078,0.04825737265415547,0.01072386058981234,-0.018766756032171584,0.03753351206434313,cosyvoice3,False,0.0026525198938991946,0.09019167278063098,0.03753351206434313,-0.05361930294906164,-0.06702412868632705,-0.018766756032171584,-0.03476168800447305,-0.005405405405405406,-0.06702412868632705,-0.11437937190323523,-0.02988726498237365,-0.020943782550741363,0.008321703482413434,-0.1042957949106629,-0.016259063941990736,0.007957559681697644,0.09239759803340833,-0.019022250748823317,0.08559351252462706
21,resynth_griffinlim,0.23056300268096513,0.14209115281501342,0.00804289544235925,0.4316353887399464,0.17962466487935658,0.00804289544235925,-0.00536193029490617,0.11528150134048258,-0.029490616621983913,-0.024128686327077764,-0.02144772117962465,-0.03485254691689008,0.13672922252010722,f5tts,True,0.055398199445983336,0.17520215633423178,-0.13941018766756036,0.13672922252010722,-0.15013404825737267,0.11528150134048258,0.07814627133872418,0.15609089547768792,0.13672922252010722,0.05928729982559059,0.1755515117581187,,,,,,,,
21,resynth_glvocos,0.2225201072386059,0.09115281501340483,0.0160857908847185,0.4745308310991957,0.17158176943699732,0.024128686327077747,-0.013404825737265397,0.064343163538874,-0.021447721179624662,0.01876675603217154,-0.029490616621983906,-0.018766756032171584,0.04557640750670246,f5tts,True,0.0026807859385528415,0.0973932269197584,-0.04557640750670246,0.04557640750670246,-0.08310991957104558,0.064343163538874,0.03532131316098708,0.09162975803028159,0.04557640750670246,-0.016000000000000028,0.09601286863270776,,,,,,,,
21,resynth_encodec,0.24932975871313673,0.064343163538874,0.07238605898123325,0.4932975871313673,0.11796246648793565,0.002680965147453083,0.013404825737265424,0.03753351206434316,0.03485254691689009,0.03753351206434313,-0.08310991957104558,-0.040214477211796246,2.7755575615628914e-17,f5tts,False,6.938893903907228e-18,0.07507714097829936,-2.7755575615628914e-17,2.7755575615628914e-17,-0.0777479892761394,,,,,,,0.010638297872340427,0.06878306878306878,-0.08011308240021268,0.032000000000000015,-0.032827001474542435,0.1035635685840045,-0.09019167278063098,0.07341200169017367
21,resynth_dac,0.18498659517426275,0.021447721179624665,0.03485254691689008,0.5040214477211796,0.2225201072386059,0.032171581769437,-0.05093833780160856,-0.005361930294906166,-0.002680965147453078,0.04825737265415547,0.02144772117962468,-0.010723860589812333,0.026809651474530793,cosyvoice3,False,8.326672684688674e-17,0.08130081300813005,0.026809651474530793,-0.05361930294906164,-0.058981233243967805,,,,,,,-0.01912568306010929,0.008065059560038257,-0.09485739218805235,-0.02156334231805933,0.01315703135792235,0.08635755488781169,-0.03475935828877008,0.082672192513369
21,resynth_hift3,0.21983914209115282,0.024128686327077747,0.045576407506702415,0.5201072386058981,0.17962466487935658,0.010723860589812333,-0.01608579088471848,-0.002680965147453085,0.008042895442359255,0.06434316353887398,-0.02144772117962465,-0.032171581769437,0.05630026809651473,cosyvoice3,True,0.005405405405405433,0.1093479892761394,0.05630026809651473,-0.06702412868632707,-0.09651474530831097,0.06434316353887398,0.018513284341435846,0.11081098908935323,0.05630026809651473,0.002680785938552861,0.10909426713947984,,,,,,,,
21,resynth_s3vc3,0.16621983914209115,0.021447721179624665,0.064343163538874,0.6085790884718498,0.13404825737265416,0.005361930294906166,-0.06970509383378015,-0.005361930294906166,0.026809651474530835,0.15281501340482567,-0.06702412868632707,-0.03753351206434316,0.12600536193029482,cosyvoice3,True,0.05148357548265507,0.1973333333333333,0.12600536193029482,-0.15817694369973184,-0.19034852546916883,0.15281501340482567,0.08868026439633785,0.21892722936840586,0.12600536193029482,0.05569923371647503,0.19780366692131404,,,,,,,,
22,clean_real,0.26541554959785524,0.04825737265415549,0.032171581769437,0.43967828418230565,0.1876675603217158,0.02680965147453083,,,,,,,,,,,,,,,,,,,,,,,,,,,,
22,resynth_vocos,0.2520107238605898,0.058981233243967826,0.03753351206434316,0.4906166219839142,0.15013404825737264,0.010723860589812333,-0.013404825737265424,0.010723860589812333,0.005361930294906163,0.05093833780160856,-0.03753351206434316,-0.0160857908847185,0.040214477211796225,cosyvoice3,False,0.002666312997347431,0.08289325601066644,0.040214477211796225,-0.040214477211796225,-0.06702412868632705,0.010723860589812333,-0.008273438889877244,0.034766385113221956,-0.040214477211796225,-0.0857945501005362,0.005391199825162104,,,,,,,,
22,resynth_bigvgan,0.21715817694369974,0.040214477211796246,0.03485254691689008,0.4932975871313673,0.1903485254691689,0.024128686327077747,-0.0482573726541555,-0.008042895442359248,0.002680965147453085,0.05361930294906164,0.002680965147453085,-0.002680965147453085,0.05093833780160856,cosyvoice3,False,0.0026809651474530983,0.09358288770053472,0.05093833780160856,-0.06166219839142089,-0.05630026809651473,-0.002680965147453085,-0.018666666666666665,0.013193484664460919,-0.05630026809651473,-0.10512129380053903,-0.01586886063325854,-0.0217983651226158,0.005333333333333336,-0.11229946524064169,-0.02089961739830856,0.008042895442359255,0.10080318447333708,-0.02139180800275265,0.09946906790713847
22,resynth_griffinlim,0.21715817694369974,0.0777479892761394,0.03753351206434316,0.4959785522788204,0.15281501340482573,0.01876675603217158,-0.0482573726541555,0.029490616621983913,0.005361930294906163,0.05630026809651473,-0.034852546916890076,-0.008042895442359251,0.026809651474530814,cosyvoice3,False,4.839878497975293e-17,0.0852182539682539,0.026809651474530814,-0.026809651474530814,-0.06434316353887398,0.029490616621983913,0.005420054200542007,0.05390835579514825,-0.026809651474530814,-0.08871565516042083,0.024573211717343973,,,,,,,,
22,resynth_glvocos,0.23324396782841822,0.08579088471849866,0.029490616621983913,0.4477211796246649,0.16621983914209115,0.03753351206434316,-0.03217158176943702,0.03753351206434317,-0.002680965147453085,0.008042895442359255,-0.02144772117962465,0.01072386058981233,0.02680965147453084,f5tts,True,4.14598910758457e-17,0.050267883457538624,-0.029490616621983913,0.02680965147453084,-0.02680965147453084,0.03753351206434317,0.016214036617262426,0.06133333333333334,0.02680965147453084,-0.029974799362725364,0.04827045053292355,,,,,,,,
22,resynth_encodec,0.28418230563002683,0.021447721179624665,0.064343163538874,0.5522788203753352,0.06702412868632708,0.010723860589812333,0.018766756032171594,-0.026809651474530828,0.032171581769437,0.11260053619302951,-0.12064343163538872,-0.0160857908847185,0.08042895442359252,cosyvoice3,False,0.005419687980663565,0.18612500000000004,0.08042895442359252,-0.13941018766756033,-0.12868632707774802,,,,,,,-0.045579470437314425,-0.008021390374331552,-0.22766930461857815,-0.06100392264185364,0.034644155844155804,0.19522662409732333,-0.02369050951847702,0.19035171709434448
22,resynth_dac,0.19571045576407506,0.03753351206434316,0.032171581769437,0.4906166219839142,0.20911528150134048,0.03485254691689008,-0.06970509383378018,-0.010723860589812333,0.0,0.05093833780160856,0.02144772117962468,0.008042895442359251,0.02949061662198388,cosyvoice3,False,0.0026245001442882334,0.08404390243902436,0.02949061662198388,-0.06166219839142089,-0.0428954423592493,,,,,,,-0.03261091695296766,0.008130081300813007,-0.1162162162162162,-0.02412707344697567,0.010443402792882936,0.10002732240437154,-0.038699245812505466,0.08922009775733172
22,resynth_hift3,0.24396782841823056,0.04825737265415549,0.045576407506702415,0.4906166219839142,0.1581769436997319,0.013404825737265416,-0.02144772117962468,0.0,0.013404825737265418,0.05093833780160856,-0.029490616621983906,-0.013404825737265416,0.03753351206434314,cosyvoice3,True,0.0026595744680851232,0.09214718098267936,0.03753351206434314,-0.05093833780160856,-0.06434316353887397,0.05093833780160856,0.002687812661721578,0.10161374619381619,0.03753351206434314,-0.02688353186679418,0.09679036879563731,,,,,,,,
22,resynth_s3vc3,0.2520107238605898,0.0160857908847185,0.04825737265415549,0.5281501340482574,0.13941018766756033,0.0160857908847185,-0.013404825737265424,-0.03217158176943699,0.016085790884718495,0.08847184986595175,-0.04825737265415547,-0.010723860589812333,0.07238605898123325,cosyvoice3,True,0.008042357815658529,0.1428571428571428,0.07238605898123325,-0.12064343163538874,-0.09919571045576409,0.08847184986595175,0.02438695680757349,0.1474629925913114,0.07238605898123325,-0.002606447944743953,0.14247329559962554,,,,,,,,
23,clean_real,0.2975871313672922,0.04289544235924933,0.02680965147453083,0.4262734584450402,0.1769436997319035,0.029490616621983913,,,,,,,,,,,,,,,,,,,,,,,,,,,,
23,resynth_vocos,0.32707774798927614,0.04825737265415549,0.02680965147453083,0.46112600536193027,0.13404825737265416,0.002680965147453083,0.029490616621983934,0.005361930294906163,0.0,0.03485254691689005,-0.04289544235924933,-0.026809651474530828,0.029490616621983885,cosyvoice3,False,0.00263157894736845,0.08377566367286707,0.029490616621983885,-0.029490616621983885,-0.061662198391420876,0.005361930294906163,-0.016086871919052146,0.029104398851739273,-0.029490616621983885,-0.08753897652237706,0.01666782729805014,,,,,,,,
23,resynth_bigvgan,0.26541554959785524,0.045576407506702415,0.021447721179624665,0.5013404825737265,0.1554959785522788,0.010723860589812333,-0.03217158176943696,0.002680965147453085,-0.005361930294906166,0.07506702412868632,-0.02144772117962468,-0.01876675603217158,0.07238605898123324,cosyvoice3,False,0.021062568597948823,0.1220403835515397,0.07238605898123324,-0.07238605898123324,-0.0938337801608579,-0.01876675603217158,-0.03785079600148093,-0.0026737967914438514,-0.0938337801608579,-0.1398509374432857,-0.05039787798408488,-0.01102157943067034,0.018568873807776963,-0.12737848123162088,-0.018764253798033984,0.031400744161421294,0.12336698840064345,0.018715329768270977,0.1267293946839401
23,resynth_griffinlim,0.3485254691689008,0.058981233243967826,0.01876675603217158,0.4128686327077748,0.16085790884718498,0.0,0.05093833780160861,0.016085790884718495,-0.008042895442359251,-0.013404825737265424,-0.01608579088471851,-0.029490616621983913,0.024128686327077747,f5tts,True,1.3877787807814457e-17,0.043366341020358426,-0.02949061662198392,0.024128686327077747,-0.04557640750670241,0.016085790884718495,-0.0027550111867038034,0.03485254691689008,0.024128686327077747,-0.03494859142683247,0.03897385509227613,,,,,,,,
23,resynth_glvocos,0.32439678284182305,0.058981233243967826,0.01876675603217158,0.42359249329758714,0.16621983914209115,0.00804289544235925,0.02680965147453085,0.016085790884718495,-0.008042895442359251,-0.002680965147453085,-0.01072386058981234,-0.021447721179624665,0.01876675603217158,f5tts,True,1.3877787807814457e-17,0.04349020544672717,-0.01876675603217158,0.01876675603217158,-0.03753351206434316,0.016085790884718495,-0.005435152825494613,0.038076643272851735,0.01876675603217158,-0.03533091292468523,0.03815499895200167,,,,,,,,
23,resynth_encodec,0.3941018766756032,0.01876675603217158,0.058981233243967826,0.4343163538873995,0.08847184986595175,0.005361930294906166,0.096514745308311,-0.02412868632707775,0.03217158176943699,0.008042895442359255,-0.08847184986595175,-0.024128686327077747,0.024128686327077736,xtts,False,0.0026453281400511224,0.06470321106293214,-0.024128686327077736,-0.05630026809651474,-0.05630026809651474,,,,,,,-0.04619565217391304,0.0,-0.10402803234501348,-0.026879918706218114,-0.050264550264550234,0.06889138767642297,-0.09551631690856983,0.042684010840108366
23,resynth_dac,0.24664879356568364,0.024128686327077747,0.021447721179624665,0.5388739946380697,0.1554959785522788,0.013404825737265416,-0.05093833780160856,-0.018766756032171584,-0.005361930294906166,0.11260053619302951,-0.02144772117962468,-0.016085790884718495,0.11796246648793568,cosyvoice3,False,0.05960066953610712,0.17067631578947373,0.11796246648793568,-0.1313672922252011,-0.12868632707774802,,,,,,,-0.03773839877613463,0.0,-0.18750418900804286,-0.07198571428571428,0.056429211469534,0.1684604880216771,0.06249576558265583,0.17158377833458738
23,resynth_hift3,0.32439678284182305,0.032171581769437,0.03485254691689008,0.4584450402144772,0.1447721179624665,0.005361930294906166,0.02680965147453085,-0.010723860589812333,0.008042895442359251,0.03217158176943696,-0.03217158176943699,-0.024128686327077747,0.024128686327077712,cosyvoice3,True,0.0026109660574412576,0.08744005057551446,0.024128686327077712,-0.042895442359249296,-0.05630026809651471,0.03217158176943696,-0.02925923028785985,0.08945576024909181,0.024128686327077712,-0.03978779840848805,0.0792382253447827,,,,,,,,
23,resynth_s3vc3,0.26273458445040215,0.01876675603217158,0.04825737265415549,0.5013404825737265,0.16085790884718498,0.00804289544235925,-0.03485254691689005,-0.02412868632707775,0.021447721179624662,0.07506702412868632,-0.01608579088471851,-0.021447721179624665,0.053619302949061656,cosyvoice3,True,0.00533333333333335,0.11024311819513126,0.053619302949061656,-0.09919571045576407,-0.09651474530831099,0.07506702412868632,0.024317820494291056,0.12328858937162583,0.053619302949061656,-0.0027249817602476795,0.11024482330794899,,,,,,,,
24,clean_real,0.27882037533512066,0.07506702412868632,0.032171581769437,0.30563002680965146,0.21179624664879357,0.09651474530831099,,,,,,,,,,,,,,,,,,,,,,,,,,,,
24,resynth_vocos,0.2949061662198391,0.128686327077748,0.029490616621983913,0.30294906166219837,0.19571045576407506,0.04825737265415549,0.016085790884718454,0.05361930294906167,-0.002680965147453085,-0.002680965147453085,-0.01608579088471851,-0.04825737265415549,0.056300268096514755,f5tts,True,0.005405405405405405,0.08465608465608465,-0.056300268096514755,0.056300268096514755,-0.10187667560321717,0.05361930294906167,0.0312390581232493,0.07672977879094899,0.056300268096514755,-0.0026957830225202094,0.08108284986557238,,,,,,,,
24,resynth_bigvgan,0.2520107238605898,0.08847184986595175,0.02680965147453083,0.3297587131367292,0.21179624664879357,0.09115281501340483,-0.02680965147453085,0.013404825737265424,-0.005361930294906166,0.024128686327077764,0.0,-0.005361930294906156,0.01072386058981234,cosyvoice3,False,6.938893903907228e-18,0.047758158454284924,0.01072386058981234,-0.01072386058981234,-0.02949061662198392,-0.005361930294906156,-0.02168021680216802,0.010753412746717667,-0.02949061662198392,-0.06400427807486632,-0.010692357751181271,-0.002702702702702703,0.027102112053729227,-0.04763500574492531,0.016129032258064516,-0.005305747126436766,0.05480206800256618,-0.03523035230352306,0.04521276595744679
24,resynth_griffinlim,0.2707774798927614,0.17158176943699732,0.0160857908847185,0.29222520107238603,0.2064343163538874,0.04289544235924933,-0.008042895442359255,0.096514745308311,-0.0160857908847185,-0.013404825737265424,-0.00536193029490617,-0.053619302949061656,0.10187667560321717,f5tts,True,0.03802077326721255,0.1409223101539526,-0.10991957104557643,0.10187667560321717,-0.15013404825737264,0.096514745308311,0.064343163538874,0.1326344445505779,0.10187667560321717,0.040206455707033295,0.1406022988505747,,,,,,,,
24,resynth_glvocos,0.24396782841823056,0.1554959785522788,0.02680965147453083,0.30294906166219837,0.21179624664879357,0.058981233243967826,-0.034852546916890104,0.08042895442359249,-0.005361930294906166,-0.002680965147453085,0.0,-0.03753351206434316,0.08042895442359249,f5tts,True,0.016126875970329465,0.11780508260460677,-0.08310991957104558,0.08042895442359249,-0.11796246648793565,0.08042895442359249,0.0434753151879345,0.12000802139037432,0.08042895442359249,0.015819597069597072,0.11518570245497803,,,,,,,,
24,resynth_encodec,0.24664879356568364,0.12332439678284182,0.04289544235924933,0.3914209115281501,0.14745308310991956,0.04825737265415549,-0.03217158176943702,0.0482573726541555,0.010723860589812333,0.08579088471849866,-0.06434316353887401,-0.04825737265415549,0.03753351206434316,cosyvoice3,False,0.002666312997347452,0.11562280855539969,0.03753351206434316,-0.03753351206434316,-0.13404825737265416,,,,,,,0.002666666666666678,0.09603902439024387,-0.11957608695652172,0.0321781030360119,0.040647659854976925,0.13316124422461792,-0.03760053619302951,0.11083345607187567
24,resynth_dac,0.24128686327077747,0.08579088471849866,0.02680965147453083,0.353887399463807,0.2064343163538874,0.08579088471849866,-0.03753351206434319,0.01072386058981234,-0.005361930294906166,0.04825737265415553,-0.00536193029490617,-0.010723860589812326,0.03753351206434319,cosyvoice3,False,0.0026807859385528277,0.07692307692307694,0.03753351206434319,-0.03753351206434319,-0.058981233243967854,,,,,,,-0.005334048257372656,0.029649595687331526,-0.07713994490358124,-0.0026455026455026445,0.01582905698792928,0.08743169398907102,-0.0052496891835888924,0.07775846744181003
24,resynth_hift3,0.26541554959785524,0.10187667560321716,0.03485254691689008,0.35656836461126007,0.20107238605898123,0.040214477211796246,-0.013404825737265424,0.026809651474530835,0.002680965147453085,0.05093833780160861,-0.01072386058981234,-0.05630026809651474,0.024128686327077778,cosyvoice3,True,0.002545691906005213,0.07693333333333333,0.024128686327077778,-0.024128686327077778,-0.10723860589812335,0.05093833780160861,0.007811573956481236,0.09733061828952237,0.024128686327077778,-0.027253570680001213,0.07468679245283019,,,,,,,,
24,resynth_s3vc3,0.21447721179624665,0.064343163538874,0.03753351206434316,0.4343163538873995,0.2064343163538874,0.04289544235924933,-0.06434316353887401,-0.010723860589812326,0.005361930294906163,0.12868632707774802,-0.00536193029490617,-0.053619302949061656,0.12332439678284185,cosyvoice3,True,0.0461832339878448,0.17427444578973156,0.12332439678284185,-0.13941018766756036,-0.18230563002680966,0.12868632707774802,0.07406918792143066,0.18062979755068548,0.12332439678284185,0.04335169158143193,0.17309210526315788,,,,,,,,
